6311.97,6890.05,4242.65,7961.51,4969.61,5866.74
3578.64,2281.36,2289.96,1553.79,4104.68,9861.18
5081.12,1208.87,5409.60,9171.12,5796.55,5180.78
3350.70,7815.56,8541.33,1020.70,230.11,6534.90
18.78,8086.42,3996.93,5328.90,1031.24,9298.28
3909.18,8896.57,1494.10,5243.65,8016.13,4938.70
4769.90,2044.70,5451.69,3329.77,8965.75,4712.56
1501.76,6306.40,9431.30,4756.23,3102.23,540.78
4260.60,1131.11,2133.19,633.10,8857.87,6410.90
8594.35,8549.30,3525.86,9663.53,9497.35,7382.63
5855.10,5313.78,1889.62,9618.80,5493.24,3981.02
4440.14,3612.47,2793.42,6981.07,1648.18,3584.05
9402.81,8752.77,1212.03,2038.81,3088.77,9436.15
6409.11,6064.14,596.77,354.24,3030.91,2029.61
3450.93,1000.86,373.69,6973.79,1662.33,1146.28
1179.82,4932.44,7144.23,1000.64,7653.05,9772.12
6410.25,4262.45,7704.72,2775.89,3332.98,951.86
2592.20,5608.67,4107.15,9777.56,2864.01,7727.87
6715.72,8332.39,5851.49,4111.19,9184.88,203.58
1295.42,748.69,4601.17,3934.97,7894.45,9996.36
5885.75,2168.91,5083.49,6789.83,1322.00,9741.24
5478.20,3922.28,7342.48,9308.53,516.51,9297.53
766.21,7296.08,4247.89,2583.57,8643.62,9198.77
1.04,8103.41,5112.59,816.53,3080.70,1367.92
2138.01,6583.86,6840.40,55.27,234.91,38.86
8656.78,1602.24,1948.77,3252.38,4587.88,2985.12
7792.50,1332.02,4500.57,1896.32,2185.83,8533.83
5686.14,2530.35,304.05,666.26,4254.71,5156.46
9297.05,9954.83,8101.91,7514.81,7134.47,8813.22
3405.48,9619.37,145.17,2474.34,5462.43,6016.91
1535.43,584.05,4417.20,2448.74,4743.46,6468.70
2124.37,1882.61,3927.06,5044.22,8569.93,1161.38
6605.42,4902.53,1780.12,9188.61,7766.43,5630.15
7849.14,8154.54,619.38,5489.94,2550.21,9248.48
1424.08,1387.25,3621.07,6304.01,1606.50,9117.66
4748.57,8005.74,3559.54,1370.47,3606.33,9588.99
2729.55,3144.45,1884.08,452.67,7399.96,3304.15
8144.50,4202.26,689.27,2397.13,3243.58,6193.46
8952.19,1716.76,7993.18,9239.51,6934.66,8116.86
5283.63,8169.81,3309.69,9990.28,159.43,5214.41
581.67,2430.32,9872.19,6209.74,4823.91,7707.08
1386.66,645.08,3687.16,665.38,250.97,7349.42
2632.19,7548.47,8273.48,8680.64,550.73,1485.86
8486.97,9832.09,6985.96,3376.37,8772.76,6845.61
6366.77,9607.29,335.84,3.94,2981.38,8304.72
4169.42,1075.63,4292.38,6685.49,6286.07,2683.82
2086.30,4703.93,5472.07,588.61,6846.18,8058.77
1337.86,2480.45,6736.04,7639.49,7518.06,1662.60
2480.02,531.76,2174.80,5306.13,8997.83,5679.24
6281.99,8033.14,985.78,7654.78,5535.83,2036.87
4855.16,6351.37,1991.66,3098.04,6422.56,6087.96
3120.58,5841.80,1234.05,655.62,4184.03,8520.85
9326.73,3538.29,1531.99,8231.89,8580.53,8308.39
1858.18,6979.72,6914.10,1716.53,1030.12,6802.99
2558.93,503.57,7062.87,6832.03,8136.41,4138.10
5775.09,1988.45,481.44,5699.22,163.29,5993.09
9774.18,3407.00,3355.84,2018.95,117.37,6047.88
403.77,3815.18,3063.58,1841.61,5643.90,4230.16
457.26,5934.42,7755.37,4855.70,5357.23,9716.10
1680.68,9516.39,2562.48,2407.16,3650.40,8328.31
3877.96,3013.37,6102.53,757.16,9850.02,6452.09
1199.16,6885.38,9023.53,2331.75,6917.38,5809.10
4064.56,6049.81,8670.07,6167.52,138.53,5253.56
3342.47,4805.60,1491.23,1779.35,1837.71,9921.88
2521.89,7309.51,3037.98,6909.55,2862.31,7429.43
8574.18,5822.59,1417.61,3336.37,30.89,7357.79
7569.00,3583.38,1875.98,4934.69,9980.19,6950.90
7723.11,8153.97,3807.69,6640.35,354.15,4424.85
664.00,4203.50,8619.74,6491.56,1671.95,4138.45
4643.96,3211.76,1396.04,1154.33,5007.68,5568.15
8686.31,2679.08,6796.37,4632.66,2202.73,8569.80
3445.68,1725.52,8905.51,4564.37,7247.47,9309.80
2257.20,2020.89,1974.48,6573.75,7666.17,9168.85
4898.45,7744.95,6801.27,7810.62,8217.40,8072.83
986.56,4918.18,8118.06,3534.03,5822.60,6405.01
8631.08,1333.87,6473.00,5919.05,1903.79,61.34
4792.93,3714.18,9385.36,3132.13,7110.58,5409.49
2756.42,6909.82,7131.18,7328.90,2416.67,5178.16
3422.23,7276.44,6371.54,8060.49,3607.25,7197.26
9609.90,815.49,545.29,1387.23,5957.07,2840.29
4874.78,1419.90,8390.96,4660.98,5784.52,7508.06
8456.85,8965.94,7055.74,7448.62,4173.90,7793.27
5524.34,691.05,861.20,5731.00,4748.83,116.17
1043.54,3639.77,6496.71,3620.58,3159.43,9966.13
9934.10,5226.41,8780.58,5327.32,472.66,726.24
6040.10,3433.67,5664.24,3303.32,4936.39,8468.49
4172.61,5635.91,3931.05,5010.70,1185.01,7551.63
7179.06,6752.63,7545.56,1935.10,1334.30,1617.97
2519.52,3497.56,1263.54,9158.96,6463.05,2955.31
8028.28,2098.35,5768.40,7124.13,9126.36,9995.69
3296.91,4860.99,7238.65,9906.59,8784.81,4276.34
3797.02,1945.78,1620.22,6793.31,3572.36,105.94
8774.65,7016.06,1995.49,4464.15,9251.45,3761.86
8956.84,4623.28,3934.08,8489.39,5362.29,6114.80
7868.36,9536.21,2249.01,9062.64,5372.46,9591.81
414.16,6481.19,2896.65,1252.17,3383.99,8138.72
3497.30,2164.29,6301.45,9969.75,2171.80,8166.13
426.67,9766.45,8015.58,5057.01,3605.71,2671.84
8105.94,7879.69,5143.90,1290.33,2251.77,6583.90
3130.40,4779.49,969.26,627.40,4089.43,7228.85
3701.33,5638.85,2659.39,278.45,9397.69,953.93
2477.45,360.62,1004.03,3956.05,203.28,5352.08
1022.44,6924.17,3547.57,7130.18,5866.39,2898.83
5387.93,6695.48,157.52,4321.68,8705.94,7580.97
687.72,2008.52,6394.21,50.64,2264.79,8420.93
2427.10,5407.30,2888.31,360.21,9198.21,1285.54
9795.13,7495.90,2458.78,9862.05,4136.43,6168.03
595.63,1468.45,4796.85,2470.58,3869.64,5829.20
6630.43,4421.63,6432.01,5091.67,4722.70,7682.04
8712.73,9045.33,627.58,6472.92,1966.51,5678.63
838.02,4473.94,561.32,9535.89,4747.87,3393.97
8671.66,5575.49,4106.26,1900.72,5397.31,9603.86
8729.87,5789.20,2507.42,148.74,839.72,2558.44
5950.37,4807.41,8107.51,9841.55,2785.00,2306.72
714.56,2061.43,152.92,7871.85,4220.95,3074.08
8992.54,4566.22,8675.21,1036.84,2578.74,1803.64
8903.77,6302.96,7121.34,5101.36,223.54,4594.33
8812.67,9085.40,5607.24,7072.18,97.96,8377.19
9228.49,5913.59,595.71,6744.81,3740.02,5934.67
2597.87,3186.80,5807.80,8142.02,4082.73,3966.35
3033.97,6880.09,9390.57,3878.95,7367.65,1645.24
2694.56,1068.54,6467.34,4140.55,5835.78,5370.11
5030.03,8069.01,4105.25,6519.49,7137.99,6377.89
629.74,7623.45,9319.16,9247.90,4560.41,398.50
7761.66,2217.05,1335.72,5692.46,73.08,3125.91
1815.85,8857.60,706.40,415.40,6433.16,4506.52
2328.76,2416.51,5015.65,980.20,2054.17,7878.90
765.93,8513.05,9092.88,6344.23,5647.74,1356.10
9171.22,4351.25,4275.41,4159.33,8477.58,2542.96
7353.70,2503.04,9592.22,8392.04,5178.09,3160.82
7480.78,3911.58,8556.20,5466.83,2209.60,9108.07
8903.10,8481.43,40.99,1310.13,7007.77,5772.72
7398.42,6194.65,5931.81,1947.17,5191.02,2991.93
2049.02,5535.77,3167.05,6780.82,1016.89,5099.49
855.76,2755.45,1268.52,884.56,5815.77,4191.86
5074.72,7432.52,2960.03,7433.33,3121.49,1050.45
1577.15,429.44,349.22,6615.78,223.41,7478.70
8126.60,1318.06,8775.51,4296.03,8451.12,1312.42
5874.12,7723.04,2527.66,4703.04,11.48,5532.20
8983.89,2406.20,2860.99,2604.81,3974.79,5378.03
7912.80,6522.05,3709.30,4613.42,2785.30,5768.28
2680.53,7584.46,9263.17,6332.72,220.20,9562.00
6388.91,2817.19,319.03,5297.65,60.04,773.99
1833.73,2419.99,2509.86,6223.03,6860.55,9306.87
5454.91,4062.17,5964.65,3549.68,6559.09,2126.52
9275.84,5744.12,7070.55,4024.60,6254.28,6469.30
7883.50,9525.08,4134.35,8627.47,8885.02,9896.78
7775.30,4526.05,5268.50,1747.68,798.18,6429.03
6898.93,6440.55,1717.91,7547.77,7569.20,2778.43
7771.52,2605.75,4648.97,8250.14,6033.44,2337.80
5859.98,7744.80,8498.96,883.25,4221.22,9563.41
4850.48,679.37,9034.55,571.87,6726.34,6146.93
3410.44,2198.16,1807.78,5848.21,511.55,9448.50
7594.09,1275.99,6970.69,9075.17,2772.19,3399.21
3739.03,8606.17,8078.45,4719.91,5491.87,1941.52
4288.20,5611.80,8217.42,8734.88,2368.48,9100.39
3842.48,5677.49,7721.65,5016.52,6656.12,2523.18
80.74,9756.81,8472.13,3357.76,9881.65,1821.34
2762.48,1398.04,171.14,5933.92,7875.40,1771.86
7415.47,9572.89,4159.85,7971.99,3747.20,9201.70
1276.99,8322.21,422.82,2733.66,6699.77,3409.56
6635.33,346.75,2199.49,2807.56,9256.06,6144.11
9637.51,5480.29,8303.58,640.61,1667.34,8314.62
9024.82,6456.60,4346.23,3764.69,5969.20,4955.77
2353.58,1127.08,7833.50,9275.52,9111.11,4350.61
3762.14,4861.18,5889.12,2271.84,929.85,2241.75
9154.25,115.04,6624.71,9858.62,1753.60,9167.44
5620.12,84.30,3713.63,5103.35,3680.01,8120.45
8339.43,1501.09,4993.73,6918.28,6021.48,2383.29
4716.25,7882.84,5884.36,6297.78,2119.99,1957.51
5817.64,7716.29,6126.80,5877.55,4545.45,6567.98
4638.13,7859.37,1976.57,2527.44,3990.95,3062.43
8180.29,1801.87,6289.49,7615.65,7565.72,3615.86
6541.64,5098.62,3811.40,8485.87,26.11,7729.40
6459.29,7067.06,9427.98,662.52,1531.33,3281.92
5354.22,1853.23,5966.03,3829.05,132.48,8758.00
2124.14,9906.77,3266.10,7636.25,24.66,6802.08
8797.22,3838.29,6806.48,7777.00,7140.26,6246.97
674.78,4412.03,9548.44,6020.43,7436.82,2201.76
8471.11,4124.13,1695.34,395.88,2324.79,2226.48
3392.73,5235.25,6900.65,8198.15,9168.13,7776.15
8339.57,7697.22,7453.70,5567.16,6819.32,6180.10
9256.64,5498.29,7435.31,5751.61,6722.03,7323.92
98.70,6633.97,7308.28,7036.30,4148.61,7783.18
3739.56,4645.46,7965.76,2438.66,1434.24,4913.66
2011.07,2541.43,601.42,2627.98,7677.49,3074.52
8128.24,2744.50,772.98,5553.97,8534.24,5374.23
8506.69,9740.74,7111.19,8084.84,9350.27,9798.56
539.31,7991.77,5204.71,3217.00,713.07,2198.31
7261.86,9993.28,1786.96,8449.54,4692.87,5540.63
3148.20,6105.71,5841.91,7178.50,7190.84,5202.59
1103.18,3600.96,1856.96,2552.50,7600.90,8857.26
6027.90,763.02,6654.26,1434.52,9592.72,6740.69
3448.81,67.85,2234.67,8023.39,6228.69,8801.08
1282.77,8073.96,250.26,6870.78,5898.39,1371.95
380.98,3917.78,456.75,8399.47,2512.59,4233.14
9724.57,4562.28,6270.49,8303.43,3740.75,4323.11
721.19,5169.80,9571.72,7946.08,8639.61,7122.40
6316.93,397.14,7114.77,2188.97,2322.03,1948.90
7041.31,520.80,4456.33,6296.14,5633.37,6123.78
3105.95,8875.69,976.43,8444.70,228.20,8117.02
4224.42,2255.44,1627.78,9195.53,1108.32,9347.13
8531.09,9604.16,7950.04,8523.28,5690.12,9138.90
3554.22,3770.51,3299.77,7192.44,2588.34,5710.70
3289.27,7630.40,2104.35,9193.85,7.10,5375.39
5296.04,1385.78,231.37,1878.21,4510.25,8400.70
5674.57,1456.53,8236.68,6703.15,1316.75,7585.41
2853.37,3949.80,7159.86,4697.04,375.01,4412.09
5130.40,8975.83,4709.06,4076.88,8464.17,4252.76
918.49,6858.35,9542.28,4152.40,8729.62,7353.90
2013.54,6135.21,8531.06,3784.90,7820.49,501.30
1328.39,1612.23,2108.56,248.96,5933.67,6781.15
8639.31,8189.36,4399.51,7069.60,956.21,8589.45
3317.31,2476.28,4928.18,3052.70,4102.69,446.23
3811.92,6838.90,2569.31,9174.16,9525.87,2752.95
4062.67,4905.90,344.92,7551.25,1021.52,2749.48
8282.49,3481.49,8736.67,8080.13,2077.11,8729.01
1339.01,3981.95,6485.57,4518.52,5657.84,6492.33
1255.97,2584.75,3975.94,3438.05,879.65,1098.88
7311.31,7382.90,2203.76,8350.37,221.76,2420.44
5865.46,4871.64,4153.17,368.61,3270.77,6502.43
7758.38,7215.17,7789.37,5437.44,9881.48,6485.74
6574.89,8216.38,9252.30,3093.55,3545.33,8427.21
8350.17,9787.66,8711.99,8295.82,7796.43,4243.55
4942.58,8629.06,3183.32,7517.88,1126.02,3297.76
1691.32,17.27,3031.79,2844.84,5904.78,4385.01
270.02,9954.21,5085.30,6439.63,5951.45,1438.74
7076.14,405.98,2821.01,9730.68,4465.45,3417.49
3224.40,3022.22,8131.84,2476.78,9689.64,6679.75
3714.00,887.55,9903.04,2220.64,1396.53,5084.42
3097.91,1007.43,2263.40,4495.62,7884.77,5416.34
1276.58,2614.13,8395.33,9157.91,6628.77,7336.53
2605.77,6867.98,2070.87,1841.74,1825.23,7901.37
1638.87,6975.33,4524.14,5827.65,8782.09,132.05
9958.01,2269.15,6686.49,7886.03,5132.80,2300.10
6423.82,9489.95,3688.06,3428.52,452.06,9815.51
2170.71,4869.52,6630.69,897.95,7302.69,2382.71
2082.82,3396.75,2758.11,9446.60,4715.34,4140.27
6605.87,147.81,844.67,1149.01,4663.19,2307.97
8311.17,1876.42,105.94,5297.18,5411.74,1025.11
6111.26,4159.57,5436.87,7949.60,8776.67,1382.10
5169.56,6286.99,6607.69,7864.70,6977.66,1212.28
2354.82,6547.65,5134.18,1154.18,2554.04,6292.82
9260.14,1115.67,4384.72,4959.45,7814.51,9690.40
7647.65,5656.29,8227.04,6289.46,5607.65,112.31
9410.09,7787.14,6029.55,3995.69,397.66,8319.14
659.72,5876.05,5992.23,5585.34,7963.61,6866.00
3869.83,7821.95,5640.87,2633.05,7868.67,2701.49
4715.87,9507.61,3490.03,7442.79,9826.85,2841.78
7236.40,9476.41,7044.72,2360.65,7037.50,3886.47
6242.37,3942.27,4176.30,8789.75,6095.58,3902.76
5533.79,2399.41,3990.18,4205.70,2834.68,9772.14
7321.61,3355.88,2974.76,5864.77,4080.90,1454.69
8138.26,4812.49,4479.65,3310.45,6663.40,339.05
3147.25,9894.20,9129.58,1326.32,8216.36,7969.53
5147.86,6313.06,1884.07,5482.20,4360.78,9155.56
5060.70,6797.61,6143.28,1469.92,1313.80,1494.64
287.84,9544.65,5421.93,9775.12,9232.30,330.05
1564.93,5113.11,9635.50,2103.98,9433.78,8703.25
4550.37,2600.23,9672.28,2243.16,3740.33,8126.38
2380.94,4445.26,1285.17,6667.23,3258.75,281.44
8811.84,7860.86,2067.96,4437.10,4575.76,3613.00
2349.26,9461.86,55.53,2083.18,7945.68,672.64
5222.28,2857.58,5187.85,7251.29,4511.86,3092.12
5731.62,4459.45,8825.75,4632.27,4681.70,6430.08
2870.48,1864.75,1559.66,2268.91,7550.18,6923.33
8784.24,2910.94,1121.33,7217.41,6163.65,839.44
6390.94,6290.70,2062.98,8865.72,2489.83,569.39
7269.66,9428.53,3442.59,3333.50,1437.12,8770.51
1992.64,7644.95,2751.04,3301.29,3943.12,9805.48
6659.08,8977.27,8612.25,3579.62,1488.24,1632.65
2133.77,3199.70,9450.66,7071.76,6470.82,4294.86
7722.81,9877.03,5747.44,3373.89,567.25,7217.27
8486.87,3474.00,2348.30,7434.60,1497.77,4523.83
4751.50,5391.94,4873.85,1452.78,2039.63,6071.78
1447.29,2229.52,3933.02,7944.36,2358.66,6064.94
2385.14,8321.41,5246.87,1238.46,3139.25,4836.66
6944.83,6207.50,581.18,7223.09,4715.80,2540.67
3080.77,8016.44,2545.74,2434.73,7035.33,3466.14
2585.17,7232.68,6943.22,627.38,7703.73,1397.87
6007.82,1614.12,8098.31,8526.05,493.90,9655.11
7629.33,9598.32,9215.48,2661.30,1998.86,9521.93
8483.20,8137.83,3984.01,3710.18,9847.86,2363.81
2528.97,9699.79,2905.08,1730.35,1564.34,7664.73
4226.74,6878.05,1224.18,7397.07,5685.42,4160.81
6681.49,363.37,3962.27,1460.75,2359.31,8567.27
7421.40,175.97,4103.53,9473.66,8973.16,5437.91
9330.83,8737.49,3283.38,1555.56,4418.30,4289.99
5018.10,6028.18,7371.03,6329.82,7328.06,4675.65
6944.59,9321.95,8479.24,2626.00,4371.13,6306.90
4212.25,7942.60,4337.65,6621.16,9972.63,4393.22
254.26,5552.33,1790.84,511.55,5081.41,3154.42
6722.99,2089.82,2030.31,5857.97,7739.56,2846.87
5800.54,7149.52,5974.74,1729.11,9136.57,2146.12
254.67,6328.83,7864.30,6443.81,1583.53,938.86
4855.76,2792.38,4563.67,2038.71,5527.00,2366.00
1526.43,5533.57,3250.31,6135.85,9363.59,4284.69
2805.57,6558.01,1691.00,1755.42,3403.39,8925.14
8208.99,4935.11,1677.69,4729.94,998.31,1822.87
2695.56,2712.21,7622.33,2749.56,9354.03,9186.48
267.15,1645.39,1357.80,6249.26,4202.92,6288.29
7587.82,9741.64,9170.47,3056.54,137.75,6896.77
3829.36,5682.65,5141.60,7660.95,4149.44,4469.99
2683.23,3641.59,5301.82,380.47,7770.79,4691.86
4050.02,1669.58,8479.23,3239.49,9857.42,9039.17
539.62,6782.59,7223.47,195.25,9291.26,1116.62
2154.84,1437.92,8503.88,9075.51,4570.26,1289.54
373.69,7818.91,5615.94,47.25,4835.97,6862.57
8418.89,4645.08,637.11,5671.48,6758.48,3804.36
7941.51,9073.00,7125.81,4727.86,7948.19,6538.86
7070.50,9604.92,9841.38,7695.70,6056.38,6860.74
2784.44,610.54,7195.56,5084.08,3715.42,3785.48
393.79,5551.19,2999.63,1132.99,1631.22,9895.04
3749.83,2932.01,8522.86,7164.86,7069.22,4742.50
7215.39,8705.04,2611.61,2586.13,1912.60,4633.93
5001.38,6409.04,9600.34,5436.97,7558.08,980.97
4812.28,7451.81,5068.70,3372.48,1114.54,662.05
1498.47,115.37,5059.07,19.04,706.19,9731.21
7696.83,1331.74,2281.02,9186.17,1665.09,1070.77
1897.25,1640.62,7091.10,1886.60,7302.64,2753.69
1669.17,6103.93,6916.65,2129.10,8299.04,9061.31
1544.93,6195.47,8661.41,9202.89,9369.69,6428.39
3967.72,1499.19,9911.51,5969.94,4646.45,8280.47
343.01,20.18,4223.94,3432.83,2242.23,1897.62
7928.85,2061.35,4272.17,668.22,5755.95,5300.25
1557.64,8109.18,4117.41,3105.81,1896.79,3980.45
6543.98,1689.35,6354.71,5847.04,5439.29,6456.04
6899.68,4426.99,2609.33,764.95,4385.92,1303.42
6824.00,4369.29,2936.32,6050.67,1858.21,8149.25
9288.78,9720.09,6684.36,698.33,85.03,9941.20
5396.22,6627.29,9552.70,3242.04,8898.96,3104.58
8957.84,7366.75,5484.44,5983.14,273.53,5958.23
7862.29,6308.97,9828.01,3083.78,8099.52,6427.20
2520.86,7026.48,7286.94,3517.32,1034.89,2593.72
36.38,3024.12,2526.32,2889.50,4204.66,6900.41
8822.93,6952.62,7603.15,4109.77,5162.32,4136.92
4667.48,9960.65,381.63,8417.64,3325.54,4460.93
6662.92,593.02,6791.71,1403.35,416.03,8074.86
6390.68,5729.70,7729.67,7289.71,7780.74,3031.75
409.77,5828.26,5044.55,1092.28,1595.21,9934.58
2108.63,5171.56,2531.62,4134.62,5589.90,8600.92
3671.99,735.46,8367.33,6452.68,9751.12,5025.16
8256.17,2382.08,5569.24,725.03,8022.60,1277.73
8577.06,2282.80,7642.72,2218.72,4231.10,4955.45
2139.59,6072.05,5404.13,1649.79,1803.39,5051.74
5984.23,116.84,7783.51,6628.81,3505.11,6844.34
7967.55,8074.48,2382.54,3369.97,6948.80,3146.34
1174.17,7618.41,5945.37,7370.43,4031.20,7555.16
5568.28,8146.19,1587.68,9605.77,7286.93,5210.22
1433.84,5179.20,4461.45,1910.14,6206.41,5369.39
5460.97,24.24,4954.81,3056.21,9138.20,7786.30
1300.91,8579.33,1732.06,6207.95,1462.50,7599.62
2307.90,2304.07,1852.19,1961.51,9953.12,4609.10
9448.74,1632.27,4950.51,2819.67,7415.89,4371.97
5533.80,2860.82,6613.33,2903.20,1403.27,8521.98
5858.86,7468.84,1487.42,8459.54,4952.58,921.17
5720.22,8183.28,3787.08,2058.97,7208.55,1630.46
3681.15,5281.17,3265.30,8965.40,8135.43,9662.81
7883.64,4422.99,4849.02,2952.34,3206.64,8985.90
1804.39,7204.22,1797.06,7459.67,8658.71,9220.69
6156.53,5201.77,5535.29,5420.63,2372.66,426.94
7894.17,22.10,9207.02,2266.97,1792.07,5261.39
3175.98,1027.86,785.97,3764.93,2905.46,6272.83
8686.79,6031.53,3437.50,649.76,3653.72,120.57
176.53,2514.99,3295.08,9484.81,2118.40,4596.37
7412.43,8579.52,8047.42,4361.66,4986.56,8752.42
6575.85,5494.51,4592.89,233.27,7650.96,4895.51
7021.94,2126.22,7820.24,2798.79,3161.09,4434.64
8294.20,9621.23,7945.15,7885.31,7111.23,1904.06
8452.04,1472.95,1547.75,2250.18,9223.26,5883.46
1636.12,6171.62,2058.42,9395.66,3328.77,3666.97
9784.72,7274.77,4701.12,2299.53,1565.95,3088.91
2134.22,4353.35,5319.21,7300.90,5505.69,1639.96
1480.50,188.07,3090.43,7130.31,5421.54,9653.15
5377.08,7892.77,8080.38,4014.49,967.44,5432.21
1471.71,4523.58,101.79,2616.18,9139.72,5533.87
7441.88,1107.49,4452.59,4640.03,6626.03,7465.14
2159.38,5399.38,9942.19,8015.56,113.77,5318.19
6784.03,4894.22,9463.20,1282.53,8387.57,8752.82
2271.53,5563.16,9201.46,9680.21,1350.11,3969.14
3313.61,3137.03,6163.42,4330.45,9665.32,7256.66
628.39,7303.55,3650.96,7762.01,8548.76,6480.91
5520.27,9219.44,4810.20,2900.92,4605.25,1946.45
6192.19,4944.32,2747.51,453.85,1272.23,6395.52
1283.09,9329.31,8776.08,3537.41,7417.71,9957.12
2777.20,9922.75,9966.06,7174.99,4262.27,8792.07
8087.09,275.83,799.76,3081.21,8070.96,3264.66
4766.73,9304.11,2463.47,8935.00,5478.83,5075.69
3705.74,4977.01,9403.52,5800.09,5385.35,5668.12
4921.72,2442.45,628.92,237.82,9780.51,138.55
3824.55,9343.59,4815.00,2875.88,9386.58,8813.08
224.85,716.11,2086.50,6285.76,2871.93,3602.83
8978.13,488.05,6463.51,4636.21,6230.03,5223.80
6880.66,3293.65,5837.76,4031.86,528.53,8068.65
781.25,5542.58,3015.72,3230.27,584.25,1952.37
5300.42,4993.18,2957.73,6800.35,905.48,1810.96
9320.63,2659.48,3636.52,6343.16,9176.80,7250.79
5941.05,8598.29,3536.65,6546.62,3674.73,1281.69
1819.19,2706.38,461.40,1864.16,8655.79,2944.69
6817.32,216.97,6003.17,728.65,3541.91,7286.85
4424.99,6828.99,982.96,4082.75,4362.24,5525.85
1720.88,4392.62,6080.37,952.33,1765.45,4664.24
5579.29,3951.25,3080.87,6200.15,8764.32,2767.44
6400.03,8742.85,716.68,7106.87,1794.32,3293.65
4925.94,1406.13,8194.54,9057.45,2940.18,1997.36
4828.22,7963.37,4048.68,9507.88,3941.09,7825.24
5870.54,4400.41,1692.17,7595.80,5754.64,2124.08
7551.51,7899.40,9989.39,7931.18,4643.05,6728.88
1086.59,9723.22,1116.97,1849.50,3789.37,1757.54
9559.37,8866.03,9273.06,6623.94,6756.67,6025.29
4020.20,1775.14,8770.77,2382.37,5870.62,8368.31
7079.99,2442.76,9811.23,5597.23,356.42,2454.13
8411.40,9935.31,1674.94,9206.13,7823.66,8085.36
5491.78,1484.26,677.81,6618.33,8392.90,5571.28
9638.43,4265.92,1087.57,2085.04,1586.56,4604.97
5484.32,7269.02,5624.93,5264.81,3973.45,5931.45
6147.25,285.50,9519.68,5049.51,9877.02,8930.15
5148.03,7111.18,1519.16,831.84,9114.37,3227.96
5922.31,9260.10,3653.85,7093.40,4696.02,1064.58
4506.80,6251.27,2628.92,7420.01,2586.00,2731.73
813.11,6058.98,889.85,3677.28,8132.32,5113.72
6136.94,8788.40,8145.78,8287.99,818.31,2128.94
3488.29,1609.17,1729.05,9838.71,1499.75,7105.58
7371.50,230.94,8586.80,5222.90,8554.26,2076.78
4906.70,4815.86,6584.76,8547.96,823.58,9349.72
4053.50,4323.71,5038.94,1982.40,9393.90,4189.89
8416.34,7409.57,1691.75,5096.41,1249.91,7138.43
111.13,5391.75,1727.71,3217.73,82.02,296.39
7579.14,8467.85,327.63,3875.35,8432.38,4327.25
6576.77,7321.61,5026.42,244.97,9440.99,9887.76
4823.13,5598.88,1493.19,6307.58,4296.44,4560.79
3629.90,2999.70,7443.59,4244.60,1539.10,2825.70
855.99,4112.46,5446.46,934.49,5590.22,4665.60
726.69,8262.38,5230.34,5240.09,5718.02,7353.79
2847.45,4826.88,4332.62,29.57,2584.31,5694.29
1859.82,780.48,7293.48,9808.04,5315.03,207.58
4096.27,2884.59,1682.89,6557.71,913.33,1715.17
956.01,4220.54,8594.84,9519.36,1117.42,7890.74
5545.33,5478.29,774.94,8518.30,7245.66,292.86
6268.40,698.67,3325.91,1870.71,3995.03,8828.40
2452.91,3948.73,8068.69,8091.55,2944.57,4300.22
628.46,4841.94,5597.80,4491.29,6407.00,971.98
1642.17,9807.42,9237.21,317.05,8745.20,9492.19
1286.17,2475.70,3058.52,6372.02,6049.36,5640.99
9232.97,261.30,9636.01,6022.99,6018.43,1413.73
6077.46,1060.52,3075.46,9423.32,2462.27,8591.23
9835.17,8283.14,5221.74,9547.71,1573.78,2711.45
4184.59,4297.57,3029.50,6858.46,1595.40,2452.33
2938.43,7333.98,1325.47,6124.34,5764.19,6783.26
3272.20,9538.58,9741.54,9611.90,4001.97,25.46
2236.03,7226.52,9299.12,855.49,4741.79,3265.55
50.90,3756.51,7946.63,9828.54,6607.51,1000.39
2884.21,5249.15,8257.79,7360.20,9424.49,3732.91
2060.32,291.58,5138.61,5703.65,3588.39,9299.03
8047.89,2251.34,3391.47,254.36,7071.93,3712.00
3615.77,6339.17,4153.92,9457.70,3269.98,2053.49
9250.84,7870.46,7694.78,2212.03,9818.50,6938.44
5073.18,4753.63,4264.50,9806.30,7568.25,2995.63
7471.04,6718.25,8628.37,6968.13,5064.34,2671.19
3429.39,2136.20,5686.26,9452.75,2608.07,1716.16
4135.73,4695.36,3042.07,4571.73,6080.13,6777.33
5477.91,9761.71,8595.80,4270.13,9088.71,926.03
5594.93,6949.77,7928.40,9623.29,1954.54,6911.85
1370.75,4097.98,8937.44,2461.05,151.16,6331.46
461.47,5486.66,9707.75,6537.69,1820.13,9073.24
3460.41,9092.51,2364.05,1360.04,5807.26,6745.72
1898.52,3394.43,1483.13,2251.34,3860.84,2804.27
6302.55,3260.26,186.66,4596.53,3525.65,1666.96
5946.81,5455.32,8344.29,8172.74,3474.72,838.72
1772.33,7081.82,1662.04,1637.41,5417.14,4636.12
3940.38,9347.08,1584.50,7867.19,5319.28,2137.30
2259.05,9343.06,7662.61,8963.70,3852.54,4055.27
1594.42,2861.91,4839.13,7359.57,3307.83,7798.33
7847.24,7417.85,2617.77,3506.72,6618.44,7045.33
6399.21,2144.92,9774.69,8031.14,3840.77,5656.87
9270.35,121.39,7308.27,6479.28,4740.74,5159.03
5903.04,6986.93,414.73,8984.02,790.06,6668.79
4927.57,5433.82,430.71,6258.13,6893.35,715.43
728.07,5718.83,1941.79,228.80,8614.80,1609.73
8858.04,3477.75,9518.52,4581.12,1774.23,1992.19
9087.30,3790.61,9908.33,6555.26,837.66,8682.62
1231.29,2131.50,7507.08,4034.29,1940.19,7110.86
8042.53,4199.77,3145.70,605.70,6397.19,8080.94
9385.17,790.39,6329.74,7861.85,7473.76,6895.42
8732.29,1051.38,8760.64,3888.43,4976.30,8376.55
4462.37,6235.41,5242.26,1564.38,4903.24,1664.31
6694.68,2684.40,3487.53,7615.31,4498.66,5972.50
1084.74,7806.56,1585.21,1974.67,4368.33,141.49
6439.25,406.77,2667.07,6814.54,5458.54,6222.05
4374.60,9380.75,232.11,580.19,9162.30,2690.92
5442.54,2289.64,4782.96,7970.31,1223.34,2409.79
3171.31,2203.01,454.56,4524.38,8619.02,6242.59
2751.04,2738.83,151.66,6544.45,1501.40,427.86
7572.92,8341.29,4241.48,968.55,7376.62,2715.27
1802.69,8449.12,8578.27,9160.51,5270.35,3783.94
9787.07,5220.86,4571.11,9846.74,3038.13,7520.99
375.61,5806.32,7126.22,609.91,8632.22,2628.55
3256.38,9915.68,9481.06,895.29,389.73,6054.32
7451.92,4622.35,8594.42,6134.16,1093.82,7224.68
1861.93,1595.19,2694.43,6796.27,8831.32,5767.80
5798.32,8317.94,178.66,1034.84,6889.84,1820.73
6889.58,1213.95,1633.92,7465.80,2402.48,3024.52
9197.04,5639.54,4561.36,2311.10,9283.56,8946.40
9755.24,9179.85,722.28,7282.94,8307.52,2235.70
8845.04,3224.36,9106.26,4344.07,8412.46,4661.49
2153.04,3160.79,4922.26,7342.37,52.05,7015.55
9019.88,169.88,2728.86,1691.46,6865.29,4403.98
6579.64,5802.72,2542.92,1495.41,3522.85,687.50
6155.35,5396.24,8259.91,3874.72,9601.72,597.62
4045.26,4603.20,3017.57,3793.05,1284.29,6486.50
6926.80,452.18,4721.90,5054.83,729.72,3342.38
7965.48,1849.78,5713.11,7500.46,3667.79,9531.05
1656.45,7554.24,5083.37,1623.98,48.08,9875.55
3286.63,3348.62,9141.86,6641.66,7745.20,2528.00
8599.58,1211.52,5244.93,2935.10,9280.98,5574.58
3160.91,8016.86,6879.06,2582.32,4780.68,4823.85
7138.99,9667.00,8078.08,7729.37,7649.87,9080.46
7861.79,1145.83,5049.26,6856.59,5762.56,2371.99
7892.46,1054.32,9263.26,9616.17,8610.36,1328.22
69.71,9574.93,8812.58,9098.61,4552.23,85.82
7123.45,4944.55,781.89,536.05,4074.54,1500.05
6150.60,9780.26,1917.34,299.22,7768.77,772.08
310.32,2384.56,2598.27,3918.82,3586.69,293.07
7357.62,5437.19,1177.07,9765.06,920.81,3741.51
4327.01,8099.33,1645.71,2455.10,6066.92,5216.80
8559.83,3287.68,3463.71,8434.38,8579.31,2587.23
5795.08,1658.36,6790.54,8331.32,8681.19,1816.47
6525.15,3053.06,6692.71,508.72,4455.84,9383.93
5166.30,277.07,542.02,3824.41,1835.80,1496.36
4192.59,944.97,1747.54,3831.33,4442.98,9682.76
1813.17,8919.15,6067.46,4379.46,884.08,6695.37
5936.35,116.17,8018.42,3612.26,1240.54,5688.68
1195.20,2883.81,3823.70,1454.36,8205.97,6208.07
5854.27,7567.75,9252.25,7653.64,1668.56,3221.44
9958.40,5593.91,9867.79,403.54,1748.40,6374.54
6126.30,2174.47,6146.49,9163.36,3102.26,1120.48
3399.23,3167.06,5522.48,1032.13,9913.70,760.46
2503.21,5860.59,6803.43,4916.98,4737.41,7005.94
2800.57,2260.84,7601.17,6704.69,5773.40,1997.03
2373.89,5855.41,3333.15,4743.46,792.12,7174.81
9020.81,3775.02,7454.60,1074.30,1245.26,3392.82
9803.25,5834.47,119.38,4584.86,157.43,972.44
2699.52,1282.93,7103.70,2380.84,7465.60,8794.85
5147.01,6139.02,1349.59,7965.90,113.31,8624.07
1783.48,1630.52,2087.61,9420.72,4978.73,6328.00
8704.04,9390.27,2721.76,2907.59,2920.57,3130.01
8279.98,742.65,7711.62,6363.34,7438.43,9990.69
1628.97,2787.73,665.57,7950.61,4379.54,3692.97
764.04,5363.48,7961.30,9931.75,378.68,3271.72
5484.24,2558.37,8741.68,2977.55,1734.89,4198.49
3555.08,6055.50,2445.98,6736.68,8025.13,4328.54
5855.46,6539.45,6741.85,4278.00,3413.58,6012.27
1515.40,207.48,6856.26,9608.54,4068.83,6870.40
1900.02,3392.81,4881.09,3507.38,1402.26,2619.30
9438.89,7119.81,5330.37,2561.30,8532.63,114.96
2152.62,1087.00,5040.56,4385.25,8435.69,2299.80
5583.39,2226.23,5302.51,4847.44,7388.61,6793.22
9742.58,3429.33,6872.83,7165.62,1010.43,8051.43
802.41,8100.46,7189.08,1531.95,8762.36,4843.79
7149.43,7456.14,5677.86,7322.82,6756.69,539.50
8874.44,106.45,376.75,7706.64,6974.28,965.39
8435.68,3190.77,8819.27,1880.64,6633.15,8998.06
4298.40,5566.06,7397.87,2447.65,9639.02,9794.83
9920.78,6660.32,7899.34,8722.86,3654.37,2656.31
3295.62,3976.31,4436.44,3086.73,5340.19,1029.49
3172.97,3367.78,9889.26,6246.20,7964.88,4938.78
1303.95,1564.98,5041.27,475.06,5722.11,7375.37
5108.63,6172.35,3645.86,9165.47,8701.77,1789.80
5316.50,6048.15,8766.99,2385.79,7783.78,9606.49
8631.44,4369.68,2447.87,2239.09,2512.11,4218.05
3600.83,8282.45,6383.71,5710.94,1730.89,8243.90
9596.93,7700.03,3319.69,6728.02,6753.85,6966.75
9051.71,3998.13,1315.43,6800.68,5021.83,3512.63
7567.22,9562.75,4699.66,8863.60,5967.12,30.43
5691.58,2474.68,4486.06,1027.57,2964.63,4938.81
8358.19,2622.75,1153.86,3947.64,2649.58,622.15
8471.45,5501.54,5729.29,1844.52,7954.92,9892.74
8410.11,9388.77,9716.59,4975.03,5589.68,7852.15
9187.92,4898.13,6086.05,9598.97,2974.39,2984.43
7824.28,6208.43,8815.01,6104.43,9295.57,3346.58
6822.72,9425.40,7053.54,7831.24,2615.61,833.99
3145.05,8117.00,2613.13,2677.66,3470.87,1836.87
1989.54,3096.67,351.20,6189.20,1951.53,5495.65
3692.86,7488.07,1822.14,3262.67,1724.13,9206.91
1398.79,1298.01,2948.32,7501.74,8596.18,5065.84
4810.73,9249.78,3651.41,4556.97,2142.93,8115.21
5395.85,3272.30,2077.95,6450.60,6212.07,9652.23
9980.02,4612.12,779.54,555.19,3462.39,1254.85
3166.02,9448.57,6203.55,7753.26,4495.88,1225.91
5790.62,7000.42,287.84,526.14,9710.76,7709.56
3202.88,7333.64,122.32,4026.05,3741.96,5181.92
8297.35,542.50,6009.88,3406.31,3093.40,288.79
1725.06,1449.28,5804.76,1739.68,6415.34,3269.23
7182.57,7512.28,9632.11,8220.70,2976.88,2037.43
9570.23,1192.90,4251.91,7096.38,3388.17,1778.87
3986.81,3450.39,4141.06,1752.18,8914.63,4310.90
2206.10,1824.97,3291.79,8275.31,3639.16,7416.25
8142.79,8120.13,5939.54,8922.22,22.52,9356.78
2094.75,2151.89,6393.47,8693.69,3252.91,3345.45
3708.79,8186.81,817.99,6774.77,7602.05,8858.41
3298.40,2673.03,5328.62,1198.71,9994.98,6593.39
9391.68,2922.28,274.60,1889.89,3374.57,4753.75
4991.37,117.90,5750.34,1495.01,9730.03,7672.06
2447.10,896.32,5095.93,1211.08,1312.28,9634.78
565.80,5126.42,9902.77,7593.03,8715.86,9959.93
7986.93,6621.37,424.30,5831.44,5264.21,6875.24
6472.06,478.34,9914.69,3498.38,2485.76,196.92
6585.32,4060.02,653.78,2912.95,7415.76,2441.28
5379.38,6411.64,1277.65,7807.28,4391.33,549.46
9445.38,9262.32,3823.89,5030.42,8594.37,4488.48
7949.14,1261.53,3229.83,2878.87,3421.35,6086.83
8588.56,7224.89,6719.26,8879.56,5604.12,3554.78
7825.39,9628.96,1725.02,517.09,3833.70,6925.83
5254.64,1556.11,7908.37,8118.59,977.39,8883.83
9009.60,6078.79,7766.16,8841.28,810.57,9283.30
4095.75,3714.86,567.36,1797.49,5519.53,5661.18
9691.49,7486.16,6795.20,3785.04,6122.59,7437.14
5395.33,9789.16,4872.04,3201.67,4790.33,3896.10
7516.14,8710.62,5258.23,5010.64,1706.00,3332.28
5947.68,2934.47,5450.29,5078.24,8421.97,896.86
6201.32,4741.49,4413.10,944.00,9595.16,3731.71
13.69,2089.75,4720.84,2824.20,9569.62,614.83
8140.76,5099.70,3909.86,5858.15,3442.28,2514.19
4582.66,7815.39,7321.37,3156.43,3380.17,7566.61
2676.65,3646.97,7052.49,4540.27,5705.83,5029.59
2169.89,7085.48,7355.52,3456.78,834.32,9324.66
822.84,7890.73,770.52,9787.22,455.01,9780.32
2882.08,521.34,5445.02,4902.50,1681.48,6666.94
5418.96,3368.88,4075.21,9873.56,6303.40,7403.68
2424.72,1597.94,4627.57,1899.17,4975.68,4068.83
8196.43,6722.73,5494.98,1107.46,8073.01,1832.18
2234.85,4193.35,2082.30,2652.44,5589.87,8213.28
3847.75,744.65,3193.69,8006.47,2852.50,7680.63
3329.57,8950.49,4949.29,1981.66,7580.53,4462.40
1408.12,2466.82,3711.63,8738.23,962.58,3040.67
7876.16,425.30,3059.25,9835.04,5579.44,7882.39
5393.72,5503.41,1399.38,6635.09,8028.79,5212.75
5743.55,1542.95,1971.87,260.19,8728.72,6011.30
400.10,9170.13,5033.54,6292.37,5275.61,972.97
3862.34,5409.52,5349.07,1347.09,640.40,9334.17
859.38,9686.99,4330.76,3653.83,8453.41,9056.27
3391.17,7334.48,2545.10,4325.95,6152.41,5394.37
7117.42,3192.80,285.97,6941.18,5156.09,2161.29
8664.16,7920.39,9584.05,7294.91,7229.69,2409.83
8221.49,1403.77,9950.30,7493.81,6826.70,5360.71
3679.05,343.35,6576.88,2367.28,3761.82,6798.76
8240.97,2868.18,824.94,3954.12,9600.00,3905.74
1887.08,677.24,4058.19,3559.43,6667.67,6690.10
6048.75,1443.40,6360.15,8369.41,853.09,796.37
4878.90,591.21,1763.47,5778.36,2811.58,6979.96
3105.83,3995.11,2009.53,2605.63,9664.66,7434.69
8600.22,0.91,1536.02,7879.19,3390.42,9350.06
1403.64,8559.32,2104.33,5426.54,1943.94,6429.88
69.93,4666.70,4908.53,9962.40,8106.90,5031.06
280.63,2092.15,533.26,4098.29,1960.80,8501.28
3122.64,4838.55,4828.59,7835.79,9378.53,3501.26
72.90,3538.46,2720.39,3561.04,9132.55,6696.69
5558.27,2115.37,1432.16,968.42,824.16,1093.67
1801.14,768.15,2406.48,4998.03,7227.13,3123.77
9972.65,9215.01,3822.21,131.73,7169.33,4763.76
9875.23,8364.76,6444.40,1724.21,1955.70,2374.60
2553.01,9865.04,4865.27,1944.33,4225.57,7951.28
4419.86,9911.71,7153.58,4956.56,3591.76,8900.53
1734.53,6423.25,1999.94,5962.80,9220.31,324.64
1120.02,6669.45,3291.91,3358.42,7137.13,749.92
8051.55,5016.34,6378.77,4561.49,9493.19,2049.02
1127.22,691.40,9956.46,8680.59,7143.25,6571.07
5850.98,8248.49,7505.72,9834.51,9343.32,9852.75
1806.81,2847.36,2807.81,9054.97,9525.95,8832.51
4218.17,9423.10,5095.55,4974.96,7117.79,44.63
3353.67,4655.25,217.96,9940.86,8438.39,1596.52
5934.93,6262.46,9966.93,6268.26,5121.01,960.13
8251.89,6835.14,6793.43,3598.43,5473.90,5698.47
2406.40,5562.10,4170.43,4492.81,4615.19,6760.74
6490.28,9977.13,3766.34,7338.80,2119.36,2268.35
774.01,3915.46,5463.84,1911.88,7393.81,975.35
2515.62,3544.29,5463.11,1743.33,8037.59,4998.53
5954.74,8900.23,1490.99,1923.16,6608.34,1407.69
9698.90,4746.66,2727.90,7749.53,4028.47,4483.34
5395.22,4247.27,1611.37,6334.51,5551.59,1561.85
1135.71,3988.21,7496.24,9535.46,4355.04,2236.00
6028.56,4681.84,9266.39,5390.22,243.74,4861.20
428.56,7266.15,7166.85,7746.98,1348.04,7618.86
7157.28,4515.16,9695.61,7313.11,5791.89,6785.69
5072.63,7751.57,5133.72,5064.10,1880.13,1244.31
6956.56,1119.75,7624.82,371.69,2920.18,6736.71
5422.21,5497.20,3986.61,6423.21,1586.46,2610.58
1587.91,2495.42,612.88,1877.38,5110.35,2851.74
3397.50,7736.91,9125.02,4415.80,6553.72,1837.38
6057.69,9047.48,4728.37,1305.57,3692.37,7764.02
3907.02,1797.02,5493.54,2340.38,642.13,1607.39
7677.39,2296.54,4167.98,5925.33,6859.53,9472.66
5105.73,7904.55,3902.90,2937.85,7449.36,2197.12
9231.23,2116.32,4611.35,1738.40,1826.00,3225.08
9449.88,5209.67,736.34,9873.83,7965.54,1968.21
4210.87,3194.29,9797.40,2947.04,858.00,3202.12
813.63,1499.39,3219.64,5836.91,6989.20,3941.90
8232.88,9101.74,2720.58,6302.25,879.67,7000.72
8074.19,6668.78,8441.65,1259.22,9409.21,5179.79
2625.78,6741.46,6921.84,6834.37,3386.51,6674.74
6830.64,3679.92,7545.10,168.87,9704.60,8625.04
5319.43,5313.61,9410.97,4630.97,9413.67,1168.07
1103.89,4842.23,4475.95,3990.85,1435.12,9359.24
557.38,7155.32,1383.65,9965.04,309.94,2125.85
3831.10,6961.16,9709.95,9973.44,1253.26,3751.60
9281.11,8563.28,8335.59,2588.58,9884.47,4095.17
1854.39,7963.64,966.51,3560.55,7430.75,2063.96
6324.05,9177.00,8249.31,8762.74,5994.03,2155.11
8596.13,3612.89,2696.49,6089.26,1173.52,3261.91
2356.91,3810.60,6726.38,5783.20,4520.38,6504.47
3908.31,3260.52,2241.51,4617.96,3378.21,682.40
5577.85,9907.87,569.37,3073.62,2210.82,743.90
2714.71,3424.47,7548.54,3734.67,2097.97,2965.86
7903.67,2358.91,339.76,655.51,2174.07,3317.86
9327.48,3457.61,62.99,6606.67,8859.15,4269.59
829.98,5157.61,889.62,2251.89,2225.88,5779.58
5360.84,993.10,3239.75,15.10,6780.98,4449.26
1890.43,3840.42,7833.71,6424.70,3150.29,6413.09
7939.62,281.56,3230.00,3228.29,5060.77,8457.21
1500.62,9799.50,6400.22,467.07,1274.12,8110.76
1559.09,3358.50,5263.35,904.96,9944.81,8204.74
7807.66,8921.95,5347.82,1600.84,5580.98,4250.02
4426.07,551.51,5712.00,7735.72,5749.23,4001.98
3038.65,9766.78,2703.35,7184.58,2252.27,4428.23
2027.84,3637.17,1366.34,7361.60,5655.83,145.18
3203.44,4041.05,304.32,3071.73,605.56,4257.45
9518.13,6154.34,5292.51,5586.48,5770.40,3164.67
4980.84,8015.92,3223.06,721.35,5843.20,9537.60
4978.49,4029.03,2459.98,9018.34,2839.51,4983.78
4323.02,5687.13,9239.46,5630.66,5358.90,9846.28
8308.30,4152.02,8401.21,5159.90,8533.95,3416.79
4332.44,4007.50,5645.69,6205.41,5415.85,7138.51
4795.29,8778.89,1733.35,1400.43,7526.18,8829.62
8940.10,4194.27,2675.15,4398.41,9002.02,5583.64
9.19,5893.61,1673.76,3984.49,3782.33,834.00
9857.44,8831.72,4399.40,505.64,9964.00,9462.49
3937.58,7935.37,2076.49,445.27,3730.54,1056.11
5092.09,5534.90,2171.54,1885.14,3479.13,2854.24
3285.68,6034.10,8608.31,4494.99,3203.64,3158.35
1293.27,7857.30,1159.75,5665.97,23.75,5010.84
2821.26,292.68,7665.99,8629.44,9985.28,6587.95
2283.76,6015.97,8324.65,2624.63,1221.26,8173.46
7731.95,9757.53,4174.22,58.83,8016.33,663.09
9843.83,526.44,9172.61,7150.73,7972.99,2023.25
808.47,6377.33,5642.67,9777.43,2298.42,2456.15
5846.11,4430.44,6542.13,5139.74,2318.49,8281.36
4149.45,2658.72,927.14,3176.60,1518.40,3627.32
7257.21,7013.80,3334.70,8551.70,7450.23,7940.89
2141.60,7887.71,5894.87,9989.86,8230.97,542.26
2693.08,5150.48,8154.50,8594.51,587.75,5207.18
2617.33,2671.74,2765.59,1636.76,5755.78,3671.68
9989.51,5249.17,9504.66,9948.56,8629.13,6518.48
4791.42,7240.72,5226.49,7469.13,2062.63,7932.56
2891.97,3510.94,2830.90,1840.80,5704.16,9421.66
2987.74,9124.56,3639.28,9121.52,7697.81,2946.05
8672.34,4772.64,1547.02,8054.35,6990.05,4113.61
693.69,7744.96,7894.74,8686.43,7797.54,8923.35
624.09,1436.29,3080.27,4487.82,5180.83,8802.22
8901.51,3736.31,8411.11,375.97,5998.01,2951.39
6589.60,984.18,5969.97,9763.15,5012.18,6275.85
6880.84,7985.60,5304.92,9302.21,4091.44,5215.79
2814.73,6659.95,6262.42,5352.95,8893.52,2342.56
1304.83,4979.49,3202.03,8549.98,7195.28,5010.01
146.37,10.07,9830.30,8434.42,5930.44,1379.65
9530.35,355.17,971.08,9025.42,1250.75,4400.18
5645.80,9513.82,4030.76,99.55,8940.43,7008.95
6512.87,6302.59,1913.67,86.56,4268.86,1862.45
1214.62,5483.67,6469.48,1657.68,9.22,6732.82
6636.44,546.07,9987.20,5800.22,7491.37,7913.83
5123.99,4889.83,1658.46,2839.63,600.89,7500.55
4388.47,3187.00,6111.31,9991.67,1892.26,6276.39
2789.03,6868.78,6107.78,7506.22,9484.52,4848.24
9186.84,4384.44,9948.40,6157.76,9847.89,9533.53
1851.48,3361.04,3416.62,5526.64,3737.71,4091.62
7810.31,1795.17,2455.93,4445.98,5194.16,686.72
9426.90,8218.48,2719.48,7611.05,4208.59,6041.80
5009.49,7080.66,1058.53,7686.95,4985.31,298.53
4810.77,7333.73,9697.61,6327.87,5435.93,5735.77
2088.44,5044.73,7550.18,8483.26,5032.10,7495.17
4118.14,2693.46,8400.90,7822.74,665.70,9824.23
6870.81,3293.34,152.80,9687.44,16.84,5222.42
1619.82,3147.11,8911.48,685.49,9471.36,4028.16
9137.12,5671.71,3431.88,3102.83,8512.52,2654.55
318.35,4112.10,37.57,4832.35,6003.05,6862.97
533.79,693.25,9954.00,2374.11,3298.65,6479.52
5174.13,1649.82,3963.40,1372.80,2939.22,8726.30
7960.67,9875.11,7078.72,8409.29,8340.91,5481.34
8435.48,7273.13,9275.00,6698.10,5646.37,8930.94
944.06,6089.23,1619.31,5879.66,569.96,5434.70
3868.73,3666.40,1465.86,1322.07,1619.41,8189.49
6617.63,5609.45,760.98,2161.57,1525.69,5592.17
6770.43,512.56,6671.78,2826.45,7644.59,3922.45
9517.79,212.86,9470.28,8909.09,4035.11,9951.22
6827.56,3938.99,4934.78,1765.00,8080.81,959.02
2551.88,855.90,7843.17,3180.55,2406.81,649.26
2698.71,362.26,1101.19,8814.99,75.25,6570.99
9051.84,7823.88,152.91,7567.66,6559.34,365.98
7198.90,2861.62,3245.09,3177.59,502.41,6331.15
6522.23,6306.78,8935.94,6930.39,2896.52,9041.34
8585.15,6811.94,1439.44,150.99,8871.61,4860.93
6391.72,7235.81,8127.45,7809.64,8279.31,442.46
3764.31,5043.32,7059.55,4551.36,2075.03,3965.17
8150.26,9212.70,8110.63,896.78,9028.60,726.02
1648.87,3738.73,1264.69,3956.19,6948.72,4984.18
3506.33,9360.58,4809.35,2413.87,4179.28,8964.91
6829.26,4020.86,652.65,2226.35,9653.46,3644.33
3587.95,298.67,9887.90,1231.63,4410.69,3553.03
5847.48,6877.56,9096.47,7008.90,4267.35,8848.37
5557.73,4760.00,54.46,2038.48,5802.76,8166.61
5997.71,2556.20,296.50,9678.31,1737.97,2294.25
4954.35,7618.76,4230.28,4956.07,8508.18,3747.76
5773.42,9322.25,7918.14,8156.32,3319.50,6707.05
7119.07,6229.09,7597.26,5358.02,2332.56,8267.93
7525.86,6887.64,586.16,2449.28,8039.96,1203.05
1121.68,467.00,8933.41,1072.46,741.27,7703.70
1158.74,3273.95,5065.39,481.28,7945.81,2925.97
3892.44,878.07,7407.40,8801.48,760.05,8450.02
3030.70,1171.30,7999.86,9075.70,8208.30,962.28
7248.01,2054.96,716.21,7418.30,7746.12,5237.86
8725.55,9382.56,9337.30,4051.08,4382.93,6155.61
6423.84,2954.36,4795.77,4290.00,3476.28,3782.59
112.11,6499.41,1115.63,163.91,5998.57,8114.06
4503.72,4449.25,2833.76,9155.32,4134.65,1448.13
6684.48,8658.08,5699.82,4345.33,7039.57,7346.52
6699.90,6846.32,1677.19,8842.67,9104.78,9512.53
304.40,3004.51,8616.91,4919.04,5301.86,204.03
212.31,6003.25,1219.26,690.27,9751.75,3043.44
9010.69,4573.53,1694.88,8082.88,2478.54,9856.00
5884.22,9602.61,5463.00,12.34,3452.67,9415.70
2893.91,6433.77,7773.72,8042.25,3652.47,7918.75
5939.69,7058.66,4835.55,4117.36,8027.77,1536.94
769.00,4387.49,8575.83,6447.24,941.48,9352.67
354.86,5324.63,4039.46,8778.42,9670.79,1012.90
558.28,7230.52,8140.93,4535.36,9780.11,290.32
1473.13,3882.68,9450.41,3764.21,8041.52,1940.45
770.11,2518.15,1790.49,7938.49,2856.40,8119.03
8720.98,3163.39,5406.87,9662.83,3918.21,6307.64
9668.37,4392.13,6388.66,5652.10,4328.47,3409.75
7064.86,5676.11,36.80,7838.88,419.31,1196.83
4799.86,1849.72,4130.55,860.32,1744.89,9441.48
3433.68,6125.26,2495.58,1140.69,6165.95,1994.64
2972.66,1848.57,3442.22,5124.94,2575.76,68.89
4908.55,6809.05,3148.71,1207.63,2937.94,3767.58
7566.01,6439.14,4295.27,9597.49,3079.11,1651.15
6617.95,3403.39,243.14,5942.67,3601.72,480.49
620.17,1699.17,1240.57,6021.27,2701.88,4386.10
6824.41,4763.83,5144.72,8985.97,1881.87,3928.24
6652.52,2319.76,1261.95,3925.28,4794.91,7134.36
6715.06,1022.50,6417.35,426.51,1670.00,1850.72
332.36,723.02,6280.70,9210.97,2345.62,1547.11
9385.06,6690.26,4052.30,1.09,1552.84,3569.99
3437.56,6088.68,5559.90,5709.93,9999.01,7125.49
6210.75,7922.53,5359.19,118.27,3428.51,6510.16
8030.98,4377.84,9202.69,731.53,5317.24,281.53
5284.22,1902.83,3953.95,5201.50,5216.40,2994.24
9620.31,6148.13,6317.98,9686.71,9770.31,4909.01
3000.75,4930.46,5284.65,5512.75,6702.94,7239.23
5714.10,4051.46,5929.25,638.41,8447.88,1543.47
4118.72,392.10,4521.17,7206.35,4831.09,8779.09
9740.17,9619.15,1072.68,4006.76,916.16,9207.43
1575.09,2301.96,9448.22,5731.17,4268.67,7771.83
4549.31,8815.97,55.37,3509.44,3201.48,8083.41
4184.01,9752.18,4344.29,4982.38,2300.31,5321.19
9190.11,1758.63,5528.78,1400.29,4819.20,652.35
250.03,1291.39,4246.84,5209.54,6866.17,8652.82
1857.76,6813.57,5862.38,9347.60,1677.56,6984.14
7163.13,5003.57,4348.21,6400.77,2155.72,6685.24
2259.20,8475.11,3764.24,6005.38,4858.58,8055.64
9788.05,5603.35,4817.55,9092.63,9617.02,4621.54
308.24,1289.30,4679.82,8312.83,3683.02,6810.10
9668.67,3666.10,4317.85,1601.74,6250.85,6177.15
7324.11,236.34,2670.45,8144.30,3474.37,5769.24
2471.18,8146.27,8091.23,2508.41,4484.87,255.19
4275.80,1249.80,7173.65,8760.30,6952.95,3922.57
8819.07,6034.13,6990.35,9302.74,1087.82,8170.44
3100.11,3028.08,511.55,2026.43,9711.41,1862.87
2587.42,4920.67,1847.69,2215.43,6771.80,3047.88
2381.05,5541.39,3279.31,4685.56,84.66,4135.68
1989.79,215.26,3029.90,9359.52,400.16,7398.96
6651.56,8330.58,5228.93,8561.85,7183.61,1452.34
1063.54,3210.99,1301.10,5733.10,6301.88,6437.91
6824.24,5625.63,695.40,8226.17,5010.37,9402.92
155.16,922.21,9033.35,5307.51,9874.32,6622.91
3746.25,5439.61,5296.22,497.96,4433.18,4477.28
8408.99,9610.84,6637.85,2014.53,7528.56,6667.85
6782.11,131.27,5060.00,3768.74,2163.23,6184.21
3293.54,8674.05,2927.02,531.77,2181.35,4573.34
9788.52,3251.09,1367.02,4922.27,8811.67,292.85
5336.89,8655.08,8717.41,3747.78,8836.09,7311.61
7854.70,9403.91,9279.56,9240.73,7587.30,9503.13
8917.70,784.76,630.07,6969.77,6705.61,3387.03
5283.00,7161.87,9668.26,8100.74,1483.73,1724.35
6677.16,4661.24,502.95,2971.55,8998.28,6138.86
924.85,2349.50,7474.50,1656.49,4927.07,4460.29
2319.48,9468.84,2828.41,3596.65,1003.46,6572.52
461.30,1205.47,2657.62,8874.12,8905.99,1609.61
8547.46,7684.83,333.20,8615.22,7170.26,8178.16
6995.38,8270.07,7644.21,3092.62,1175.16,6315.73
1775.28,6694.97,8082.38,4953.67,1989.09,7174.54
6222.24,2301.44,1225.02,4280.88,3720.40,1391.18
3594.64,6664.06,4622.00,1204.98,9772.54,9730.08
6228.67,9100.70,735.92,1098.97,1881.24,1051.88
6791.92,9993.74,9465.97,634.51,5211.75,6393.84
65.62,8788.38,6112.60,909.32,59.37,4635.31
2895.84,4890.28,9159.12,3117.81,3835.57,6812.14
124.65,2136.21,1596.23,6356.70,8990.84,3224.56
7826.25,3814.08,4967.17,918.54,4510.37,8632.71
4427.70,7724.50,4166.70,5512.48,1246.95,9694.12
7747.08,2105.42,6012.08,6772.89,4537.92,6537.23
5054.65,4985.74,938.66,5015.66,2476.60,3143.55
677.90,3422.37,9559.35,1180.93,9449.57,2652.88
9922.35,1373.41,944.21,2889.54,5616.42,171.09
2416.83,6013.91,5777.54,415.46,1031.73,9591.44
9741.43,2393.58,1764.98,9073.57,2168.93,7312.48
7897.71,5057.93,7960.27,6926.40,397.62,6691.18
9939.37,5147.27,1811.25,2080.93,9636.52,648.80
8058.86,5549.94,4410.42,7927.13,32.98,493.47
4556.53,9475.29,6352.28,9468.89,1109.75,1607.83
4452.75,276.50,4797.90,6139.51,3010.46,6173.77
9552.91,2027.94,9183.97,6968.42,4235.42,1542.79
2920.56,3908.24,1613.57,2694.00,3038.45,901.94
5000.30,2647.10,8800.94,5352.61,1335.73,9576.41
484.05,5293.14,1665.53,7869.48,9459.44,4527.77
9405.72,577.30,4440.25,8982.00,8508.63,84.97
8271.03,64.09,2882.82,5921.58,8107.70,1542.99
6617.20,9009.93,7575.23,6046.59,2671.08,7567.03
7647.49,1281.06,7580.74,1352.14,9366.19,7200.20
9303.04,2045.05,7079.47,5615.15,6087.53,8144.78
1677.07,3160.15,2902.58,175.63,6835.69,2235.76
266.93,2293.89,6603.14,2036.64,8763.29,4062.76
408.14,1353.05,5358.24,5977.14,5169.16,5212.28
9634.06,8592.69,8028.12,9494.16,9635.41,7830.19
8315.22,7992.82,5692.17,724.88,2806.88,4565.44
5561.31,4370.74,6771.36,5213.79,278.93,7807.37
2481.87,4249.24,266.62,5045.92,7784.01,1644.47
4045.77,9172.30,6375.24,6314.12,2891.32,1632.36
2760.71,2203.73,7459.52,6276.53,3793.71,1317.93
1526.54,5232.39,8163.53,6744.44,6600.60,6520.31
530.14,4617.41,8578.06,5122.38,5357.62,1268.78
9418.16,548.78,1712.50,4087.00,4855.29,5114.12
6331.53,4520.08,247.28,4720.71,381.09,8364.75
4358.19,3691.26,3897.36,1045.10,3636.59,1094.02
8055.96,2131.96,5802.54,6267.83,5456.99,7610.17
9967.00,3215.55,3562.97,1210.35,8567.14,9902.38
7658.86,6305.90,3186.48,4093.13,6685.06,1049.40
5503.39,2707.16,465.30,1483.37,585.29,2847.55
9402.53,5453.82,1926.60,9762.09,6191.82,7718.94
9916.06,1763.21,7752.89,6720.98,4295.27,6785.39
2795.10,1627.58,285.37,2686.81,2073.49,2484.29
1844.49,2463.24,2683.62,6121.72,1714.02,6318.03
6686.34,4161.41,8378.69,9190.11,3393.45,1095.44
532.31,8222.82,6648.96,1482.77,1081.65,1255.79
4998.04,6362.03,9465.65,6465.52,1602.44,3511.84
8103.99,2856.04,1126.24,8973.17,9147.34,9485.56
3773.23,6453.61,1982.34,4392.95,6784.08,9182.65
6232.47,1536.12,2382.81,4778.28,7236.75,3153.26
8176.24,3300.25,4383.55,4132.69,8921.96,3895.32
9393.61,2271.84,7972.31,459.82,5427.09,7876.51
2999.59,517.04,7220.91,3634.28,8855.91,3824.89
6646.00,3964.60,3542.65,8868.88,8376.89,6294.81
5777.67,8012.10,578.63,4038.15,3294.65,7672.16
4887.85,1877.74,8900.71,997.85,5427.05,4602.17
9631.08,8363.40,6216.67,7625.73,9482.36,1195.13
7745.45,3495.96,324.12,8393.48,8454.74,3112.73
5450.54,7474.43,4367.50,7927.98,1298.55,9085.93
4185.95,3146.24,2096.19,5985.81,7968.87,5873.98
7450.32,4904.96,786.56,5372.45,9791.31,5873.02
2177.27,1172.44,6990.21,3151.10,6378.73,5329.33
9427.44,2989.49,30.72,2453.12,732.60,351.29
8193.28,7570.94,5611.45,7120.70,5653.41,9726.99
3767.08,4600.39,2163.00,3334.97,5571.36,7527.17
2634.15,8333.90,9417.64,1426.19,6316.52,6431.05
7501.84,9548.38,6229.13,2914.26,9129.45,6595.78
2097.91,8455.96,4696.47,6878.67,7014.33,5537.83
9256.02,6690.04,4704.75,7443.88,6809.91,3845.16
1890.95,4028.96,6526.16,4232.72,8674.89,7781.94
3109.34,5066.26,3708.64,5931.83,3855.05,4939.39
9810.62,8812.37,9015.50,6857.45,2025.00,2099.44
1546.85,1533.27,4403.92,7089.76,8020.04,6710.01
6102.11,7517.89,4664.24,5443.59,6527.63,225.32
5985.15,7835.41,9917.37,3273.73,3647.77,1030.24
5510.33,129.28,7770.52,7165.43,8565.93,2207.63
2303.09,8507.88,9519.32,3226.94,5731.41,4637.10
6744.68,1418.64,6657.29,4149.20,2210.30,3042.12
3808.36,4219.04,9188.12,6704.36,5317.99,1711.08
6523.92,1241.68,2716.84,351.85,7926.78,3615.23
7027.54,4699.76,6373.55,7976.10,2244.36,1102.14
7381.56,4662.58,9664.41,9040.30,4142.21,7794.01
7155.13,2730.29,327.63,7761.68,6070.44,8264.80
9579.93,9503.87,7531.99,5232.82,4547.28,697.96
8723.78,5431.11,2665.56,5162.17,8767.55,7436.92
1321.83,2060.60,2401.08,7026.35,7636.06,8916.42
8278.53,675.65,4614.98,9333.84,4498.72,131.72
2259.32,2349.93,4701.57,7219.76,8131.38,216.63
1992.16,2838.14,807.31,6729.04,3235.48,3208.09
8216.27,4722.68,8447.77,8914.26,6644.87,2308.94
1349.83,1952.78,7072.74,3903.39,9268.01,1605.58
9474.63,5767.78,6731.07,716.24,8315.15,8734.05
2447.46,5557.24,466.90,3450.34,2395.13,2460.45
1928.03,179.82,9812.10,4488.94,4477.55,9354.61
5141.18,6117.13,8444.27,3420.70,3045.16,9374.86
4796.18,2425.36,974.24,3500.90,2841.48,4298.38
9120.28,566.19,2184.25,6190.03,9480.58,1513.54
1797.90,9158.81,719.47,6810.30,1989.12,9140.59
2137.19,8965.55,7475.93,4449.71,997.76,5425.51
9750.42,3085.45,5693.69,6725.60,3417.58,6041.76
6547.50,3102.18,6490.28,3896.25,5052.01,986.54
9039.59,1687.93,5606.05,4732.79,3441.24,3681.11
4490.81,8789.02,1266.07,2267.39,6517.91,1646.55
3803.59,759.22,8521.80,4951.79,9548.98,3058.32
3844.03,8964.47,7422.03,1863.07,9623.82,5380.12
8212.47,8191.49,6381.32,4459.48,3262.72,138.63
2226.84,6440.34,4907.67,4570.91,9994.17,6313.65
1145.75,979.86,6133.60,4799.28,1720.57,8940.21
9857.68,2372.20,5715.93,5531.03,8113.61,3122.99
1222.81,2921.74,3588.53,2446.63,493.82,6554.20
3524.77,8606.09,6466.07,9083.74,406.21,8320.61
5000.37,9011.70,7878.15,9554.02,402.25,9959.44
914.23,8593.73,7366.76,1205.91,8529.41,5232.64
5863.43,4450.77,6028.56,9133.26,7146.04,5476.46
6824.12,3222.16,7893.70,7372.38,9215.45,8910.22
599.29,4693.91,5515.10,7463.17,7022.98,8253.11
3155.08,8384.22,1165.34,6418.98,3417.64,8592.10
5359.15,133.74,2684.19,255.16,2506.23,4790.23
3549.73,9963.96,666.76,2940.41,5350.52,8386.75
8468.22,9299.40,8471.37,2372.50,7482.15,2897.33
2577.95,6027.56,5014.30,719.57,6390.93,143.39
3086.64,1476.76,4005.44,3829.23,4309.11,5516.21
9545.82,9712.10,1582.09,9171.08,9408.27,6536.31
8982.46,1731.10,8445.93,5433.69,5379.76,6957.75
6353.29,7646.05,1148.94,1269.03,7203.76,5651.87
1976.85,4658.14,1234.18,3099.28,8720.05,7998.97
1924.25,3268.58,4014.73,2383.95,3565.90,4041.24
2820.26,1284.30,2586.59,1890.85,8770.39,7539.45
2410.23,2745.32,4252.82,4854.69,4981.29,2420.23
290.07,7405.21,8080.84,2074.15,5422.47,7159.24
1372.34,3146.20,9072.63,1174.59,9390.59,4849.04
6472.45,448.35,3642.25,1366.30,2534.49,7374.15
1262.76,6230.38,9685.70,4283.81,9679.93,8895.63
7129.93,8062.93,9411.96,2841.90,3745.60,913.12
9855.40,2752.15,7057.09,7832.19,6510.22,857.92
8609.29,8207.23,1283.79,6713.88,2902.21,5415.35
5813.55,3835.36,2826.98,8677.72,9950.54,1521.89
4014.22,3324.67,5176.37,334.86,9984.52,3415.36
5334.95,9783.60,3056.79,4075.64,320.10,9126.78
8819.91,7034.07,4487.88,5374.04,335.61,6436.82
6566.28,6697.91,6079.18,6812.97,4952.46,5999.09
6130.20,1209.82,5950.77,8570.29,6210.05,1729.91
3572.18,6160.20,3499.14,8041.89,3909.24,6400.23
120.48,8264.07,9962.80,411.12,7705.93,2860.72
9443.88,7611.02,3040.33,7744.98,8325.34,8600.94
3460.45,6825.65,1174.11,9274.66,1353.54,6081.66
8520.29,949.08,7252.49,7699.65,4983.78,4881.82
2897.99,2091.84,551.95,2442.99,2617.37,711.41
9306.50,6928.20,599.20,7074.08,5418.68,7775.72
5577.66,2649.18,94.62,2962.30,24.88,5189.25
8161.69,9403.64,4647.89,9929.24,1037.26,4351.26
2078.69,36.33,1547.61,7072.76,9601.41,8428.78
3229.02,8300.98,4282.35,1765.38,6521.00,8539.97
6402.10,2780.31,3772.19,5182.66,6245.29,6597.99
7030.40,5762.31,4659.37,6087.20,460.08,6433.57
3630.30,5556.72,1980.19,5990.22,5928.82,9599.29
6632.85,4015.30,8186.05,7017.84,941.43,8232.07
6094.86,1638.34,43.96,139.37,7330.96,7463.26
904.47,6415.70,6254.12,1892.54,1528.29,2391.71
6260.81,3556.02,4363.09,9276.17,4630.34,2661.04
1268.48,4003.08,3437.49,7285.02,509.95,6236.33
3505.08,9365.13,9369.68,4191.12,7556.55,5344.26
8797.48,5396.04,7044.00,6944.94,8330.64,9928.79
161.06,148.29,4694.80,3487.02,5057.14,3652.54
4020.38,9213.47,8124.50,9496.85,5888.91,200.95
458.09,9911.98,4398.74,4631.55,8566.83,2636.57
6718.51,4924.79,4328.02,4320.91,6007.98,2960.42
5486.59,5823.57,8996.87,7099.23,8015.99,5694.37
3047.24,9419.72,7913.22,6852.02,88.60,2599.31
8721.30,7370.60,9898.50,2165.88,6662.97,1067.66
310.68,5905.32,8499.64,5411.20,6952.42,4074.92
1399.56,495.82,1593.80,6042.05,5198.51,1718.74
2751.81,1490.53,9026.54,1823.54,6228.23,6490.09
6945.41,9499.53,2404.40,3711.49,8282.51,3288.12
3080.40,55.62,6181.53,6413.65,7987.55,2089.57
5340.34,2685.86,9380.70,3790.83,2890.09,6271.23
7750.22,3351.39,6369.19,2686.81,796.20,3313.14
1151.37,5663.59,2836.65,1323.56,9392.26,6913.51
6151.16,9733.66,6216.13,3047.29,8003.55,6378.03
4101.20,6703.91,8832.61,2896.14,8744.64,4158.56
8454.54,4960.89,2273.37,8774.51,6321.03,4640.97
8464.04,9669.65,4131.29,977.91,7660.99,8955.11
9708.75,9309.46,715.99,8573.91,9417.20,3603.30
7046.40,4253.04,3979.78,8501.39,1073.97,4013.76
5225.23,6600.40,1197.33,4917.89,5262.95,1468.68
5327.03,9672.68,4790.83,7658.59,1590.57,7775.06
273.17,6727.22,1854.00,3918.50,6757.80,8713.00
5671.98,9932.67,8772.72,8222.48,2307.61,992.79
3516.80,6222.74,4498.23,6977.92,7862.04,7586.63
1490.80,410.66,9521.44,2631.42,5436.99,7602.47
2104.51,6792.18,905.99,6661.40,928.93,9645.64
7810.81,8997.57,2318.13,2505.51,1888.44,9710.28
199.47,411.13,8197.90,8710.46,8308.45,736.69
6933.34,5974.76,7089.12,1541.20,5695.77,5685.53
1880.55,1898.71,1184.38,2793.67,6373.19,6757.29
4719.22,1987.66,4974.77,8322.87,517.99,6630.54
1816.29,2610.44,1355.18,3855.63,5467.98,9123.56
4648.57,4732.57,332.01,1412.62,4359.85,9346.36
7113.76,1506.86,5972.30,3676.51,4684.55,5677.76
5511.07,7322.56,3003.41,4088.95,4304.41,6505.80
5795.32,4291.60,8613.85,7846.79,5542.53,1728.93
267.02,5105.29,3561.79,9209.18,2919.12,7967.66
5606.52,9939.47,5823.47,7772.58,4974.92,6038.04
6787.03,655.64,5334.27,8968.84,8378.85,2153.52
6440.19,6471.86,4986.19,2251.24,2451.76,3188.51
8782.67,237.97,1754.35,7764.52,4716.30,2618.18
698.47,6131.39,4168.08,199.40,1829.04,950.27
2082.28,6591.10,4423.79,9165.18,6676.98,619.64
3482.21,7812.00,2321.43,5491.87,7153.42,7468.94
5317.83,5457.88,8344.01,9010.74,8548.24,3873.49
2814.16,6481.04,775.98,9275.51,4137.59,3894.87
821.52,6739.56,933.49,3482.52,6866.92,330.62
3613.16,1294.99,1185.94,1136.45,1147.93,694.10
9194.23,5107.18,7767.30,3383.86,3720.41,9925.87
5934.91,1222.32,9327.64,8138.14,1989.15,6422.31
5076.66,3008.35,7750.54,3453.91,8123.72,7202.48
51.18,5983.71,4594.98,1656.28,306.32,2983.79
9378.39,2818.25,5863.36,635.10,7456.64,931.01
1413.97,8867.01,3613.16,9627.03,5844.84,2801.00
1926.73,6105.15,9043.16,8617.70,5499.87,3820.05
477.38,8036.60,942.97,649.54,8915.46,6710.97
2875.10,3321.66,3564.63,2861.69,1851.12,7168.18
373.74,2509.25,4144.90,5097.28,7765.74,5289.36
2543.09,6385.97,180.67,8042.29,972.05,6485.11
9454.79,8088.64,5505.86,9375.59,6121.40,3379.96
679.98,337.26,5433.98,5123.85,3726.70,7639.43
5414.20,2467.96,9668.19,9990.42,3545.48,5751.54
5999.81,6079.98,5490.00,180.05,6182.74,8382.49
8438.81,9018.20,3946.30,4843.26,1942.78,184.60
7606.33,6491.33,6713.55,7003.44,1514.67,756.33
4326.11,9990.54,7482.44,8800.69,8890.37,9183.55
9222.31,1099.60,1373.39,8132.21,2734.40,4810.86
5500.79,5109.98,9930.24,3725.75,6561.19,3839.14
80.08,1333.10,2935.63,4288.89,755.77,2058.53
2123.10,4984.33,9638.61,3301.10,9230.14,6199.12
4387.18,8940.25,6707.31,3430.98,9327.13,7559.74
3378.78,3442.71,1160.77,6486.74,6861.11,5991.67
1080.50,389.20,2096.80,1314.95,377.48,8136.92
6837.96,9066.40,9558.19,3282.11,9987.86,6386.72
7722.74,5396.48,1976.89,9299.78,4941.46,294.20
2032.99,291.33,9338.70,5254.15,9261.97,8828.30
1640.90,7650.81,7705.62,3838.00,8947.31,4677.43
3683.42,6540.15,3286.21,8566.71,6683.74,1059.52
7440.03,2295.00,3012.68,1919.85,8196.83,7459.72
5204.56,4208.99,355.28,9425.52,5444.37,9396.32
9078.59,8507.31,7144.55,4317.93,6264.83,5437.24
1671.92,3797.59,2472.05,3696.30,6897.71,3491.53
1058.01,6795.51,7793.21,9646.73,7045.80,2359.78
3063.22,1349.13,812.64,4391.70,3121.07,4792.05
9719.89,4472.95,318.37,2984.98,5097.93,7123.72
4300.00,4726.29,7558.21,7552.83,637.48,9019.84
7993.14,4578.42,561.60,4931.71,9899.98,464.23
1809.26,7530.24,2099.39,8394.78,6676.06,2850.35
8121.05,8004.54,8686.38,446.75,4205.31,5979.74
8340.65,9102.87,2914.66,6366.22,9905.56,5598.93
5972.79,9194.69,5926.95,5897.74,5970.80,5290.19
9239.08,9878.00,6440.03,7208.72,3828.90,8211.55
6274.37,6487.31,9516.41,7672.02,9224.59,4963.12
200.56,8770.50,9415.40,4379.02,6559.15,8569.50
5831.00,9956.56,5429.10,8318.71,127.34,9287.10
9209.62,446.99,8856.71,3584.29,5920.56,8753.06
222.06,4302.48,6764.51,8570.81,3445.39,317.28
2561.59,5820.61,3386.51,5522.12,3420.95,1023.93
931.93,7369.29,1652.42,2736.18,8000.32,9041.46
195.14,3869.59,7112.94,7677.79,7253.05,6291.15
7339.76,1088.41,6715.89,2234.97,2943.21,5652.55
3384.12,6698.38,6898.26,454.30,1537.03,9446.45
7568.76,3085.41,184.33,2119.18,9576.36,1015.26
4544.06,4628.72,4254.09,9565.97,1362.48,6724.69
8178.47,9695.92,4557.89,1681.75,2681.73,5037.74
133.20,9073.50,8671.30,6968.21,6827.19,1946.73
7257.45,8841.94,8963.73,4977.21,251.90,1012.92
9979.77,6593.52,5368.94,4234.97,7231.45,9355.14
5611.49,3324.25,6026.89,91.86,9443.47,5642.64
3239.76,4034.44,2445.89,8704.48,1466.51,7939.24
6525.63,6716.89,9807.98,4512.05,2901.72,6777.97
1811.72,6808.73,3628.22,6475.46,8148.91,9805.03
2700.62,8835.45,1188.41,3629.04,4798.91,662.55
4304.75,5892.69,1077.97,5372.11,8798.66,635.64
6338.11,6605.89,7414.67,3478.84,5908.85,440.64
6456.64,7304.67,8378.79,9348.49,3205.04,3845.07
4771.36,8543.48,7565.42,6778.48,1856.52,7447.37
7694.93,3452.00,9266.35,6629.68,3452.82,7012.08
5125.51,7809.71,170.50,7415.29,172.85,2733.68
8694.79,8833.77,3967.67,3430.62,4810.65,7725.31
1545.24,8290.92,9052.29,6083.27,8249.58,8859.46
5101.83,2074.11,4950.71,4295.36,6554.14,7915.59
9873.91,6928.46,9250.72,8424.09,6572.78,4284.15
4276.05,4504.93,8558.12,1126.28,7365.16,6282.25
6129.59,4278.44,2188.62,2722.36,2487.02,9767.35
6203.91,8729.16,638.66,6357.50,9210.02,3181.42
5729.49,6294.41,4478.28,8052.41,4913.73,5179.23
234.00,4176.21,573.15,6227.73,2886.99,2744.75
7991.14,4722.24,4412.17,5859.26,8905.16,3785.73
974.87,3601.48,953.33,9516.57,7878.40,6109.88
7852.60,9006.13,5039.79,1627.32,743.85,1907.68
1015.06,9365.94,1058.59,5359.61,8603.99,5623.60
4744.56,9424.41,263.53,6467.06,2231.93,7852.79
9536.26,4740.69,9531.32,3107.61,5884.44,8009.53
3011.71,8973.12,8835.52,7682.08,9457.25,4219.77
6700.26,1937.55,9425.82,3706.58,9992.69,3702.74
4167.02,4973.52,6305.44,5116.00,3809.33,6550.27
1124.45,12.17,7186.41,49.66,9085.89,1335.07
4473.49,7193.48,8904.56,2547.14,236.78,9909.53
5516.26,9147.34,5893.65,5268.72,7253.65,2952.06
7475.38,3650.41,3442.61,5271.95,9254.61,678.43
9569.62,5781.32,4948.56,9386.82,5309.68,8647.95
1710.11,9208.17,4143.73,7735.34,1443.09,2951.25
5421.22,3551.70,4198.48,3165.66,1521.94,4254.59
550.67,5299.22,2314.87,8750.83,7465.81,3307.31
6775.02,3001.20,4122.14,284.70,4572.48,442.01
567.23,3658.25,1010.81,4220.64,7941.52,316.83
8407.82,1800.91,5850.75,4089.20,3843.09,1028.81
7338.47,714.47,2595.54,2543.25,3077.93,7880.67
5056.84,8309.63,279.63,8620.49,9163.37,6857.25
4747.98,9812.10,6366.38,304.81,836.13,270.12
2405.80,378.37,2880.06,3649.65,2361.58,948.46
4992.59,4059.93,8422.45,6330.79,5349.61,1215.81
3911.72,1237.58,672.24,4261.91,1609.50,5757.66
6632.37,9374.47,1718.78,9189.85,8632.73,525.80
1462.86,3622.82,8154.00,6870.77,3372.29,4528.45
732.41,1972.03,5876.86,2729.81,8430.27,5355.39
523.31,8559.31,8167.14,9177.59,4549.94,8825.83
5355.32,9225.76,4009.04,7514.96,5427.53,7603.21
7940.70,1715.30,5497.80,8493.42,6109.91,9698.53
5541.89,8929.68,1104.67,8801.38,2248.46,3847.96
8114.81,2272.83,4587.10,2371.41,1521.35,8825.05
252.59,1230.07,5758.81,8927.04,6760.90,8854.67
4374.03,7721.29,1369.80,8706.84,254.24,5511.47
2639.90,8611.18,6262.04,7354.15,9320.58,9826.41
981.21,4627.21,8583.24,4025.79,6640.18,3250.43
9983.59,741.21,6106.52,1814.85,2041.74,6872.47
7673.70,9773.41,1626.45,516.99,7475.47,4851.82
8227.17,4682.86,1941.52,1714.92,8388.11,9463.22
1774.87,3239.23,4092.75,6670.38,5023.92,52.58
1009.25,7477.59,503.11,2240.64,6041.73,6803.35
2612.77,8256.07,5148.41,4984.19,4786.99,2702.86
8953.90,5657.94,2568.29,8029.03,7370.21,4136.98
6595.03,9284.65,6691.09,2778.85,6418.11,1863.25
6811.33,2381.87,4551.90,8191.94,2911.51,3319.37
6528.81,8250.25,435.08,7620.46,3446.50,7134.04
1517.47,8805.25,8285.27,6104.59,3650.63,1199.24
6119.80,5994.49,7186.30,8472.96,2459.65,1604.86
6325.54,5110.78,5818.56,8315.70,3775.34,5979.46
3388.10,5829.79,2088.09,4210.25,1714.06,6888.67
5743.92,9913.53,2846.66,2712.34,368.31,8283.60
176.51,1434.71,3866.28,6360.94,7584.31,2769.45
2524.18,5459.21,6300.91,9048.44,5717.40,6488.20
7209.49,2081.88,7489.43,3044.76,769.98,624.57
4272.30,2018.01,9813.60,8125.29,3929.78,2141.89
9324.84,3132.84,4654.90,9136.06,6363.06,9045.83
8613.82,7461.98,6730.30,1428.93,5668.78,5245.31
9873.24,9021.58,1368.13,897.21,9124.70,5246.66
7907.55,7569.91,2329.08,4925.92,4537.91,7209.19
8976.17,9886.76,5562.86,4676.70,6359.64,7823.40
7339.99,8861.73,7368.22,7309.53,9623.13,6673.79
2277.77,360.25,3358.18,4043.86,9105.97,7522.65
6091.23,3733.75,6697.86,6292.41,3085.65,6679.76
1558.24,6028.32,9439.81,8902.98,6285.91,59.26
786.60,5532.39,5684.80,2468.55,4460.52,9018.21
2990.52,906.59,3745.87,5083.97,4897.16,3361.14
6531.25,1162.98,6944.81,4594.94,3604.38,8876.78
8379.48,3011.02,7708.64,9377.54,1461.57,2638.86
8810.65,2314.55,6669.00,8824.86,149.36,5497.40
5168.96,1509.31,4251.44,4178.20,2767.81,9559.29
2374.99,4763.81,8191.52,7326.19,835.90,6057.06
5481.12,3350.79,475.19,4902.99,951.31,8495.76
89.86,2032.83,1010.20,163.62,9841.22,2285.37
4870.24,5689.64,1537.79,5694.05,5526.77,1438.02
5388.37,4193.61,2908.23,8207.88,4336.57,1728.09
7576.45,4747.17,4945.43,1394.38,5887.43,6295.06
2724.20,9282.48,734.36,904.53,5456.26,7077.33
3395.21,7566.99,3976.40,6823.06,16.29,6732.60
4055.43,3972.42,4263.72,4960.48,5110.19,1907.71
6966.02,6412.39,8253.12,1116.69,9620.30,2659.42
9925.47,9474.74,9795.89,10.55,7439.93,1846.85
2645.58,649.29,8788.30,8299.20,7984.47,1323.88
4550.76,2981.60,1710.73,9296.14,8856.69,8786.56
2317.67,6130.97,8295.67,5132.72,9065.49,1959.16
5773.60,3971.52,7282.87,8501.05,546.22,6861.21
8370.72,6739.21,6627.08,4520.29,2386.85,3444.90
7471.23,8146.86,3670.05,3413.83,556.34,652.70
808.46,9180.24,7309.66,3427.88,1844.45,4625.25
3872.21,1576.97,6758.45,9513.58,5066.37,2408.07
9455.81,150.68,1048.54,6094.58,910.53,4795.50
2806.24,7378.04,1727.88,2120.80,9062.36,8099.74
5698.57,4976.09,3611.73,9302.69,6173.48,5434.34
6436.17,6658.58,6433.87,4705.31,5108.94,3226.90
593.21,289.45,6228.70,2485.83,3520.68,6542.24
241.13,1587.90,3230.15,981.52,4298.76,9730.17
2303.97,2113.76,3793.45,7687.76,8992.57,5771.57
6089.17,4669.30,6094.64,197.82,7723.27,2821.78
6616.12,8882.04,9875.09,1668.36,5591.71,5715.68
1332.52,1548.79,2722.70,8119.34,3405.83,6141.78
2014.72,7154.04,1828.57,9755.63,2757.53,1514.34
9818.37,279.21,5447.90,8893.98,5478.34,9437.62
3232.77,7359.72,3231.63,1160.09,4582.31,7884.44
4087.11,5334.61,2248.42,8743.84,9233.24,8108.17
5558.27,1803.27,6203.58,2394.60,4258.89,173.03
3375.18,3985.98,5335.84,3804.24,7268.37,7762.64
6859.30,5003.30,6151.10,2599.99,1143.49,5603.10
134.89,508.17,6236.36,6889.25,8389.57,1760.11
8825.20,1889.45,3998.72,5016.45,3195.86,627.49
2783.96,4638.58,2668.53,4311.10,9832.73,4801.16
2113.21,6317.05,6902.39,9527.96,1557.51,5163.69
8642.03,4730.23,564.99,8344.01,9175.99,5708.37
9335.63,7881.02,1288.64,4776.69,9526.06,4596.62
7223.21,4049.01,8161.06,5628.84,7288.19,1935.13
2925.80,6808.17,860.52,6719.31,2725.46,3001.10
1015.16,9817.18,9820.37,3768.69,3057.98,4127.24
89.00,7009.13,9323.68,5567.26,3366.07,8984.02
4617.81,2026.41,9397.45,1526.25,5334.73,8313.31
4145.35,5125.90,7621.01,9224.69,4791.47,5745.71
3987.06,6798.88,9245.06,2054.37,7865.94,182.39
8883.09,1906.30,8094.06,777.78,6164.24,5147.53
7994.48,2036.57,2308.71,9100.68,1721.03,8875.34
418.62,1569.45,1609.87,2074.07,3379.04,2911.08
9190.60,9490.86,6605.58,3027.41,8307.73,3346.81
9343.72,3445.56,7250.98,8629.26,242.00,9200.80
440.30,6235.02,2059.04,3032.37,5955.29,939.61
5508.99,7571.72,3893.65,5417.40,4445.46,2358.75
1620.02,7198.06,5388.93,1970.85,3383.16,3004.77
9438.96,1562.70,1919.45,4656.17,9274.35,4154.80
541.44,6228.59,5146.19,2859.94,8196.64,2322.54
3224.31,1452.69,9574.73,2255.60,8293.87,4420.11
2989.77,410.19,5095.63,3962.23,9372.76,6124.66
834.30,8887.55,8900.63,510.88,9396.01,1782.28
862.02,5911.27,874.88,7724.06,9174.88,4012.32
2195.42,4970.28,7204.00,154.72,9490.32,7331.42
6154.53,5365.32,522.13,290.97,5579.61,7215.23
3993.12,1039.16,4189.54,237.14,8217.63,4593.70
9649.78,5027.28,1935.85,2792.85,2167.79,56.20
1791.77,1485.82,9351.71,4841.66,7679.51,168.17
3771.72,3365.61,7011.79,9243.54,4099.30,9555.94
8620.03,6559.48,2365.80,5535.14,4041.09,3406.46
7156.17,2939.14,1315.61,879.42,1185.62,1525.51
9092.13,3646.12,5761.71,8507.36,6909.85,4973.33
2084.05,6691.41,1833.41,9276.42,6576.25,1329.22
5770.20,9085.77,584.40,1024.53,8521.69,140.50
2074.70,1578.96,8000.27,5992.36,152.95,7804.48
527.03,6204.77,822.30,4488.67,4169.99,7594.36
1878.26,6700.15,7429.95,5515.21,7325.35,1083.40
7702.67,4025.71,1340.35,3165.11,7821.03,665.38
3103.92,1801.48,4795.62,1944.71,4636.97,2883.40
1020.12,302.63,3509.77,5411.52,3965.02,3978.30
7990.95,7889.96,5404.66,9706.23,5315.30,7881.07
5499.91,9274.88,9836.06,467.98,5428.02,8104.85
8755.69,6966.64,8478.37,276.09,9083.10,9897.54
285.67,4459.03,234.28,701.42,411.82,4307.63
9995.85,6713.33,466.99,7939.95,4598.55,8621.63
8126.51,6712.64,8901.27,5108.60,5845.45,9746.22
9323.44,3693.07,1923.73,430.44,2480.46,8770.93
9026.93,4809.49,7528.57,7961.03,8286.90,1991.80
6909.03,9576.68,6065.39,5467.53,912.06,4930.19
4548.98,8020.43,3348.76,3713.73,9353.05,211.70
8206.71,5794.69,2360.83,9007.57,6816.91,9077.71
8616.85,3553.19,6539.79,6952.90,80.29,6868.02
8285.96,3695.98,3973.92,5438.93,8008.15,8989.76
8433.20,8775.33,7935.62,5331.37,7066.87,5688.16
9256.96,7573.41,5427.14,8177.93,2078.18,4848.76
4976.51,2801.94,3276.26,6873.42,2482.78,608.01
9074.76,473.89,120.49,8904.55,3905.57,8662.11
460.53,2700.56,6050.97,8393.64,4712.58,4185.54
174.92,1466.40,7703.19,6656.97,7984.95,2005.15
3431.15,267.65,1855.19,1725.85,629.30,1903.14
1431.17,1413.24,8900.39,9250.85,8123.73,2867.78
9610.34,3058.25,258.89,5433.89,9233.85,3269.59
5813.08,7780.58,5959.04,8635.24,1158.27,7808.94
2586.14,7338.65,411.87,201.14,3383.11,6490.03
2305.47,4793.31,611.15,5294.29,3387.33,9524.50
5747.89,8753.28,3666.15,9758.75,9995.71,2539.37
9810.57,5881.47,7396.29,5955.87,5529.48,9862.01
2475.91,6181.82,7614.46,7680.36,1477.69,1729.80
5871.95,2935.68,9955.82,901.96,5870.53,5742.17
4028.90,340.75,8707.61,2160.91,7089.30,8473.72
4448.19,784.85,8835.60,7801.06,9259.81,6579.18
8790.54,1943.06,185.09,3303.94,2170.73,8261.88
5415.35,7411.93,2395.85,4792.42,5551.27,4480.44
1496.04,6503.64,8896.60,7521.73,3255.76,1218.61
1999.84,4288.59,9843.31,9991.99,6958.71,5968.51
9353.84,9024.35,698.15,5385.16,8459.86,2868.07
1261.30,3758.69,8934.95,8881.60,7969.65,1638.45
1616.42,3273.57,1473.11,1978.81,7856.85,2393.60
4834.96,1448.57,2173.77,8350.33,8355.16,9677.24
1207.05,629.39,4573.93,7886.30,7448.66,3308.46
6218.27,6983.65,9846.17,1189.74,3805.81,6975.38
3388.37,2429.20,4498.45,1751.18,6016.87,9000.53
1839.98,3379.46,6192.23,3044.51,4213.79,2440.05
5911.93,387.33,7715.41,9817.98,2806.91,3472.85
1112.89,1000.24,384.63,9771.45,6440.61,1070.11
1700.89,3852.12,3901.52,3492.24,7575.24,133.29
2966.01,6247.20,871.71,5808.55,1141.46,6954.85
224.52,6669.44,5302.42,6960.47,5883.55,5579.15
8317.71,8873.15,8890.53,1344.30,2017.39,1251.32
4518.24,7440.74,2247.35,167.72,7808.39,8976.92
1545.13,4943.11,3156.33,3974.93,5296.75,4794.84
3339.72,1688.67,8953.57,7711.46,2130.53,1776.49
6734.85,1696.07,3964.56,5320.69,4700.51,7915.03
265.93,9309.04,3875.47,5387.31,2519.59,7742.95
49.98,9137.35,864.03,4880.70,2257.10,7064.82
9196.53,5379.51,3314.31,4341.10,4589.55,2633.81
2153.22,9609.96,2724.32,4352.92,5325.97,6563.39
2980.13,5582.59,3108.16,7554.60,8739.31,4696.08
998.40,5217.79,3787.03,3007.89,7799.92,5368.86
8913.57,4028.44,1439.37,1748.79,4795.13,2506.67
9940.93,9592.01,8055.20,7979.57,4048.21,9756.92
3927.79,2864.51,345.72,2213.84,4050.58,6298.47
9924.87,8103.08,8375.73,8207.42,1682.26,7628.14
296.95,7453.00,2414.63,3355.09,2172.54,9621.65
297.22,6661.45,6129.77,9979.43,937.97,4077.95
4433.19,5072.20,4850.37,7208.65,408.03,5629.52
9693.07,3153.43,3604.41,8323.70,4444.09,9456.11
2385.41,8536.21,5666.73,2197.02,4359.78,5494.41
2219.10,5123.13,5059.05,1431.67,7975.03,5907.72
9507.12,4595.51,5954.75,9219.89,2583.13,2453.89
4814.34,292.82,5948.91,5389.62,9134.87,5513.65
2852.28,7494.24,6030.99,9877.03,1172.14,1032.48
9194.29,8077.11,6616.62,3744.00,9963.50,2820.67
9469.47,5478.82,3105.90,4990.04,9894.82,1384.40
7898.05,2720.32,1121.49,7801.19,9576.34,6314.18
8746.06,2949.35,2084.97,6550.01,3957.96,7271.74
1356.07,9350.26,9638.21,8790.69,6039.21,3124.03
7758.71,7578.68,6120.75,5661.85,7711.08,7104.63
7300.77,7648.51,2281.50,7048.04,6375.34,580.97
4841.26,933.76,5083.38,6126.79,5559.24,4053.18
4381.72,9489.53,1041.08,6592.23,7292.33,584.70
5245.01,7673.07,166.44,6061.06,4125.16,4226.98
1658.34,4342.41,6234.56,2346.42,3749.18,9672.66
4990.84,866.98,3228.34,6676.33,514.42,3664.58
1485.80,7409.15,9086.42,9370.26,2369.08,5570.05
4598.75,530.88,1112.00,3265.25,1707.16,1317.78
986.73,9295.60,184.68,1733.53,7591.56,1362.51
3825.56,735.80,8314.59,5373.38,7211.64,890.74
5979.79,7794.61,3740.78,3487.92,1351.38,4423.05
5606.11,5487.62,8524.20,2675.81,3753.99,8814.05
6515.87,2945.33,5802.64,3076.28,8580.68,1339.25
9410.26,2352.16,2538.16,8206.26,6384.67,7033.67
4885.31,991.62,2213.44,1644.53,1664.69,9866.09
9350.80,9959.41,4092.66,3789.86,1593.04,619.87
5038.52,5637.12,361.02,2013.06,4253.44,8553.77
6064.32,1672.09,3695.38,4336.72,8616.06,6424.80
8607.17,1674.39,860.84,1963.82,3807.82,9239.17
942.56,1094.43,1967.44,5230.07,6838.09,4498.71
6361.33,7145.12,8686.71,6105.44,5375.46,6329.70
3522.88,2319.85,7071.58,7956.59,8085.64,5443.77
995.23,2092.18,8472.07,8961.88,7188.46,9645.53
3549.83,3928.96,5010.40,4876.81,2420.62,8266.36
5254.22,1651.33,1900.04,2183.32,9332.94,9213.18
977.03,2985.04,1757.05,7227.47,702.01,4562.34
6345.06,2664.72,6249.35,1307.72,4317.09,7668.21
3945.61,4263.62,7604.14,6638.23,5315.72,6380.25
5867.81,6087.05,7708.24,8502.34,1009.12,964.97
4299.10,4716.67,6844.96,6466.99,1770.70,8601.98
124.02,7948.03,6491.95,8915.20,3456.98,705.10
7685.29,6480.46,4571.37,8232.04,7656.22,6109.11
3165.77,8261.20,5896.15,8190.86,8009.12,8229.82
1065.86,5721.33,2028.20,2810.38,3894.64,682.92
6620.68,2000.90,6115.81,2350.22,5651.75,8573.45
6909.47,45.90,2746.59,3103.05,5047.90,2913.21
2314.01,3664.26,9023.08,1338.89,7535.60,8578.82
1741.73,1372.72,6182.54,9466.93,3008.83,2375.24
9522.92,6288.70,3434.01,9353.58,7455.48,5818.84
6274.11,3087.68,1018.40,1400.12,5292.81,5873.32
2854.08,5983.04,9457.54,3884.54,2911.92,5679.32
9006.89,9398.73,9388.22,8322.20,4067.03,3593.29
9052.25,7181.17,5749.50,6684.02,9492.14,8709.09
8364.32,4555.03,2454.59,4807.95,7300.01,1554.17
1133.72,3422.10,626.07,1785.05,3751.05,7434.81
1171.56,4173.95,1740.35,2576.17,6081.88,6363.04
86.46,3516.71,7981.99,8605.59,4595.87,3225.13
2464.80,1433.39,4919.66,7051.59,9332.62,3169.38
6286.67,9768.46,8722.65,1960.29,7510.54,6845.64
9884.37,4450.66,4571.83,3787.00,5009.24,5132.43
8128.32,3119.73,3679.87,2877.53,9211.39,706.11
8589.02,3626.46,6892.25,1188.48,2936.74,2059.64
3313.35,8505.53,7941.55,3322.97,1328.06,9188.40
9637.41,241.89,7805.50,4650.77,4030.84,7747.89
9891.77,2589.28,9856.78,5977.71,2969.11,5345.70
8826.43,6294.53,9649.58,5929.03,1457.08,7346.83
4492.25,8684.61,9084.62,8272.82,4856.66,3367.55
1198.76,3573.58,597.28,2005.88,5934.41,4523.74
6625.41,3290.59,2501.11,3275.94,8876.26,7565.29
4085.20,8808.55,1318.28,3021.58,1532.30,5515.80
4529.67,486.85,2180.95,316.23,1215.77,949.30
5833.58,6657.87,8022.35,3046.92,5014.60,7174.63
3156.39,9159.66,9279.69,2629.79,3448.22,4568.15
7163.45,9511.60,7161.97,9631.97,9422.70,1723.52
4602.78,2911.50,995.91,271.33,8325.42,2911.84
5074.74,7432.77,5638.42,9090.68,6787.79,6560.10
2925.90,2555.90,4065.14,9129.67,5097.31,1071.60
8115.01,4804.20,289.63,8726.13,2459.51,4894.77
3718.89,7847.47,9272.51,5075.65,657.05,170.46
1955.23,4420.98,81.33,528.53,6812.00,1029.54
8649.35,3239.84,4017.39,1830.09,6021.51,8664.06
5690.29,4681.85,6243.00,7610.74,5208.93,2091.12
426.48,8630.84,2051.80,4739.00,6033.38,9769.81
9857.58,3038.15,4506.77,8588.18,8811.61,4868.03
1829.71,3881.55,9671.80,6709.73,889.49,5699.08
5770.71,3477.70,8646.99,5770.19,6621.61,3465.02
7673.81,4268.60,4030.38,4638.22,892.20,2778.72
2641.43,9772.88,3757.39,753.57,9495.18,5626.73
780.92,8845.65,2435.54,9108.25,7425.88,6724.24
6016.40,9994.37,9641.50,8969.76,3851.98,6933.40
937.17,2854.98,1548.51,7783.30,219.90,9984.53
1213.78,7948.39,2954.88,1285.59,5637.52,5829.81
5602.13,466.67,8670.64,7337.57,733.11,180.17
9707.08,6188.34,4612.18,4593.63,8051.56,6144.45
9317.43,5792.65,2584.50,1246.84,8289.60,5199.61
1067.82,1125.30,1137.45,4585.21,9225.25,6717.09
9938.48,8750.01,3180.41,2703.89,992.93,1534.88
6490.81,8498.05,5914.10,9643.76,2616.10,4692.77
9187.56,210.67,9888.13,2721.82,1.27,4910.12
5348.21,5738.30,694.72,6579.84,6205.12,1858.48
9488.67,8509.13,1002.67,9917.67,7515.88,1315.45
3772.55,9995.92,4444.65,9969.05,303.17,6208.79
3529.87,7251.19,9439.41,4709.38,746.02,1268.29
9613.65,1634.54,1008.42,1760.43,4559.42,7648.86
366.71,4184.93,9684.42,8226.41,5578.11,2172.19
4580.40,2170.53,5178.13,7550.48,2502.97,8662.47
8311.25,8085.50,3417.87,2772.42,9867.94,9037.63
9452.39,1468.23,3918.85,5240.28,218.30,8559.14
9360.65,1634.01,5357.60,9478.02,9631.18,2721.63
2041.74,5472.68,1206.35,3789.65,932.91,597.94
2885.08,3348.62,2609.20,1639.16,9207.76,1778.03
9645.36,4887.27,9984.25,2017.16,5197.11,1948.52
1107.20,2702.65,9712.97,8975.09,4042.19,2985.37
8880.44,9964.75,3255.93,481.40,7154.35,4857.63
7523.57,6341.08,1363.17,8997.99,1881.30,890.67
9845.14,1488.53,6030.13,5763.61,9982.48,7744.26
8700.04,6446.57,3457.38,8095.83,8212.59,6036.04
6394.28,304.35,8375.21,6204.54,5831.36,1721.37
4553.28,6747.46,5773.97,7615.60,4061.63,2817.54
4794.09,7489.42,2484.88,8818.97,1823.35,2497.99
9409.35,2678.43,4053.57,7385.94,4168.13,4822.42
494.01,9674.03,7769.43,871.81,6562.01,761.06
1204.11,4688.43,821.40,8722.06,5123.30,6376.19
5905.66,9031.88,8713.06,4400.89,1070.45,7262.67
1162.90,9787.58,3851.43,4014.53,6550.35,2046.41
9719.58,6090.80,7380.71,9759.82,3872.79,508.55
4303.58,5935.51,4161.30,7870.01,4390.40,3682.23
5199.19,6872.40,3092.08,7263.63,6763.61,830.89
4462.96,9187.83,9195.26,108.04,5012.20,4930.92
2102.91,8659.19,9060.61,8367.45,3550.75,8269.03
2174.61,22.71,9.30,596.75,7093.87,9138.08
5397.82,6386.08,5181.19,2179.83,9367.87,531.52
9507.54,8348.82,3583.99,359.19,8877.57,3916.35
395.76,5455.45,4945.66,9986.74,4000.42,8165.22
1498.69,684.86,5061.91,8216.99,9289.27,7503.56
8976.71,2131.03,8654.98,4996.22,1899.53,7361.55
1147.15,5015.17,1040.93,3302.78,4802.20,724.78
4119.16,7393.25,4022.81,9962.09,7044.67,26.93
5468.00,8736.34,5229.24,8145.38,6597.48,7354.11
812.94,9912.33,131.74,7366.30,7442.84,3904.85
6033.39,8131.94,3621.93,9908.10,946.05,5569.26
845.25,6887.63,794.10,224.38,2361.16,5969.89
1334.98,1775.42,9470.44,1245.09,8957.83,3441.87
4020.55,2348.04,4625.01,7248.11,6913.90,9550.64
287.52,2979.29,5351.05,6083.13,8861.13,3501.43
8037.42,60.18,3471.38,8873.71,5964.64,4254.14
6071.01,7445.70,4328.83,1267.96,4671.90,2042.46
7463.01,1267.54,2767.01,5440.58,7825.70,4105.23
9350.72,590.17,6097.08,5752.24,8322.39,3060.82
1762.92,5359.20,9572.19,8077.76,9707.80,2466.33
7520.36,9787.58,6900.91,2899.53,9734.96,6492.25
1468.11,8780.79,2890.87,477.49,4161.30,5275.60
2753.01,5288.42,3518.02,9026.52,9009.71,433.02
9284.67,3455.27,1012.67,6182.60,4669.06,1843.63
9371.05,2755.15,8593.67,7541.98,5099.05,6232.92
5744.44,6236.35,6208.59,4037.60,4022.76,4682.68
6745.48,2806.15,1428.81,249.06,8304.87,3423.79
8714.38,1902.75,3879.88,9586.22,6448.08,4813.27
1993.13,6762.87,8325.89,459.98,2959.61,4596.77
5421.42,6460.76,9680.41,2421.75,8199.43,2981.89
839.92,5852.75,7780.36,1613.91,2531.50,3669.40
8492.16,52.20,8438.43,810.34,8838.95,6278.51
9261.69,4982.95,7806.20,7467.41,7751.28,3581.72
2887.14,8230.00,5918.29,4353.70,3056.35,602.49
2744.19,6706.46,7750.92,1166.55,3190.23,4708.77
6390.60,9543.68,7419.22,5511.98,6254.59,6046.00
9269.71,8760.56,5542.71,5713.35,1438.11,2276.77
5768.13,4541.43,2200.50,3050.05,7437.35,3950.88
6242.78,3100.66,2662.69,4958.81,2620.58,4076.82
1535.86,5855.24,8764.95,3120.61,6163.06,484.08
3882.89,639.23,7424.70,8688.67,6485.01,1328.23
3602.19,4354.40,2150.08,9675.21,1639.84,159.29
4544.82,3983.34,6791.87,2768.98,4576.36,4313.32
3460.04,9663.64,8079.12,476.75,5635.81,8265.15
7335.04,9818.98,8896.76,6139.84,3776.39,2653.63
2317.01,3112.29,3508.53,2197.44,9195.98,399.12
3158.99,9492.05,5174.70,6258.37,117.89,7074.59
1043.15,9438.14,315.73,726.57,4003.35,7974.30
1092.23,1871.55,7707.84,6349.60,1884.74,6814.37
4269.07,3094.86,3716.36,9428.74,9543.40,7248.34
7354.15,6815.37,1288.34,848.65,3967.47,225.48
7278.26,5937.33,4177.02,1180.88,5957.07,8078.48
349.08,1661.43,8653.00,824.51,5819.35,3685.01
7729.43,121.47,9411.07,1104.53,1630.80,8558.23
9292.76,2561.56,7193.24,8506.89,1221.61,9555.44
4284.54,8738.74,7914.41,8942.61,5362.98,8166.70
521.46,8598.47,7194.15,8750.87,2480.78,6509.64
1791.29,8686.51,8518.33,9298.59,5145.13,3486.62
1771.66,4247.26,4751.21,1910.72,960.05,5487.09
8547.72,3965.15,5521.48,3903.72,6563.06,16.00
5749.00,6246.69,512.55,2780.31,463.26,1855.15
763.40,5593.75,4998.11,6374.22,355.83,3998.52
5513.40,4660.26,3502.48,2016.73,9569.99,8973.38
7731.08,7855.41,3993.72,6036.28,438.30,1509.03
2902.41,8922.18,8255.22,8186.20,6128.98,8611.31
5802.19,1420.46,9377.72,5435.17,8529.32,3446.91
5533.49,3143.11,6911.92,5812.01,3057.77,6807.23
1004.95,3424.80,551.31,7277.22,1000.74,8608.45
6138.05,8927.74,2166.95,8298.34,170.61,5264.30
5821.95,472.64,7809.00,5855.96,4612.26,2629.02
9802.23,4991.33,2623.23,6833.76,7592.11,6546.72
2840.43,7390.71,3837.40,6320.92,8687.31,990.49
4676.91,6109.59,1864.92,8650.38,9096.82,4834.59
9196.42,8838.86,5106.33,5641.27,5167.03,8030.59
5750.64,3404.20,5324.68,8156.64,9492.92,8160.42
3109.02,786.28,7616.49,6564.14,1665.23,5376.32
1580.21,1190.75,167.48,6975.70,3278.15,751.46
8875.00,1064.01,3384.14,1779.79,7438.53,3410.26
7213.69,5246.06,9168.22,4523.05,563.95,290.59
9430.43,8132.66,4744.06,9340.97,9733.34,7319.46
3532.58,8002.04,1372.85,8203.87,3006.98,5.10
1269.74,9216.64,3496.83,9140.22,5303.02,9771.13
3900.10,5386.51,2131.67,5764.55,7172.36,5930.01
390.88,552.05,1196.88,9063.30,1698.21,2615.95
2051.69,7787.49,6347.18,3388.38,1394.99,1380.64
2010.88,3003.12,9112.54,9208.35,5654.07,8570.65
7630.29,8758.67,8606.56,5613.89,2555.28,190.94
9766.01,6748.63,2605.59,5255.26,9306.86,2581.09
1353.57,5461.97,6002.49,3924.95,4090.44,7147.07
6225.00,1490.74,2653.52,6953.22,7412.27,2572.86
9539.12,2511.55,9270.35,2027.13,8093.61,8357.13
450.90,7010.19,3006.31,6418.57,9691.88,3649.16
9731.75,6500.37,5292.81,2111.58,3864.67,3066.91
9153.25,1032.99,8895.21,804.49,7992.39,3621.87
2067.35,6530.11,9171.80,4316.48,7830.13,1377.03
1296.72,5763.71,5550.06,7105.84,9835.71,3077.65
3304.00,487.89,3980.06,6957.80,6271.73,3695.25
437.17,1957.47,3971.51,4812.67,1095.02,469.14
352.51,8849.98,8761.67,155.75,4784.82,9224.36
4020.18,8501.40,3417.02,2278.28,3683.42,4991.37
9744.15,8993.49,104.82,1694.44,9450.26,6218.79
2562.24,4390.35,2738.35,4565.29,5388.94,9992.64
5060.75,1215.57,479.28,7652.97,2552.89,2592.47
9199.95,7599.23,669.52,8026.91,4755.68,2828.94
4513.23,5133.90,8649.99,5677.63,1780.83,3549.84
5016.79,5081.24,7349.64,595.04,5707.34,6338.51
3072.15,419.94,9818.91,2614.12,8215.89,1100.62
8785.62,1467.93,1400.35,2148.38,8708.15,971.34
1166.20,3853.83,7923.31,2238.94,5695.03,5420.57
3823.62,3861.93,8354.63,2789.65,3403.01,193.03
9010.31,989.31,7469.99,4635.95,7455.24,9916.93
3356.47,5086.49,7338.01,142.65,3779.86,6553.84
50.74,9827.72,2785.82,8849.06,2720.39,2218.93
9696.09,6861.75,9053.54,8497.48,2565.09,8067.28
2513.06,9766.47,7756.11,6157.06,6416.05,7528.71
1164.54,683.02,4209.14,6319.55,6437.92,9729.87
6898.04,1697.90,2742.55,1427.91,1136.79,7502.05
6484.72,6114.78,782.50,4105.24,2429.29,4464.65
743.72,63.01,878.40,383.03,7078.49,7185.55
6432.74,5340.90,4489.90,2585.37,4517.66,3482.37
8961.25,8188.34,1823.14,3799.96,3667.80,551.13
5140.07,6402.37,4996.57,4623.30,477.73,3153.21
8733.00,9260.54,2806.62,8530.41,6216.86,6213.02
8425.05,4557.53,104.27,2465.89,645.45,4811.72
8267.34,3787.25,2843.51,5016.95,5730.97,516.64
8326.18,199.73,7528.21,2158.16,6519.66,6794.77
9379.80,6884.22,2120.41,6883.97,1079.26,2592.15
901.21,6885.53,8712.40,6646.98,7962.61,3659.13
148.41,7289.20,6493.49,3146.59,5414.48,9753.89
3499.73,8663.06,6277.86,6324.73,6944.97,5356.70
1767.48,8255.01,54.50,2379.11,1240.55,589.84
9042.97,3551.68,2086.88,3227.45,7426.58,6384.62
5487.34,5473.07,4067.11,2821.48,6287.60,2998.04
1712.20,4357.64,6018.03,2193.27,4640.07,4335.45
5676.36,2625.12,7317.73,1800.27,3011.35,1555.60
6047.48,8456.76,674.32,2283.13,1724.44,4731.60
6301.32,6379.28,6193.79,3296.99,396.30,1571.13
6023.73,3706.25,9153.83,3294.43,2313.32,1263.81
9010.27,670.52,6846.04,539.51,3015.13,6576.31
5309.50,8180.36,8963.76,8566.60,3166.54,4788.91
3730.03,4481.07,3860.91,547.85,8890.00,5746.97
84.02,1588.76,7423.19,4467.22,3414.55,8255.88
9137.96,1048.36,4477.94,4575.75,3151.00,9546.76
8428.09,6463.50,8767.80,7937.17,9577.07,412.06
6917.23,6551.79,7249.35,8692.00,6361.23,219.66
2228.57,4751.66,4597.95,5215.82,2006.61,8933.58
7844.34,4332.44,4245.07,5844.45,8074.39,8354.35
3878.61,2424.09,4155.65,9821.15,3002.61,528.27
7082.35,4507.77,5594.49,1423.09,5698.63,7787.38
7427.35,8884.25,8404.64,2994.27,5391.07,3575.80
970.12,8963.92,348.59,4339.82,7897.56,9586.89
7102.88,3023.31,3934.36,4511.15,7426.17,4782.38
6406.11,2340.50,7311.11,7508.22,8333.63,1319.75
850.72,5861.40,7986.67,5907.68,8829.84,4232.65
2098.40,9143.60,3825.88,9337.64,4215.93,2767.28
4319.58,7832.61,8944.10,5343.69,3434.89,22.90
3210.96,9019.14,267.71,4601.74,9007.60,1096.74
836.78,2437.60,9571.22,6675.42,9577.14,5579.98
4429.47,108.38,7932.51,4101.55,9967.10,4283.79
6093.06,4837.10,3176.68,149.28,3749.29,5772.39
6769.05,6555.07,5157.71,6737.83,9782.97,2286.75
787.87,2231.43,5773.02,1601.65,8212.12,8205.13
3211.18,2019.75,3946.92,2429.67,6151.81,6848.30
2250.76,5457.36,4415.74,7986.70,1754.15,5762.44
2591.20,6974.97,2745.93,3581.42,7397.09,9557.43
5122.50,5045.83,2225.80,4204.48,363.10,8833.03
8453.62,2018.57,260.96,7838.73,6072.08,2227.33
6625.16,8301.97,4707.52,1062.23,2669.82,5209.22
5415.61,7457.35,8374.10,1464.20,1936.88,1734.05
6614.13,1705.15,8275.96,5072.26,9939.47,5954.42
5290.24,3888.38,4545.85,9340.68,6056.81,9370.80
828.64,7830.88,8445.86,3043.81,5411.46,9015.98
4816.40,6620.12,2.80,5474.69,9096.20,6504.62
1551.14,4202.36,8742.75,4671.66,8380.43,281.24
3155.20,4094.06,5425.99,1350.33,7752.42,9163.89
4049.86,3027.41,2883.21,9427.31,3342.10,3938.19
7108.90,2221.07,7669.96,8460.28,9932.23,9069.48
2070.84,3546.71,7563.68,3468.68,7467.92,5304.86
3447.85,2262.21,9206.31,1167.34,5253.57,5761.86
4175.89,1589.07,2007.30,1476.08,4492.76,9743.60
6061.43,3973.10,6551.47,2823.79,3661.58,3402.80
136.21,8875.25,9551.03,9486.24,8226.38,2894.37
2418.65,7236.25,8979.85,3611.46,765.44,8482.98
8837.33,2919.53,3522.42,4637.99,1330.08,4709.77
9557.13,5398.86,102.03,7597.06,7699.06,4701.87
9037.33,2159.41,3417.07,7051.53,1093.26,4192.70
4895.29,1356.73,8848.19,8856.20,7679.81,3620.72
825.86,6845.15,175.06,3121.44,2627.42,8237.79
3541.54,3655.20,3294.39,7706.77,587.61,774.24
6533.53,1507.11,8884.32,664.02,7021.21,901.64
9884.60,5604.63,5258.16,7736.55,224.11,2262.86
9023.42,2479.79,3508.61,1179.46,83.56,6332.77
7276.91,7596.25,6355.74,3818.22,647.43,1796.20
4503.05,1430.20,476.61,3249.97,9929.71,4923.51
7872.39,8889.29,6555.11,5625.05,6703.93,7710.67
490.67,8286.96,5357.15,2926.29,8172.46,9832.92
9913.76,6767.12,76.23,2645.68,6420.27,8466.75
2787.89,9171.87,7648.10,7868.62,5085.28,17.63
4148.12,2108.80,2258.22,1241.61,7674.36,5099.01
9298.48,3321.04,1619.70,2228.48,3889.28,9727.09
1078.98,1397.43,1716.60,8719.94,6275.91,4366.20
1291.98,7518.50,4426.95,8334.02,56.27,3111.70
5473.04,5241.60,3425.14,2717.96,3224.60,3187.32
1821.94,1378.09,781.22,8296.25,6275.25,9362.91
1801.15,1438.68,4933.50,2331.12,3821.99,5790.69
5719.48,8779.49,280.08,3025.49,824.22,7217.62
1611.97,5277.19,1994.46,3234.87,4677.91,4865.14
3641.11,4905.78,8408.89,278.81,7960.44,3904.79
100.20,6911.26,9729.80,5710.23,5636.81,7678.74
7183.07,4009.44,1129.23,1395.53,294.41,3851.83
5264.89,3973.02,7611.64,4428.61,9132.37,5137.04
9897.05,9043.24,4471.88,4424.40,5524.79,1113.25
83.42,3292.92,9405.06,5803.00,7106.41,8006.26
1326.23,1180.83,9179.91,4401.84,2258.69,3341.53
2604.10,8157.34,7683.16,7107.52,595.11,7606.04
3950.18,8326.61,7221.30,6630.88,8492.73,3135.64
6518.28,5033.64,5470.20,233.48,2699.29,4414.68
1339.37,9415.71,1321.34,466.61,7445.95,4151.72
9912.49,7024.22,981.95,3775.74,6994.26,4758.06
735.89,5577.46,2155.77,4344.21,3291.34,4238.58
5435.87,6677.92,6735.35,2927.69,6122.07,9760.09
1869.45,3202.84,8190.68,7458.08,1086.95,9885.74
3253.88,5628.82,1392.70,2239.35,1307.58,6042.01
542.94,3521.62,2479.64,3559.81,1714.57,7545.23
1313.89,3666.56,9980.37,9346.43,7612.09,9238.53
1841.24,1619.13,9991.67,367.44,6907.73,2702.07
7312.03,7410.78,5750.52,5333.10,6647.35,4858.60
9436.94,5395.73,8067.65,5676.24,7056.45,4582.88
1330.88,5207.26,2380.57,8229.67,1514.74,4430.26
9415.11,5177.07,7251.39,3233.85,3618.64,8967.97
5887.97,4205.59,3190.61,1754.55,8730.40,4755.22
8415.17,4423.33,3010.10,8869.33,1064.52,9745.47
3920.11,3790.07,1368.98,687.99,5696.58,5612.24
9493.92,1782.47,6941.94,348.59,2697.84,7618.76
7364.54,5755.54,2107.94,2744.46,6926.05,3986.04
3118.83,216.16,2236.26,1788.78,3088.70,7925.98
3411.30,1148.28,1537.21,1995.57,584.80,1159.47
3022.99,4174.34,9810.54,8987.84,1779.95,6449.86
1638.46,1819.41,5953.59,7079.36,2840.82,4143.78
693.59,8302.05,3601.11,1537.62,9920.82,5620.61
7851.50,8529.16,3733.58,6158.76,4640.92,9342.47
2679.19,6235.29,882.22,9630.86,4503.29,6916.48
2393.04,5460.21,6869.71,3131.44,5908.32,2985.32
1765.07,9649.22,1976.22,6045.41,5721.09,7277.00
2456.77,9285.60,5562.93,9120.95,3949.55,2562.62
6896.45,6542.42,2968.66,1966.38,5886.24,2012.24
2026.26,263.85,353.69,4168.97,8921.92,7046.15
8000.97,1159.12,6761.00,6129.59,7526.20,2016.36
3112.94,6988.56,8982.95,1223.04,9211.55,9956.57
4991.69,3808.73,4666.72,1100.87,6330.19,5019.02
1609.92,8182.09,8220.33,4277.94,412.38,8669.95
2574.85,4604.43,2989.01,773.20,5767.25,319.95
6284.41,4230.53,4131.93,252.02,4840.83,2738.62
4813.86,9681.77,2631.93,5725.38,7809.01,9861.11
4949.14,4472.96,5448.96,3326.06,1859.59,6040.50
8449.73,4604.99,2255.61,2390.65,1655.22,8488.21
8964.75,292.44,3651.33,7019.46,8427.69,2800.25
2656.32,9375.95,9281.29,1595.25,6011.60,8531.12
3511.82,2732.32,5463.92,4122.53,2489.93,5918.42
6052.84,1370.66,7001.04,1877.77,6412.93,7705.70
646.07,6514.79,8365.35,3778.27,6412.29,175.70
5755.82,2612.91,8639.47,3198.72,221.26,9994.87
186.10,8751.94,1061.53,1531.57,1813.43,7937.73
6810.91,9603.58,5365.73,7445.50,9324.22,8820.87
3233.67,4023.21,1677.79,1655.64,8714.03,7900.87
8997.85,241.98,6848.35,7337.92,8808.28,8566.38
8043.24,2359.52,5600.45,765.68,6288.85,3715.35
7349.89,2701.54,4826.21,4018.72,4839.67,3162.58
7553.03,1386.00,1495.22,7942.40,218.73,3418.45
1993.05,7521.25,834.18,1954.20,9261.11,2125.14
4838.73,5163.15,2300.34,9416.29,4339.81,4474.94
9479.37,3178.02,2439.91,4907.14,2884.64,8779.45
4733.72,5383.95,6533.87,7638.24,8857.14,27.94
3494.77,2975.78,9281.42,3827.71,1949.17,5590.27
7528.78,9668.81,7736.62,3178.60,5203.12,1061.71
1795.82,6254.19,7237.14,1656.31,7411.83,6343.84
3386.84,6844.07,4061.22,2546.44,2582.14,6093.12
5365.16,5242.75,4839.65,3967.56,4629.52,244.63
163.46,7753.96,8853.17,6292.93,6413.55,918.15
5254.08,4819.01,6486.10,9079.74,8216.05,6536.69
2975.18,4048.49,4732.66,4882.52,4474.52,7888.18
8973.45,8202.47,4541.40,8792.65,7100.45,3986.98
3294.03,1321.50,957.91,9373.69,4894.97,7901.57
7328.85,1561.89,2454.33,9988.47,3568.28,2527.66
6210.04,5089.13,6851.62,6355.12,7474.39,852.34
9430.11,6708.69,4822.44,1934.91,508.61,3846.41
7169.71,6072.18,7179.54,1955.69,8478.21,5287.94
9410.17,5127.95,6965.04,3888.52,519.20,6387.99
3829.28,8365.02,7951.45,9901.51,3281.56,408.62
4812.87,7954.73,2625.44,4034.17,7693.00,8601.95
9719.21,6793.89,5196.75,2798.96,1816.34,4801.75
8066.64,3979.99,2448.94,9845.39,1870.60,9507.40
2308.88,5988.15,6711.74,8267.68,548.98,1435.42
7145.20,4811.43,2818.72,1638.46,7079.67,6748.19
4433.02,4410.03,9187.52,3582.22,9068.35,5169.02
370.41,6910.78,1002.02,3585.87,9454.94,7271.16
8873.67,596.21,5893.70,3466.62,3757.19,1403.87
5644.91,749.71,1323.57,4798.33,6920.76,4275.37
3198.21,5390.32,7693.97,7410.95,4012.97,7780.60
3866.25,6709.36,3620.38,5558.12,4764.80,7462.71
2698.11,7216.21,7786.26,7390.03,3031.49,9857.22
9035.46,5880.65,8238.85,3131.74,8791.52,3727.79
3675.37,8444.01,9533.85,360.99,37.15,6220.40
5766.14,4141.06,2198.74,6028.95,4243.20,1090.50
3312.32,4898.62,329.65,6208.63,2580.25,6104.14
3036.04,733.24,4205.90,1713.46,1535.84,5413.89
2736.46,1557.98,3430.06,8086.86,9132.10,2054.09
3724.08,2805.30,5944.21,5885.70,3594.33,9014.89
3246.96,2157.07,9905.29,1484.68,4640.70,4206.23
9512.12,6231.53,6543.45,9358.07,8717.77,2232.43
9914.40,8983.33,4786.65,9714.38,3829.81,8897.20
2203.31,7102.50,2042.91,9057.20,1079.43,7749.97
694.42,1624.37,6495.73,7113.83,1891.37,612.26
9648.63,9490.90,7174.73,3892.14,8673.16,7693.25
8934.31,3010.65,7662.59,337.71,1718.52,426.02
806.04,5683.93,6894.35,9641.75,3462.99,5950.70
9437.37,7059.25,4966.03,3725.21,2872.32,7879.90
3544.31,9878.19,1131.76,4218.01,1494.18,8042.89
9829.21,2428.85,6578.03,3799.65,1331.73,5689.51
2078.40,6667.66,86.05,4552.07,344.00,2916.72
4511.01,9511.62,8853.01,4844.97,8600.88,577.03
1654.94,6818.18,3519.66,5596.31,1430.75,9121.35
3723.75,1631.09,8933.51,4649.53,6107.44,190.51
1523.36,6829.85,2163.36,6612.00,4857.90,8345.84
7953.20,5751.95,5971.21,3004.37,2110.41,545.60
1065.48,6555.10,7961.64,9040.22,15.67,324.53
8250.20,7090.43,8128.09,114.58,1395.26,9313.39
4053.06,7209.23,2944.41,2281.40,3671.98,2550.96
4686.89,3100.09,8561.31,925.41,8918.13,5314.87
8481.69,4297.70,455.94,9523.54,9310.35,2020.59
7252.57,5558.42,2092.51,1970.99,4745.75,2154.63
1292.73,6926.44,507.01,5072.10,9664.09,2018.97
7195.81,4224.47,5064.84,3927.41,4197.93,1976.14
5533.32,6775.05,4680.35,6747.98,2384.97,4148.55
8571.69,5965.98,346.45,6322.39,4195.03,3846.46
5489.11,6479.90,7945.87,3484.86,218.53,4166.65
9590.64,5897.24,9806.31,9430.70,8486.10,1587.14
1842.77,4853.23,6377.70,20.27,2251.60,8306.49
9444.04,3639.21,8687.92,2912.04,9152.73,5601.46
231.19,1530.73,5225.20,2660.87,1088.08,9721.42
7592.93,69.65,4791.76,8686.49,3057.66,5451.46
6162.92,8758.65,6510.57,9533.56,1209.72,4842.61
6990.07,6916.22,8169.67,3786.03,9173.80,9540.15
1644.71,879.30,696.46,1694.29,6650.58,8718.60
2681.24,113.11,2653.10,9866.26,1873.48,6951.08
9639.48,1444.32,8552.87,7584.25,6295.61,4402.70
3077.94,9554.05,9099.54,8304.67,9568.59,4027.51
4922.79,2960.37,1274.88,5494.73,7614.52,752.61
1743.72,8067.31,4927.74,4869.76,5841.66,4313.72
5841.31,2707.53,7583.45,5540.70,3137.51,5635.61
4498.20,4906.60,2190.72,1269.14,5659.63,4597.94
294.43,7227.92,3121.54,8701.39,7086.11,3430.58
6686.04,3609.93,9471.35,5037.75,4605.92,9185.70
2441.13,4870.07,1498.45,2563.24,1658.39,8627.66
2417.48,6811.65,5135.57,4817.64,4817.82,3764.63
4447.49,396.41,9127.58,5027.60,1148.39,1794.94
8173.06,3309.13,3065.74,3048.05,9312.99,8231.34
9391.06,2150.76,1206.80,7494.29,5819.79,6577.51
2174.62,9992.28,1377.67,7032.60,6582.29,6071.37
2784.54,3827.51,5700.91,4591.84,6710.71,6145.94
9438.75,7535.00,9251.24,4074.66,3274.98,5645.16
3541.66,7178.77,9704.90,5116.04,8754.90,453.86
3237.61,2524.99,22.29,6254.58,5689.58,384.84
1153.23,693.21,708.17,4333.51,1674.47,1367.55
3809.21,5266.02,689.91,3890.35,9879.42,6615.73
1627.93,4635.38,706.16,4764.31,806.09,8939.47
6127.97,2223.81,2411.92,8374.41,7693.96,6676.39
2939.46,2270.79,8241.27,8653.78,8940.28,4581.67
2344.14,3924.48,4680.44,8856.73,6819.87,1203.06
9724.02,7777.52,9391.97,4423.17,4476.47,5259.62
3418.02,4249.38,2917.67,9777.22,7490.68,6015.27
6917.43,6568.25,4961.30,9740.31,4606.51,6899.23
1863.48,6662.45,5952.10,4205.79,4139.91,2386.89
179.98,2595.65,5613.40,2643.99,1679.76,9908.56
2548.59,4166.55,9365.37,6929.26,5706.03,3351.13
4336.83,2819.79,6161.51,8238.22,442.61,3429.27
1360.48,9872.28,7327.36,4507.86,3963.64,8936.17
5980.72,7721.04,3581.71,4497.52,7086.49,4568.50
7563.64,7998.93,9891.62,7107.97,7335.42,6500.48
8171.29,1447.88,4922.88,5673.26,4088.56,1792.71
9853.79,3133.13,5846.17,7096.28,9429.80,2224.33
8200.34,868.37,4059.65,3408.69,938.75,6956.57
3797.42,9505.05,495.16,6441.16,7579.94,2998.09
9995.87,47.44,2209.89,5336.42,3361.33,572.40
9881.69,8637.46,5063.26,2325.26,7471.45,6211.63
4219.35,3639.46,8923.53,8491.66,6012.70,5580.22
4476.06,2455.17,6920.56,6592.42,4381.70,9109.62
3210.54,3122.22,4021.51,1861.96,1273.45,5241.63
2999.40,5919.73,5179.05,3176.02,3748.14,9257.48
5258.62,3078.20,8118.95,568.73,1063.13,9908.79
492.06,1309.05,6585.34,8589.51,9749.12,5469.19
8778.67,3415.78,986.84,8762.78,2768.99,8546.91
9807.33,8827.53,3522.16,4965.40,8624.28,4785.35
1686.40,9825.43,8346.04,3802.37,6907.55,6128.69
537.61,498.84,1345.25,6722.19,3962.49,4980.31
7919.41,5731.33,4952.38,9524.23,6650.31,4769.27
2187.52,5716.06,6000.59,1771.16,2417.79,2431.27
5871.04,65.23,23.07,9451.09,6606.72,5711.34
1990.94,8902.31,6353.90,3544.93,9152.27,4610.29
5545.93,2018.39,3186.67,158.83,3791.08,3906.77
2759.18,5175.26,1777.68,3734.52,5883.19,5227.81
3221.24,5450.87,6619.29,4484.85,672.29,3880.71
5133.47,7080.00,2251.85,9216.50,5143.12,836.05
1021.59,4463.49,9180.21,9499.74,9167.21,9810.65
8000.73,3542.84,2151.68,7155.44,4919.67,7611.70
5274.70,6517.58,4647.13,643.88,396.80,5428.07
5818.42,1618.38,7294.34,3737.42,5252.25,968.32
2298.70,8007.71,1784.08,7330.33,9272.45,8201.48
5850.82,4388.38,6951.86,5576.10,1833.30,3266.91
6383.22,93.72,279.77,4307.53,7682.29,6214.01
4318.48,9371.29,6749.66,1348.07,7566.97,3548.74
3745.91,1340.99,2829.35,1213.72,1891.37,1087.55
2126.53,5876.05,1565.02,2356.89,8436.98,9241.96
3865.21,6824.96,7767.67,1563.32,4729.34,6612.33
1261.54,2396.97,313.64,1544.03,4078.84,2493.52
508.54,3294.66,2840.74,7209.00,8110.65,3765.70
4222.99,7861.87,1837.78,1499.88,7243.26,7117.63
1030.77,9464.34,7931.51,4151.95,4570.38,5790.58
3795.29,1802.93,9722.10,7184.27,3113.69,4601.14
2864.99,9363.04,4017.87,5806.52,642.37,135.86
935.08,4386.83,9458.59,682.31,1286.22,6862.35
7788.45,3400.80,4943.51,1084.99,3825.63,2531.08
1240.10,9618.46,5816.44,3681.63,1361.30,2130.09
3831.16,4711.59,7986.35,5421.66,4698.53,5108.11
3087.70,7565.24,4867.81,7717.53,567.56,7195.53
2217.94,5358.57,7770.32,9758.24,1513.16,871.86
6972.35,9439.30,6837.26,3346.83,3722.60,6240.77
9435.87,4211.00,733.24,3529.13,4380.73,2238.83
4420.66,4298.17,9357.22,9835.41,5393.21,6040.62
9992.35,9523.78,6070.36,4799.69,8697.92,2037.42
9661.06,2703.35,8808.66,223.78,4551.50,356.79
2391.06,2032.30,4995.86,2038.80,3988.92,3177.20
4631.50,9667.39,9107.51,2877.44,2296.44,9984.18
4983.63,8063.15,1980.24,6627.84,2836.19,1360.67
3888.60,9812.28,4088.89,8982.32,8875.72,2106.43
9197.32,1457.42,7694.79,471.19,6751.95,7172.47
6479.79,763.79,5859.82,2875.39,7027.63,2622.36
9019.34,5951.58,8409.19,5524.94,4107.12,3212.49
2336.52,8589.45,3234.25,7655.68,5040.64,2950.67
155.56,5033.96,6090.17,3769.38,3520.83,1537.29
5544.97,1760.74,4944.21,8183.51,2079.99,1235.15
7252.31,1552.21,8531.02,4703.09,9257.13,1521.62
2744.46,4962.25,2344.16,5046.30,3508.15,2712.16
51.88,4730.70,5018.93,3008.03,2372.87,1793.30
3781.65,5773.38,5580.69,7986.75,4923.69,8495.08
166.26,8059.47,2181.71,7921.89,7040.33,3027.23
782.70,2356.89,1112.68,559.27,5296.39,9429.26
2873.96,3087.62,3695.34,6517.81,1799.89,9220.46
8585.50,6130.18,455.78,2815.93,3238.18,8693.16
2091.71,5206.16,3321.36,939.21,5508.41,7669.05
4467.90,6399.52,7380.66,7017.95,6304.39,6809.77
151.25,9572.54,3765.08,8342.78,1380.90,929.04
6202.86,3896.17,5784.36,3930.37,24.55,6347.85
6304.34,9832.52,6901.88,7496.48,1105.64,9100.56
2817.79,3113.60,4405.91,1960.54,130.90,1953.64
7299.58,7419.47,9250.18,4898.67,4436.49,7769.02
6296.56,8298.67,3515.02,6983.04,8037.63,6122.75
361.63,3852.64,1654.99,9822.91,5906.69,8993.30
2010.88,6915.46,1268.46,5577.55,6601.58,4123.02
1792.70,6928.88,9495.64,1637.00,5425.78,5840.34
2323.72,9867.42,1899.21,7684.37,5569.44,3296.79
2931.38,1237.01,8033.27,9399.38,8157.46,9099.13
7742.73,2937.00,6337.00,8080.68,4835.08,718.35
2332.53,2557.00,6952.31,5116.41,987.65,3562.22
8207.22,737.27,1222.45,6323.19,7348.36,320.39
5721.83,2063.81,9249.47,3081.99,6392.97,1387.54
1904.48,9916.15,9016.23,2205.18,8310.55,2818.47
7051.82,6308.45,3417.62,3037.28,233.22,4595.66
2232.30,5531.46,8875.77,4189.88,4824.18,2483.74
8696.86,8593.08,3585.95,3905.15,3366.09,4460.34
612.60,4515.68,8085.55,3711.53,9504.78,1041.81
1925.20,9370.36,710.44,3528.97,5862.16,6107.75
1129.38,9085.20,7928.79,6458.14,8296.69,9781.34
9256.92,6375.27,3349.77,8797.32,6691.22,2568.02
8961.18,2196.14,1285.96,204.24,3760.30,7342.40
1740.93,6010.24,2187.94,7267.52,3351.05,7507.43
7998.06,6532.53,9379.16,2985.80,785.20,7374.18
8133.55,8975.12,7220.57,7948.35,9961.39,1711.61
9101.99,8835.82,2375.99,6498.68,1126.11,4657.94
5797.69,5635.44,56.91,2969.76,9341.08,4507.16
8558.85,2131.53,7680.32,3576.39,3213.57,4925.19
1740.02,8071.30,1814.12,2273.35,8526.93,378.21
4308.19,881.50,176.03,270.49,7830.65,8229.42
9362.39,4631.45,8553.87,2539.13,2699.58,5162.92
2024.36,6743.60,8845.70,5777.68,5769.87,7075.60
2153.85,9821.11,9736.49,2167.93,5993.38,4569.46
3131.88,2864.78,3038.73,8009.06,1934.48,7524.82
5035.78,1724.24,1664.95,4186.91,2221.59,2101.95
7466.63,1696.97,5597.45,359.51,9204.85,2643.74
8616.22,9420.93,2078.31,7077.33,9957.92,4196.20
3725.93,3826.04,8910.85,6233.38,4491.80,5240.24
8532.48,8285.75,1462.55,4506.29,638.92,6321.48
7111.15,8288.26,7220.03,7535.03,347.09,9845.16
1521.34,2388.68,4895.99,1540.64,9011.50,839.73
2151.80,5224.73,6201.51,2178.98,4933.27,7041.36
2060.49,3929.07,9495.34,3562.99,3732.60,7860.20
9687.78,3649.81,9114.61,4132.76,3551.29,9739.29
7383.58,6956.21,4671.43,8226.65,7759.15,9429.91
9478.79,1699.18,4911.54,2034.33,7168.96,8390.36
5458.13,5508.10,9227.68,6119.16,5889.43,6381.95
6321.61,701.11,3971.68,8046.13,8392.70,2326.60
158.04,7825.11,4675.29,6402.58,6046.09,8299.27
1894.95,8435.03,5071.60,5602.00,4850.37,6034.36
4094.97,6303.71,9093.97,7959.56,157.38,9830.83
4577.94,8086.47,8308.20,8136.61,4384.05,1414.54
6858.23,6133.93,6958.35,4409.81,4472.67,221.07
377.32,1371.90,2728.23,3046.45,5319.41,8636.92
8248.52,5469.72,3900.76,4992.99,1827.79,1598.29
113.38,2141.53,5882.13,1012.50,2598.83,4436.93
920.23,9717.91,6561.39,3840.98,5250.08,9021.97
3535.04,518.02,1650.50,7170.80,8584.63,8082.58
676.87,7396.83,7662.54,9599.27,8640.90,6374.95
6441.87,6223.35,797.32,9217.11,5330.65,316.34
7060.16,3440.74,4395.58,6955.74,6850.85,4825.65
8379.63,5976.92,8845.79,9257.27,5569.11,408.96
7982.15,2433.06,8556.62,4876.32,2611.17,5025.07
9332.88,9325.41,6189.32,8962.21,9094.90,1790.85
2981.92,1296.65,9109.50,5337.63,2326.61,3828.82
739.36,958.03,8278.96,5758.14,3815.08,8502.70
6948.49,6215.43,3604.02,6754.87,5336.21,3377.62
5941.56,6281.28,3926.96,3333.59,9327.09,3546.14
9049.27,5595.12,7880.02,5757.95,355.91,2078.28
6366.09,3529.49,4375.80,3438.51,4898.97,4382.67
3076.98,3561.27,5410.91,7378.53,1697.23,1898.13
431.64,653.46,1516.87,8332.55,3314.80,6405.11
2639.78,6192.60,2842.97,4321.12,8765.98,1352.20
1060.09,990.01,7606.69,6301.81,4165.71,6881.58
4264.04,1994.58,6680.01,5120.32,2312.58,6065.83
9481.85,4964.14,4567.34,5151.63,233.60,3360.19
6387.89,945.54,4951.94,3686.06,3187.46,7384.18
5131.92,4147.60,7029.98,5932.34,7816.74,1378.77
1018.86,439.54,9579.12,6150.70,5658.86,2733.30
2761.18,1115.87,6005.74,2341.31,5686.60,7876.96
3557.90,2133.52,5965.73,3328.14,4603.57,5514.20
1556.37,7581.20,9416.31,8233.63,8328.48,1718.80
7486.22,7397.03,7615.10,2247.98,2578.15,9105.18
1743.99,6352.10,5441.67,8757.14,6093.51,6768.54
2492.25,5639.58,2624.26,7686.71,1128.55,9019.00
3826.44,6558.51,3846.94,7089.35,7943.47,3007.03
9172.94,5434.45,4828.33,6125.36,1345.26,887.58
3790.76,173.04,1540.93,6942.15,4116.42,5190.87
5221.93,8727.47,9661.84,242.46,4994.95,3766.96
2923.16,114.84,8548.54,8895.55,8514.78,8433.16
2184.61,1343.16,1338.81,442.18,1391.00,8574.52
9543.67,6542.58,8256.71,762.86,9689.17,1121.28
3491.91,6330.85,4650.65,3511.19,6310.51,6258.22
5627.27,5190.39,7412.56,4370.78,5520.96,3153.63
6029.79,3377.21,5567.03,286.62,1609.63,3902.50
1544.47,6720.57,1024.54,8658.03,6717.12,6120.57
2339.67,3910.10,8610.23,5734.76,3187.04,9571.19
7587.05,7410.22,7820.13,5043.15,2507.82,2611.75
5725.96,7919.66,7751.76,6590.62,7573.68,2127.30
2253.83,5595.06,9765.20,7167.47,2914.44,4935.18
1113.71,8731.75,5593.58,7779.87,4317.15,7196.45
9007.65,8710.93,8944.76,6362.39,269.83,8891.53
9839.54,7825.26,9749.46,1652.03,2862.15,3800.91
7700.53,2691.64,8966.01,819.74,3276.59,3121.04
9473.71,422.18,517.08,721.31,5527.18,5474.56
821.33,9967.36,2330.25,3993.23,9880.91,8489.27
861.61,5633.49,4126.40,1369.53,8932.28,2140.59
9992.11,1211.61,5914.33,6584.64,7705.23,6580.59
2198.50,7521.29,4820.15,5652.83,9029.21,8339.50
5628.31,5066.80,8468.18,597.99,213.65,5575.21
2149.11,5705.04,4809.01,7015.83,5755.70,9048.89
851.00,9190.41,955.93,72.32,916.13,9032.16
3234.60,3308.53,6684.89,502.68,7570.64,1688.31
6772.83,4398.43,3087.64,3302.37,4151.87,9499.33
9012.57,8641.67,6014.88,4936.94,2872.68,1746.72
9214.87,9216.14,7110.41,4352.97,6993.76,7761.52
5192.03,5982.62,4735.47,9882.90,6430.43,7424.67
2795.40,1381.46,2516.94,5425.99,9759.14,7412.82
4319.85,3427.37,1689.68,1159.37,6174.97,292.95
6962.75,8109.23,903.36,6956.28,8025.75,6293.05
3650.39,805.27,7630.04,746.69,7622.25,5783.35
9353.32,1829.79,1935.93,506.78,8492.79,6130.09
8907.51,9153.95,7645.78,181.89,4494.67,3419.21
790.94,7706.08,3665.48,6119.57,6604.72,1774.47
1397.46,3609.67,9982.07,6208.50,6588.73,8644.22
5924.74,3078.66,6368.96,8038.52,7239.31,2334.55
854.50,5825.75,8771.23,3569.98,6104.12,5024.52
1398.82,5061.04,9444.86,3237.53,978.66,7552.50
5793.73,519.86,8485.25,9024.35,3007.59,8147.38
3468.38,9469.81,70.86,3418.27,7927.38,8679.30
7923.05,8103.18,870.26,6326.15,5121.63,9387.66
5387.75,4766.37,7615.18,4150.01,2663.87,4492.91
9453.47,7296.96,9464.79,9471.85,2514.43,6190.66
5027.64,6266.71,7166.34,4207.85,4665.19,9688.11
978.47,5273.45,4801.65,8169.25,2584.58,4141.03
2999.03,5545.49,998.58,4880.14,6546.21,9867.39
9052.09,5342.76,7729.13,1149.66,6595.45,2925.64
8174.04,8485.44,5917.73,1714.23,123.00,136.43
5331.65,3555.67,2166.63,7322.91,8662.47,384.64
7195.91,4714.76,6819.93,7668.02,8002.01,8278.70
7472.89,8759.22,1098.53,4131.48,1250.91,2540.23
9319.27,4199.67,2884.34,1450.46,9980.81,4605.65
5268.64,4658.88,6555.79,8693.32,1787.14,641.67
8245.38,2825.33,8740.17,5862.42,9537.22,7807.96
1979.18,8377.28,9847.30,1773.67,6584.49,5930.98
6460.95,2250.75,6844.88,8907.92,6785.05,3095.79
854.47,4726.95,5424.58,9706.02,8849.09,2066.95
6697.67,3260.43,7092.33,9423.92,5326.51,192.50
9183.94,4640.56,9590.24,7994.26,692.42,131.87
3134.52,9706.41,2872.08,857.07,6445.82,5435.70
5431.94,6422.21,4315.79,5511.41,6858.98,4781.14
9962.77,4212.18,9849.26,3375.41,8417.89,8199.75
4741.54,6167.62,3290.03,1876.65,8884.47,6376.60
6545.75,6834.45,879.73,8647.24,90.37,2231.18
606.50,9392.91,8130.78,3754.31,879.44,4308.71
4810.10,246.75,8525.40,793.70,3918.27,8939.36
3564.66,1619.85,406.50,1685.69,6034.29,2477.37
125.85,5339.94,507.15,1708.06,8982.25,3791.37
9550.77,2746.83,8170.09,9990.53,9634.28,6624.72
4417.28,8362.27,4985.29,8142.95,9739.99,8177.85
5082.92,8263.12,5059.23,8234.98,9818.34,2904.74
839.58,4516.77,193.14,7751.64,7872.85,208.80
2991.48,5976.01,6486.92,495.01,1410.76,6066.21
2652.75,6945.07,1515.66,470.87,639.23,1213.84
608.57,6887.35,817.72,9723.98,2126.06,2634.64
1478.68,6724.35,6309.85,4567.07,1673.11,2493.82
8935.53,8392.20,4025.99,9279.83,4641.25,6024.76
8431.96,5767.95,420.50,7415.07,3465.90,2274.58
9006.46,3301.74,9276.38,4829.66,7111.43,8186.71
8360.46,1712.09,9215.27,2796.40,4714.63,9438.56
4519.00,7523.60,1517.21,8114.17,6153.96,9676.35
7500.12,3947.21,6993.56,1328.07,822.46,5252.41
896.27,9963.58,3925.79,9297.42,4417.56,9649.49
579.93,7852.40,9404.09,838.37,7203.00,6148.61
4019.05,3650.53,604.35,3475.35,6743.63,4358.30
2330.60,8651.29,8294.14,4309.01,3337.27,3996.61
2459.16,741.90,7891.35,5704.27,6901.72,3294.25
1901.14,5178.46,9794.07,8164.28,1022.66,3226.66
2772.48,9896.20,904.82,8878.89,3572.33,9629.10
6064.65,9905.08,6945.45,9345.26,9924.71,8265.92
4346.30,4911.59,4135.90,4525.79,836.22,10.80
7701.78,1417.48,9146.49,2808.29,9596.03,6594.12
7236.23,5591.75,80.85,9755.07,7426.37,6352.91
9206.65,2197.73,5446.77,9993.69,8851.70,3966.38
1626.45,1645.43,8082.16,3262.60,6475.51,6340.72
3726.13,5702.50,458.70,1238.28,5572.26,4893.67
8307.84,5271.13,7452.38,1852.43,171.15,9859.50
586.51,4318.63,6357.97,2788.60,9578.75,67.80
2497.17,6513.21,1693.55,3278.93,1244.42,7001.37
5301.33,8713.59,76.98,101.45,8958.10,9683.12
561.16,2699.38,3411.33,1473.37,5182.96,4049.58
1665.14,3844.14,6045.23,4560.49,457.08,1322.18
5885.06,7411.99,647.02,1695.95,5858.38,342.44
3468.09,6581.55,5545.16,1666.51,9729.30,348.73
1331.33,176.15,5800.47,2340.83,4236.16,9641.51
5313.56,7463.91,7042.33,670.57,5750.06,4808.58
7005.13,8992.05,1796.61,5739.81,9142.45,4651.93
9146.48,8702.48,4742.49,9873.30,7549.61,1092.30
9249.60,358.98,6978.44,4654.41,2165.82,3637.35
5317.95,2639.03,4149.76,209.50,8443.55,5812.07
4695.44,8148.36,8573.14,2449.61,737.99,3271.12
7504.70,275.85,3663.86,5929.42,9488.63,2048.97
4512.98,6130.73,2778.89,825.44,5818.35,8289.19
2512.28,4069.18,395.76,3585.37,3992.39,8082.95
1151.13,5952.84,8843.52,9524.08,9959.78,9883.34
940.83,8794.32,9857.10,2208.53,890.24,9855.68
8484.94,8040.97,1737.67,4301.01,7776.83,4905.32
3542.66,9434.53,9557.60,6796.74,2665.68,3504.12
1934.65,4536.43,6361.90,4953.65,6839.58,2530.91
558.73,2829.65,5958.63,3316.01,7392.06,5771.92
5157.95,8996.75,2235.04,7760.14,7050.28,8267.60
6346.20,8837.63,4452.95,1509.05,7322.56,6859.35
4819.93,2437.18,6160.12,9077.27,9599.81,13.83
487.68,2135.63,5357.39,507.67,7768.87,2627.22
7979.80,1718.12,8610.38,9537.54,6827.39,3127.09
9742.72,3430.32,8183.02,2618.21,1218.64,8019.80
4527.63,3320.83,3082.90,9530.87,4730.03,6563.99
3840.82,2099.92,2888.12,8242.17,670.44,3259.34
1546.83,6522.03,6317.40,1781.86,5391.56,6624.82
9548.90,1170.83,5262.11,5546.41,5000.40,7429.32
737.47,9826.11,6832.76,9892.52,8593.42,8165.77
5040.23,9853.31,8888.54,3465.21,7390.89,6292.24
4526.41,2297.23,2148.07,1666.64,1146.66,5729.88
3422.72,7162.27,8974.62,6704.33,553.89,5471.86
3720.33,9319.28,8868.09,8311.49,8309.80,4118.84
1790.24,8515.45,1406.20,2910.49,1715.75,9074.52
7447.18,42.22,1003.54,3710.60,1414.34,6015.05
1729.97,3794.13,3452.40,4183.17,7864.79,705.08
2103.16,6439.07,9874.73,2685.86,7979.58,2295.60
5004.27,7279.77,1139.81,2848.29,7058.06,9060.35
2526.27,3620.32,4059.52,1382.93,2581.95,2195.33
3048.72,6124.68,3094.36,9027.98,7541.38,4963.40
8323.50,1404.42,9907.90,6286.29,2498.15,9053.75
7946.65,9338.41,9879.14,2574.23,4054.76,1356.99
3612.44,2982.68,1306.76,5706.32,5419.43,734.23
1272.58,114.03,4178.75,5543.10,2623.05,6702.73
7816.22,9253.29,861.62,3400.47,3696.89,6893.33
235.98,4092.19,8233.19,1319.00,9228.38,3076.73
4158.88,4282.42,6128.80,6372.40,4595.34,8488.78
7062.41,6314.05,2618.09,698.10,5063.23,3870.98
4225.95,1085.00,6477.89,1220.77,3118.19,9347.37
9638.41,4528.41,4884.31,1009.33,8995.06,1178.34
9511.12,3806.67,4413.76,1358.23,5413.62,5466.34
4487.87,6609.57,1558.53,8276.59,2939.14,9373.90
5884.02,4110.08,2460.56,3540.35,3988.04,7436.34
3099.13,6894.64,5231.65,7183.23,6590.62,1953.35
9374.54,2989.59,6433.83,9761.49,5136.28,2108.84
4387.81,7356.89,1855.60,2139.79,8180.79,265.84
9530.40,8523.04,5876.18,3010.79,2244.01,1568.70
6066.34,3025.39,179.83,758.89,2614.44,7405.85
4356.04,824.99,1622.89,8189.80,4431.07,6616.90
3295.47,4254.07,7585.83,2640.93,2649.29,7228.23
5337.90,1063.57,5541.22,6473.40,3817.58,3281.94
1300.69,696.98,3694.14,8126.57,3750.17,9065.38
8418.87,8271.72,2869.78,2952.96,9959.30,4968.83
5032.04,5773.68,3802.17,207.17,2095.75,971.37
9165.45,6960.65,5893.84,6515.97,6124.28,7573.46
5096.18,870.47,8126.72,2944.01,3210.67,8109.12
8952.87,2636.48,7307.41,1059.11,1111.91,9442.90
9043.36,7710.20,1657.36,948.66,2052.78,1932.00
4128.14,5390.87,1495.86,2523.45,3101.51,6811.79
1755.14,1495.07,3015.91,2170.54,4747.92,7725.90
2619.93,6775.22,4744.26,6821.23,1001.52,5329.21
7005.92,686.60,2006.11,3078.46,9951.48,6990.03
9894.21,2661.58,6561.14,1254.74,4736.33,9701.37
5698.22,6930.38,9651.04,4760.44,5835.29,9771.10
5959.55,8572.85,5840.24,2478.10,3532.15,7872.60
2314.61,3835.40,2339.74,8812.66,7186.84,5115.07
6461.64,7370.50,4789.09,3135.22,8300.50,7607.18
2067.80,8320.83,9542.75,750.84,2811.95,9296.05
8094.15,5914.10,3897.97,5918.83,2125.82,1347.62
9893.53,810.90,8829.46,3041.16,6231.72,1213.97
8495.53,4364.13,5734.09,2526.50,8178.39,2867.38
1653.50,584.62,6839.28,6147.34,9173.16,639.49
4536.17,4901.42,9645.85,6897.97,8564.58,5671.92
8212.58,9376.45,2943.42,2329.52,1216.24,4484.04
9395.21,4440.16,6768.26,8805.22,9769.53,5339.12
3547.34,1998.76,4129.64,3523.88,3131.87,199.04
3289.92,6841.35,2995.33,9236.19,6971.86,5691.25
5736.49,4382.64,5423.87,6169.28,6499.31,2136.59
4807.64,9041.97,3207.43,3669.33,3654.43,7520.76
5428.74,6302.05,4307.42,7401.80,8613.08,6911.37
9108.61,9770.96,5697.44,2623.74,9769.73,7206.38
1893.03,5601.34,6488.67,3945.60,3606.30,6394.80
8848.32,8092.49,3472.90,8935.89,1768.54,3943.32
492.37,6638.52,5438.12,8638.48,8920.41,8658.42
9376.59,5539.59,3206.23,139.71,7766.50,4566.38
1104.12,3372.74,4274.33,5834.70,835.94,4974.02
772.67,6085.51,3190.61,3004.20,6020.84,8692.09
4924.15,2654.57,400.49,7616.55,6007.01,6040.14
6206.25,9307.37,4480.57,7310.89,777.62,230.36
9918.18,7650.39,3594.39,2932.07,461.53,6763.22
7637.95,8916.17,612.89,9940.84,7904.72,0.41
1040.80,5539.70,3253.07,9296.99,9847.45,4822.83
1533.97,8416.30,3957.74,131.40,541.36,1337.35
5219.11,9925.05,9644.14,6754.57,8497.27,2268.61
3546.37,8458.26,6968.59,8785.92,9358.17,7930.81
1933.73,6587.49,8628.77,8588.50,1636.25,4568.12
4110.18,3964.80,3988.32,4938.66,9903.18,8507.63
8686.53,9835.03,9268.29,7397.91,3832.85,2271.86
3112.38,7120.59,4208.58,2551.36,9509.48,730.43
9789.17,2077.08,6596.98,150.12,6143.72,6636.56
2906.73,3335.22,7829.90,482.88,7200.33,3899.44
1604.91,354.84,301.26,3667.96,1381.81,706.79
221.81,3319.32,371.36,1699.54,2442.91,8477.56
2394.74,3083.38,5621.20,530.18,5304.51,8651.43
3272.98,2358.64,9824.21,149.48,6874.27,3149.20
3577.89,6524.24,9137.58,5306.50,790.75,4549.33
9004.98,2020.13,8113.74,7514.21,733.27,3472.26
4579.41,5008.28,673.90,6899.61,2809.74,3345.01
4225.75,3095.91,1900.44,1601.49,7491.74,5045.28
5924.41,1678.71,7358.62,5166.09,2690.84,8433.31
7648.43,5767.98,3065.40,6158.16,2023.28,8917.55
2768.41,6949.05,7828.63,9971.20,9748.89,5581.72
8444.97,1061.80,427.22,7172.68,5632.62,2935.83
8679.75,3924.77,3106.78,3541.87,5326.33,4278.47
8651.79,829.00,7256.29,1019.83,126.28,3784.75
1935.59,9920.00,4030.62,7998.07,758.81,7091.16
1543.79,8999.60,1615.17,2250.43,9481.61,3210.78
7369.77,3025.10,2066.33,4839.72,5687.80,8977.90
1157.20,3367.25,9715.30,4575.03,6533.79,236.50
3679.10,7482.46,1463.87,8736.87,7909.50,7288.33
214.42,3502.30,7943.45,4725.82,324.39,4839.59
2289.13,639.11,3424.63,2869.03,8541.73,6451.23
3024.51,9297.64,3623.79,3557.84,9516.38,8597.86
436.34,5025.46,3989.10,1088.89,6819.47,7626.09
898.68,7228.69,5566.50,2491.91,3053.91,3432.52
7809.78,1557.19,2256.07,2702.04,2424.40,8301.64
4086.99,4757.28,6166.84,2191.68,2392.16,570.61
4410.59,5816.09,2235.60,7681.69,1547.21,7952.24
7029.70,9553.82,2827.15,3998.10,4168.57,6095.04
6625.89,7057.34,8041.52,968.19,5296.64,1992.43
4790.40,7382.92,9741.91,2318.28,5715.47,8436.81
4820.59,4544.02,1301.94,8379.62,6085.10,6875.26
5070.39,3962.71,2887.90,5627.85,1052.89,7880.41
2026.38,3107.85,2788.58,912.44,6240.52,4093.78
1435.95,5796.58,3272.67,4555.77,4375.59,615.97
2619.47,4570.45,7259.36,6137.82,3022.35,9632.07
7076.95,9944.03,329.76,611.94,209.80,6365.78
3166.07,2102.86,4526.85,5160.48,7761.62,3801.69
9301.13,9490.77,5471.97,3835.01,9418.85,8891.15
3805.20,7902.16,7752.90,1195.00,3892.55,6492.40
220.27,5777.81,8312.05,2428.38,9443.22,27.12
6862.44,8944.07,4109.20,707.92,5449.64,4350.28
9517.68,9599.40,1669.43,4629.15,3098.97,7118.03
3507.32,6990.74,5711.04,1520.14,7061.67,861.96
8143.74,2621.29,526.15,2091.97,6818.79,2111.85
3257.18,5141.81,552.55,4784.13,7679.40,6433.42
6757.50,5931.31,2616.31,8182.09,4362.54,1324.79
477.40,6812.75,5351.01,1632.57,9858.31,2861.39
9016.13,6204.45,7921.30,3852.87,4254.60,1050.16
2021.68,78.96,4019.16,4612.00,4536.64,9461.41
8510.54,8675.53,7543.21,9815.31,1821.92,6042.86
9870.07,701.55,8064.13,7418.38,6801.71,4686.53
9349.60,5060.05,366.23,7531.45,9401.30,5531.33
223.35,8137.52,3988.99,6605.18,2148.18,1899.68
7212.42,9589.81,2798.48,600.53,5050.41,8864.59
4642.95,523.75,8499.32,7244.63,95.76,1244.66
3926.50,4140.22,1505.72,1678.70,2614.75,7086.09
9852.79,2469.50,7971.94,1987.79,2863.79,494.87
1978.25,2600.95,9110.47,2114.49,9175.36,5026.35
1836.34,8487.12,304.09,801.17,6157.67,7814.70
7516.50,9661.22,6507.33,3480.69,82.79,3913.57
9141.12,3886.64,9969.83,7233.79,1430.67,3789.02
4576.38,8856.03,9648.19,576.77,6260.38,9905.45
1154.01,2545.20,7570.91,2500.71,7579.47,4507.49
3887.69,2611.89,4089.82,7226.51,3791.70,1294.02
8507.30,9606.75,8589.49,2039.88,2918.18,807.29
3356.12,4552.10,8180.90,9819.80,788.97,1162.56
4665.57,9342.70,2347.03,543.47,21.49,2816.63
9041.45,4358.24,6075.94,5769.18,5901.59,7085.45
2668.51,4389.54,4087.93,7823.98,8354.68,6271.08
1599.43,1051.30,194.72,3633.43,8465.48,9400.56
7057.73,9466.46,9877.61,9973.32,6402.12,950.88
4462.63,2893.76,4678.84,3336.19,9281.79,6206.22
2835.15,7892.80,4086.46,2136.41,3489.77,7576.00
9865.96,1736.50,2040.99,4197.07,8326.03,1632.21
3404.16,3043.04,3674.06,9231.91,9332.11,7005.82
3632.22,7766.20,2565.91,196.37,6680.55,6715.19
357.67,8921.87,17.06,7495.33,1905.13,9009.11
7695.16,2630.54,9840.10,7444.65,9788.79,2692.41
7633.03,2364.81,3716.14,9693.97,4816.23,3089.35
659.22,4295.69,2867.98,4301.62,3296.28,2946.09
3065.87,7483.42,9077.12,3827.77,9691.32,7140.00
8427.06,9818.33,8508.43,2465.79,4006.76,5018.35
2540.24,170.15,9722.03,6336.29,5058.13,1637.66
5914.64,667.33,5481.83,5203.02,8515.23,1105.69
7757.20,1989.95,5277.34,5535.25,8382.62,204.57
1555.35,7970.25,1664.65,6824.69,4763.22,1709.80
5874.15,8226.14,3049.19,5593.63,7919.21,6777.37
3958.02,6964.36,2372.83,3271.97,1321.70,5123.94
785.91,1714.89,2697.67,653.17,3897.28,6246.47
5379.06,6783.40,9572.99,9896.47,8560.85,3576.39
6547.87,9155.26,5835.23,6792.87,2135.42,8813.89
7442.02,3088.21,1502.98,9013.44,4957.97,2913.24
1792.62,320.96,8347.13,5007.74,2532.78,7907.66
7193.52,199.01,9748.80,1023.71,3889.31,5356.89
8605.64,3958.52,3193.50,9318.91,6064.05,2834.80
1814.30,9711.77,5448.02,7807.05,3462.09,8295.83
7936.41,7458.18,2225.97,1684.34,8996.29,3733.91
6497.71,9447.79,2085.39,1352.54,6491.44,600.17
3507.33,2469.67,3177.78,1466.86,1181.06,819.83
3445.98,2028.24,3445.18,672.77,9453.90,4196.83
1462.68,4594.24,5478.52,2745.88,4711.19,1225.71
6859.30,349.34,8169.22,2176.65,7920.14,8230.12
857.92,9979.65,5499.41,4892.12,2108.90,99.67
5831.50,7850.82,2588.56,3959.48,2859.29,3090.36
9289.45,3899.80,8359.00,1184.48,5808.47,6521.87
3537.16,9667.24,8143.26,9843.10,4218.06,6743.18
7230.12,7119.55,2658.44,5897.88,4803.81,5188.89
6595.65,7504.34,9539.25,1434.92,8874.22,8207.95
9657.91,4124.85,2604.02,6206.11,4943.72,8198.62
5029.49,6530.10,5989.42,6619.38,5469.69,1217.05
4583.18,7394.64,7012.86,752.87,3467.57,2821.50
5576.57,4994.07,5481.22,9366.33,9664.15,1249.29
110.56,4169.25,3562.81,3550.27,3178.80,6742.04
4225.70,7277.38,5031.31,2684.82,859.21,4537.48
9192.60,4737.43,5538.35,3412.04,2510.41,9548.12
7035.21,6105.02,7245.21,271.85,6294.96,9520.14
5663.82,2743.44,8358.99,1174.72,4810.81,5335.15
8796.79,1310.82,6662.69,8194.13,8051.22,2303.69
5974.11,2595.46,8451.28,1051.71,2864.52,7083.39
7237.45,1582.36,5512.29,2994.39,1973.84,4485.07
4828.48,9559.95,3089.68,3121.69,5394.46,1944.73
8468.92,5735.27,9310.86,8586.85,3506.36,2383.50
5995.24,3027.32,423.31,5502.82,9845.18,1729.19
4708.03,4368.95,8750.87,3623.43,5827.20,8760.44
1817.74,5769.07,5768.30,8891.97,6807.76,622.12
3484.79,9254.57,7630.82,4811.63,1521.86,46.91
3074.11,869.56,6336.50,5279.68,2092.40,2176.93
636.05,7253.17,9735.29,915.76,4805.58,7368.92
2539.28,4923.79,1864.66,7675.40,3556.07,4090.46
8314.58,990.13,1765.22,4758.36,3855.51,4526.69
6582.27,9518.39,7895.28,7615.08,5184.71,1284.76
3201.22,2570.25,190.47,6433.38,2893.98,7565.15
1383.24,6627.41,1711.89,2753.35,3835.88,3347.53
9865.51,4990.49,3145.59,1869.78,5698.63,3845.92
5980.82,85.57,1225.96,9630.70,4420.79,4413.12
805.69,6552.98,5642.38,6137.12,1436.85,5582.04
3474.36,4299.76,801.33,626.00,1510.14,2511.12
6696.05,8569.38,7922.07,5901.33,7011.45,7986.21
2139.03,2382.44,3024.60,4957.01,9600.36,9389.90
6478.12,5582.86,7494.09,3403.06,676.17,322.56
8306.78,2812.08,2457.70,384.38,4563.15,6012.93
2151.05,9386.28,7145.05,9750.76,9654.36,7244.59
1854.62,6234.11,7054.91,5540.03,19.61,7096.67
7292.37,9493.46,4485.65,7626.64,2685.49,3589.13
2254.51,145.48,6410.21,1800.83,1484.14,3752.12
3515.81,4895.49,656.78,5597.41,9137.86,1338.90
5217.49,5852.25,2213.18,8678.74,9297.55,6166.42
2430.19,7648.46,8728.45,4408.89,8379.03,3207.78
8529.00,2960.52,6431.10,7920.49,860.87,875.93
203.75,5879.18,5687.56,2464.83,9565.86,4326.62
2033.64,5971.95,1851.40,2774.99,4067.16,6554.89
685.39,1982.46,3633.30,8863.83,7541.68,2210.65
482.65,680.06,3467.33,3763.27,9071.16,363.09
597.26,6016.02,3505.57,7882.92,2537.49,5997.97
5057.36,5815.02,3063.30,9729.10,6142.54,1695.36
2183.17,2647.25,9381.79,23.93,4411.09,737.79
2975.58,4625.92,4450.50,6084.08,2292.25,900.21
3129.83,2332.05,3293.79,9618.45,9523.99,8536.40
3081.90,1260.12,158.16,1911.68,1652.15,7005.61
3131.68,8660.15,2428.71,4668.41,9716.29,2421.55
727.60,3882.15,7920.94,4412.67,4345.44,7096.40
2340.78,6881.21,878.70,1829.68,8175.45,7579.39
932.02,4058.22,1923.52,7050.03,1375.73,472.11
9119.16,2512.41,8573.35,5045.50,4979.68,5292.44
2066.41,5453.14,5527.36,804.61,9260.66,5183.34
7938.82,2386.91,2059.70,277.78,2998.07,5663.69
5584.03,3315.41,1085.43,7292.96,8944.81,5679.68
8068.63,5123.94,4788.25,1388.73,7909.32,1453.34
8261.09,487.48,7607.24,5850.94,6496.93,2437.33
7472.08,3849.15,8565.97,269.77,2686.76,9821.35
2093.98,7733.88,5162.01,3819.88,6955.76,7362.58
1219.74,9155.27,1645.18,5734.87,5985.59,8083.53
5247.81,1376.56,9656.14,6643.30,2521.04,1243.74
5561.93,1837.32,9552.27,3649.47,6339.13,1143.67
4862.71,2997.83,8588.71,9535.30,9064.25,8483.81
964.30,27.76,1683.36,8329.23,2034.90,1143.10
3092.31,4375.98,7697.88,6489.37,2369.05,6140.34
5869.52,6964.38,4454.54,1245.89,7070.70,8286.31
4526.13,2659.24,253.72,9902.33,4112.49,9192.39
436.77,8781.87,4149.56,4731.33,3807.74,1469.33
1073.27,9742.54,1334.57,5669.80,278.17,288.06
4428.54,6744.86,6907.67,707.82,3728.59,8922.09
2011.75,6286.35,8770.11,8728.74,3439.03,6019.37
9313.58,2371.75,5708.53,3561.81,2160.52,9403.96
1871.77,4594.47,3838.45,3313.69,3175.26,6732.89
7173.76,7689.32,3735.75,8801.45,6313.04,3100.04
8297.26,6339.03,8565.63,4224.82,1475.23,4605.69
9115.14,9102.74,7855.65,3329.41,3160.49,9112.80
2546.41,9162.59,828.17,7508.48,7326.91,3210.94
595.67,3616.11,8032.40,9650.19,5639.35,3010.71
7231.30,3252.53,7782.59,3707.01,7735.27,6339.29
2719.10,631.56,6862.40,8491.09,7989.41,1337.69
1028.22,6681.66,1945.80,1960.88,7779.30,9021.06
4950.15,7568.26,2454.63,5299.98,25.55,7576.96
9263.63,3226.14,3295.78,9672.97,5355.46,2849.64
5738.74,9934.38,4995.99,2197.74,8033.04,279.86
9219.46,3891.58,4261.74,6122.41,659.51,6602.33
1091.15,704.00,8194.07,2806.50,2898.06,7848.63
7116.31,5410.51,9653.60,5793.07,2784.01,7002.97
5984.27,336.07,6789.02,9957.73,3726.33,935.77
8003.55,1652.07,8277.56,4603.76,541.93,7924.28
5475.28,5913.25,6617.48,2362.75,6157.13,6776.73
1843.73,1579.19,603.22,7800.78,8472.62,5772.11
4357.46,6788.06,6077.03,4926.47,448.43,2611.56
6475.54,1184.66,3287.86,4207.69,7171.21,783.58
5339.19,2772.98,6518.11,5310.60,2136.30,5157.88
187.60,1868.28,2896.30,1858.79,9415.30,9617.27
576.39,9128.99,9877.84,2152.88,6325.51,5730.70
9702.63,7748.47,168.93,704.83,9740.59,236.62
7110.03,2592.60,1646.33,9965.16,2802.16,6022.42
6056.71,5149.95,8205.08,9579.63,8821.78,5986.66
7391.05,8831.87,5161.89,7525.58,3869.68,435.28
3794.60,8665.45,3524.86,2263.66,7248.75,9909.70
4314.42,1931.20,1409.49,3833.55,2802.61,2478.13
5989.16,264.85,1074.73,9436.42,7363.17,2588.59
5628.94,779.44,7083.97,3436.78,9976.93,9613.21
2264.77,5074.17,4717.08,7186.24,4780.51,6627.65
7309.65,4818.36,9037.71,6255.03,716.66,5709.48
7836.03,9891.77,2034.33,737.46,3950.24,3101.62
9443.83,9873.62,4144.23,5732.72,9343.45,4396.71
3693.61,1726.61,1262.60,471.95,5256.92,5172.46
7503.26,7282.90,2961.03,7913.90,687.90,9877.83
6042.10,2803.69,1278.35,6919.50,8793.32,812.91
6669.78,8899.40,5054.57,9363.80,7197.97,2180.47
3861.41,9886.02,3360.09,9213.40,3389.81,5819.53
6092.00,9567.71,7378.00,4835.47,4466.77,8072.80
1198.28,9098.44,8710.64,8323.18,1540.56,1165.06
9893.81,3814.45,4707.17,9921.76,105.57,1097.76
8357.87,5610.29,6722.36,22.01,2240.46,5249.61
2434.42,9287.01,3170.40,2812.56,8839.08,3538.06
7584.98,1075.99,4292.52,1815.88,2915.57,8246.77
5353.44,7410.85,3758.56,8796.86,9025.29,5756.05
9303.34,7054.04,2652.82,679.88,1068.30,6673.70
6277.29,1245.07,3520.03,2452.66,260.22,4794.38
6663.54,8748.47,1141.38,7122.24,1354.65,7481.41
4689.60,4691.94,4240.55,4288.24,7859.08,1571.92
7847.86,7480.90,6866.00,6188.70,3853.42,177.37
8193.52,2295.95,2492.12,9085.81,499.32,5150.38
371.63,3448.67,2825.95,7993.09,7879.05,5123.23
1180.26,9858.49,50.42,8022.50,8380.55,5840.32
6524.65,6744.14,5866.02,132.15,3400.43,8522.08
741.68,2003.05,6605.20,916.93,8222.85,7289.68
8463.92,8332.01,3270.67,1319.05,8381.27,4058.76
3278.01,5424.26,4083.50,5536.79,5380.45,1446.82
5278.23,5334.05,6584.59,7632.05,4827.77,6401.84
602.26,2497.28,3654.94,1372.29,9367.32,285.99
8468.15,1990.67,1255.40,7495.16,9365.33,5413.99
4957.68,4659.33,2559.08,3129.72,2734.92,4540.28
5555.27,2849.23,622.32,6010.20,2749.32,4452.22
9170.37,489.48,2714.30,8369.67,2866.58,5034.90
9743.69,2835.94,8777.57,4664.04,5758.59,922.54
9455.42,7089.36,376.44,655.14,9050.43,93.38
2067.15,9267.21,6275.82,9303.99,1137.46,2050.21
4044.34,8805.71,531.15,1174.57,7890.55,2971.39
3915.39,6666.74,8160.23,4997.45,1547.05,4756.86
3414.07,4982.00,7074.57,9831.05,228.87,8866.31
2920.44,7646.43,2745.49,2568.57,1380.05,7585.80
4068.79,2590.82,8942.19,8351.28,9447.28,5576.73
7183.19,6612.93,264.54,4457.32,1434.95,9742.00
2323.00,6769.46,6483.33,6901.50,3065.49,6600.74
2870.55,6179.93,6558.61,3943.71,8737.21,7951.86
439.84,2547.32,5057.20,3408.25,3295.66,2381.59
3911.06,4692.85,5725.78,1824.85,4589.23,2091.82
1660.77,6625.57,895.13,2996.84,7211.84,7902.59
6525.81,5137.21,4033.07,8247.17,1794.90,5931.67
2775.78,687.81,1895.77,3611.42,6405.82,1518.07
5950.31,1784.56,5767.67,9005.75,101.96,2195.88
2895.61,2788.37,103.21,2447.08,4372.90,6252.82
8637.73,4190.63,4650.77,8406.48,7727.24,5762.20
2255.04,3219.01,8101.33,7357.30,2813.99,7093.06
1357.26,9735.25,2004.66,7582.46,9825.99,7783.69
5792.96,4798.10,3660.60,5024.67,9304.55,5922.77
9506.91,5554.52,3848.09,4313.76,533.04,828.92
7307.30,5579.55,2759.45,2697.19,9153.95,4754.49
1217.38,4729.42,1482.06,908.54,4346.65,1877.40
2195.46,362.83,489.42,9942.28,1898.45,3479.47
2846.82,3325.65,9995.12,4010.40,1349.78,6507.67
2522.00,4702.40,1238.03,1035.23,9366.44,7567.49
140.22,9488.93,4077.57,6055.12,7520.98,6428.55
7735.69,8537.97,3663.73,2903.31,6507.36,1090.40
9409.94,49.39,6005.09,8250.39,9149.20,45.07
1178.00,4287.27,7390.19,2741.49,235.69,7463.33
1812.66,6126.06,1890.71,165.32,6284.28,2404.33
1948.45,328.18,4504.01,3303.57,6143.51,9077.57
7343.82,6257.44,4140.68,3093.75,7263.52,8317.44
4580.99,4884.47,4001.70,6069.19,4946.97,6479.98
6095.50,4143.17,1199.42,8909.96,8013.95,4645.68
6647.30,9874.51,6512.06,573.30,6649.37,5236.37
4768.27,6897.43,4112.85,6458.94,6816.37,5885.66
6634.96,7249.39,4895.76,3260.32,8100.73,1482.59
2257.23,2244.79,8610.35,7125.20,5765.55,6608.42
5493.19,391.65,9685.82,9909.04,5113.34,4997.97
4245.32,8153.02,3220.04,9518.04,4794.79,3139.72
7488.25,6541.13,4104.51,8274.36,3040.48,5591.29
8980.57,9131.93,1508.46,5380.54,9528.26,3275.88
3084.43,4356.66,5969.95,3245.96,1613.51,7912.92
3541.76,8637.94,6914.52,9113.26,5634.04,1136.53
6220.12,7355.35,2603.49,3106.10,2233.68,7906.62
7493.28,6615.01,1442.70,2760.16,8724.04,4460.19
9454.90,9471.70,3439.62,1622.42,4687.35,6947.45
8126.41,3728.42,7518.50,9934.79,6783.33,9915.46
2893.13,2796.93,7992.54,1205.16,1004.23,6209.25
2148.64,168.55,632.90,4365.36,3086.70,5158.29
6778.65,6298.09,8191.95,7005.09,1969.76,8950.82
8254.83,6946.74,6893.83,9459.17,2257.12,6686.29
6299.39,8271.99,4837.56,2160.53,2211.43,2350.13
7749.06,7075.95,2040.87,4298.38,7583.38,3586.58
2903.56,5131.18,2221.08,8979.66,5746.12,1977.77
409.35,9760.00,636.43,2261.45,858.02,103.13
8154.63,8007.50,2493.17,8455.73,7947.63,3575.38
4497.97,7296.87,8716.29,8460.03,9393.09,8573.22
7930.48,8077.65,8469.89,1620.44,5283.43,9985.84
7055.81,2346.43,1596.09,5341.05,4700.62,7281.73
3374.71,1712.35,5142.96,2561.68,2740.92,300.36
7142.25,274.19,469.43,3618.48,7444.92,5913.84
7048.71,2221.56,3502.22,2018.06,9277.72,4533.51
7537.56,8415.90,94.18,9447.88,6927.50,8863.85
4463.93,9801.10,5743.77,7674.10,7706.14,2956.04
9611.42,2632.75,8986.17,429.87,851.71,1882.30
3138.54,3488.56,7077.00,1552.27,1997.06,1561.73
930.48,6684.94,8510.01,3327.99,4876.68,7868.10
6386.40,2845.83,6901.67,7966.27,9094.31,9093.77
228.22,1272.37,5943.35,2487.53,6431.92,3032.34
4397.05,8605.45,864.65,1723.93,5465.28,69.99
1839.15,2109.99,3971.36,9989.75,4711.32,7223.43
6083.29,1289.87,4116.97,5202.39,5384.00,789.68
9763.86,5290.28,7576.87,7582.96,4811.37,1784.40
7621.05,5130.95,3388.82,452.01,5811.45,5854.41
4450.46,2093.99,4381.77,2538.21,1844.91,5354.47
1171.51,8380.82,2463.56,5019.82,1181.22,5161.42
6576.32,7728.05,2042.86,6168.43,7225.16,7177.31
865.97,6946.35,5899.01,5161.34,6958.83,6259.43
2557.85,6997.71,8824.63,364.95,2975.48,130.60
8675.54,7377.29,3548.90,7472.55,7513.27,5209.41
3758.99,1421.97,6371.36,4007.18,6844.26,9778.97
2749.46,1453.66,658.54,208.29,7916.51,8455.02
4356.27,1382.40,2796.53,682.39,2241.51,2914.27
9865.39,9152.80,4039.76,8316.95,8889.49,1853.54
4837.64,1223.23,7857.68,1189.01,7590.94,4564.38
957.80,892.72,4654.01,4399.02,6596.53,1804.96
2146.96,3214.35,7843.14,9707.20,2393.62,2011.94
8186.94,9217.78,1432.75,5733.77,3847.73,8761.16
5796.69,7080.44,8938.34,6765.96,3407.49,5653.40
2386.46,7397.09,5140.22,8871.35,483.54,2661.18
6437.29,1367.59,3856.49,8618.82,7561.43,515.89
7356.94,9999.28,6321.78,3929.33,7167.44,4274.95
8430.00,7279.88,2737.98,9450.30,4647.14,9238.26
5696.68,5033.15,6959.88,41.85,6311.23,1951.42
9243.07,8730.38,6340.74,7422.43,298.52,1832.81
9630.14,4681.49,3821.78,5018.55,4911.21,5113.95
8153.90,7947.63,6401.71,2547.06,5237.81,5149.97
7155.63,763.80,9127.69,9634.43,5421.69,103.91
1606.81,4271.19,1326.50,4385.84,2847.93,7069.34
7103.97,7530.30,3328.23,508.13,833.76,7932.01
8119.14,4642.09,3130.81,7797.01,6980.37,8066.30
6555.92,2056.69,8780.24,8103.22,9756.14,1265.99
4570.36,3501.38,485.51,9038.85,5018.89,4973.54
5714.49,6475.21,8178.31,6552.82,5203.48,2234.15
7881.55,5344.58,1346.93,7658.03,7126.59,5263.72
8210.71,939.91,9579.11,2015.78,111.63,5269.17
3076.18,7867.83,9989.32,4591.02,1464.58,6823.90
2250.91,7876.07,1459.14,1288.03,8466.55,5158.10
188.27,1936.13,7072.36,9786.32,2643.60,2763.55
8468.46,3880.86,3158.54,1501.09,2995.76,5115.15
6607.32,2973.28,7356.19,9204.12,216.53,653.92
137.45,9414.47,3965.30,5790.61,9947.18,2321.35
4860.33,4814.26,6463.16,2639.79,5681.79,899.10
4160.44,8592.24,7640.68,9006.37,1532.50,2076.96
5566.53,9664.86,3850.64,5691.49,1076.90,9348.01
1756.86,9613.54,8492.17,7680.32,6590.59,2639.30
5326.89,5270.16,5635.11,7694.07,8016.65,8203.74
2125.78,4884.21,2913.63,3038.53,4246.28,6473.14
6107.33,7765.80,4684.59,1981.92,1079.51,9267.26
4154.57,8482.58,9603.34,6267.08,3209.88,4874.53
934.82,6586.86,2953.27,1774.50,4476.95,269.93
1090.04,5109.77,8279.33,6449.59,5761.41,231.56
3154.30,1723.87,3003.09,559.18,9621.26,9855.12
9328.87,1784.78,4665.30,7425.81,7233.71,9230.46
4452.34,5885.46,498.52,5734.95,5207.00,8987.03
9887.21,1713.38,4374.96,3430.93,4974.25,9658.99
3874.95,1017.18,2329.53,1913.23,7527.45,4218.48
5566.39,9761.67,3411.44,8825.51,4074.28,7449.08
8716.75,2271.09,9408.63,4061.66,66.72,2188.91
4219.92,93.68,5746.02,1484.71,1671.02,2421.63
5212.77,6189.24,9614.46,6939.34,713.62,5465.42
7501.61,5138.04,4929.96,6437.94,7487.41,4157.41
4344.70,1615.88,2925.48,6675.54,8518.95,3614.79
3574.45,9835.69,3979.25,6845.03,3254.36,8151.27
8458.65,3273.42,5489.52,104.01,7751.92,6085.74
1848.53,6428.43,9840.89,7770.01,2839.22,2263.48
9085.88,9752.06,6068.41,4830.14,1595.72,1631.34
131.66,7160.51,1924.79,1499.38,5894.14,5963.56
6467.26,8317.52,2671.51,2368.87,6407.89,4793.32
4244.05,6607.31,933.48,2894.91,6287.48,3706.12
3491.02,4481.62,3290.14,9681.19,8218.40,668.73
4238.05,1734.39,418.21,3424.41,3814.85,3245.41
1418.29,9635.00,4479.85,2173.93,2792.80,6348.09
9110.49,6664.05,3885.26,2998.68,6025.51,6405.09
4583.08,290.69,6546.47,4113.04,7156.13,7897.39
134.32,8414.08,8433.55,4843.56,5955.90,1316.87
2326.11,4790.03,5667.38,6369.78,7373.02,4391.05
7236.32,1917.12,9602.71,9913.93,9514.26,8280.81
6297.89,7127.49,8944.04,311.17,8191.20,7303.17
5859.13,6721.24,4961.20,3522.47,5621.94,6745.83
7534.65,400.20,7713.76,9205.21,5099.98,2871.92
7212.48,2552.35,3880.01,189.51,4539.25,5713.60
6783.19,7223.69,3967.73,8005.12,323.78,6233.23
391.17,9475.83,3485.05,8893.29,1000.57,6937.05
8098.48,56.80,8504.94,3591.83,2605.24,5727.93
1033.63,4298.47,830.71,3014.00,5324.64,8719.66
802.14,9740.08,5300.02,910.54,5411.30,5984.50
59.83,3238.57,5744.97,2326.95,5891.56,7423.45
7814.19,5429.95,9551.82,5850.67,7255.22,7535.86
7864.67,3780.01,862.54,260.99,2074.63,3649.44
7270.00,2588.44,5555.44,5228.61,7663.71,3666.01
414.70,9091.61,6607.09,1408.24,4390.24,5076.08
5913.86,5657.47,6383.17,5593.17,1382.75,5062.24
4138.19,3781.37,3963.06,1777.29,6518.00,9357.59
9703.72,1817.28,1152.66,330.97,8860.24,8444.48
9141.25,6857.16,6412.26,7731.71,7398.73,571.08
2400.70,8754.48,4792.28,9616.67,5900.62,4590.54
5599.35,604.54,8727.99,3577.24,1554.64,9700.50
2773.17,546.54,2339.07,4242.72,1965.43,5486.30
1343.00,3475.95,2160.40,7671.39,4847.22,673.20
6564.74,8831.49,2277.25,1553.49,9723.75,5596.92
1578.18,2096.45,3290.71,5001.82,9766.72,9008.99
6015.20,378.47,7239.31,2087.11,9802.96,8839.52
3750.21,8770.36,6601.11,7549.12,4094.21,5700.41
1398.39,6543.59,3569.60,3810.06,5545.19,1479.84
1766.95,9729.00,3766.20,8300.43,1104.17,3373.07
4437.36,9870.60,6572.03,9178.26,1784.54,8120.71
3631.25,4104.54,2794.06,4602.63,644.99,6791.23
7215.52,484.01,9145.87,622.75,3119.10,5412.98
4098.39,6387.34,5140.68,5821.42,8071.56,5791.45
7697.66,9266.12,7696.59,3869.90,116.88,9932.10
5923.61,6969.41,6423.43,1472.05,5893.06,4171.16
3265.99,4465.43,5698.17,1391.65,412.39,8433.88
3389.47,8581.06,6331.87,9963.08,6337.16,7402.84
9074.19,2426.82,3947.17,1954.30,3516.39,8286.04
9252.95,1488.03,7791.33,2010.75,2924.04,7343.47
880.08,6258.81,3068.26,9125.64,7906.81,9139.61
5220.53,1649.52,6513.87,9335.06,5292.99,5259.40
8840.52,2875.74,4661.38,139.78,8011.88,5025.41
2738.43,293.22,974.02,539.52,2250.06,7321.02
7437.06,2181.52,3857.17,8521.96,6147.55,5207.59
8075.22,4447.06,8524.67,1099.24,6461.22,4009.25
2221.42,5524.53,6812.90,6286.17,6755.88,287.17
2059.91,2487.15,4033.82,9105.97,1851.89,9474.86
4129.83,3669.98,693.18,6881.11,6989.71,1656.43
6308.45,4418.90,1924.65,6135.90,4156.67,4352.93
8209.92,2557.04,7307.58,7389.74,31.45,6975.51
5703.88,3596.88,284.05,3675.61,2260.93,6391.38
9257.31,956.65,2699.69,6663.25,1452.83,8254.40
6941.54,5642.57,5107.40,9919.11,1408.62,8566.13
5751.08,8477.80,4456.79,3114.94,7826.51,3096.10
5799.23,9063.15,667.89,8232.92,9254.11,6080.06
5033.23,43.56,1087.13,570.26,518.94,6807.05
2836.76,5733.02,1566.81,7311.05,2602.71,355.92
7753.46,5341.67,5872.72,18.98,5211.58,5283.40
2085.71,929.25,1443.80,1236.82,4719.09,4003.55
5548.90,3579.32,9702.58,3294.21,7124.86,8429.81
3098.89,1061.21,828.85,2544.38,3966.88,1242.96
2372.32,8471.61,9559.42,8956.82,4458.47,7301.73
5673.40,6861.12,8781.85,1620.47,4318.35,1921.52
587.00,6788.46,1124.78,2706.06,4744.11,5287.13
2472.96,2864.91,794.12,4566.75,4486.61,1003.50
3492.29,8061.10,1113.72,9479.87,3459.25,5885.30
6941.93,1913.61,2525.38,6943.42,1430.01,6693.36
1629.17,7559.14,2056.66,1917.86,2680.05,2057.66
4580.36,3673.67,4338.94,5403.46,6153.35,1204.74
2454.83,2529.09,8067.35,6348.41,7528.11,7158.11
433.11,6777.27,3591.28,8132.60,1478.58,4245.85
6765.70,6183.52,3588.76,2431.79,9560.35,3956.24
5646.98,5862.56,3882.84,2635.26,3438.09,110.35
3417.03,9197.35,4281.53,3047.61,1853.12,453.09
3705.33,2036.38,531.27,1317.24,8833.71,661.80
1734.40,9195.59,2200.31,9182.33,8418.76,6363.78
2378.59,8159.43,9592.50,7304.62,7882.26,4195.26
7168.79,8194.35,6760.34,3094.28,7734.23,3618.90
67.77,9534.79,389.40,8235.34,1420.40,1713.13
2974.15,5694.86,6105.44,3425.23,8204.56,3854.68
3744.16,1048.33,3326.50,233.07,4995.00,6397.64
7763.39,927.89,6985.06,4317.06,8200.58,2849.16
6277.16,4479.79,9251.26,4435.81,5901.89,4083.07
360.96,8668.85,8136.42,5266.43,2124.72,4648.49
8027.11,4039.45,7992.88,2966.66,6834.19,3417.29
4169.36,4130.37,5654.61,6795.46,6453.40,1477.09
8524.02,8307.50,2725.25,5512.85,7124.68,4201.94
1779.59,461.75,9822.88,7886.55,4488.13,7380.93
2815.75,7106.12,339.00,3142.19,3404.36,9629.41
5770.94,2070.55,2788.61,9189.71,6709.40,9068.73
911.52,9550.61,2375.05,9918.97,6551.71,1279.97
1244.93,9025.74,17.46,9222.79,7800.77,8005.19
9541.74,6346.58,6270.01,1956.64,1860.34,4827.31
2094.43,6474.10,9315.72,4088.26,69.16,98.36
4308.33,4259.28,27.02,2895.88,6639.23,942.42
9441.91,2245.99,2109.39,261.72,6143.58,9256.17
8603.38,4716.54,5071.32,8805.68,4829.80,6328.71
1860.70,2517.16,4007.09,6623.64,2176.33,7736.25
4484.75,6322.55,3772.14,4427.59,1502.10,9722.24
3959.44,7387.40,5775.76,8262.78,3112.28,532.97
8172.85,460.69,402.38,3729.59,5987.91,6295.50
98.91,4362.41,4803.24,7668.13,8297.27,5212.44
6405.60,5505.95,7723.84,5711.02,2780.95,9792.49
4918.51,8636.43,337.82,1761.33,3088.95,3857.92
1457.05,8787.73,7004.97,5671.86,5356.00,5844.00
144.29,9824.32,469.73,5103.78,1348.67,1553.34
4279.54,6182.88,5623.59,8276.09,4104.64,1027.59
7676.69,1199.23,4866.89,3439.51,9645.62,3677.67
8034.99,2028.87,8207.78,630.69,7365.38,9291.17
7643.40,793.78,9579.89,2730.82,5130.26,6086.53
1073.22,8548.28,5385.41,6726.65,8940.12,8713.21
8903.20,8077.83,9807.26,5388.64,2363.06,3732.54
8877.22,709.46,2643.03,6985.95,5127.40,8167.78
1632.94,2763.32,490.02,4608.32,7616.97,7717.06
5753.89,166.17,1855.93,45.61,979.63,6518.73
8940.58,8382.52,5855.08,9524.89,6036.33,5665.62
5190.96,6184.21,7379.62,2284.50,8121.84,2238.29
8455.89,2612.80,4571.00,9302.57,744.08,3557.38
8572.56,4613.65,1516.68,6531.74,5600.54,3132.94
1629.36,3139.22,8272.61,8373.85,4868.94,7858.66
9565.69,7826.58,8318.04,7547.70,7056.34,5519.44
5084.51,7410.41,6794.90,4857.08,589.95,8257.02
523.89,3519.86,2050.58,9673.96,1228.58,9038.16
1314.27,9096.29,3163.17,8899.02,9012.05,5396.26
483.61,9783.13,2869.73,1137.33,4223.63,5793.24
4872.39,2469.13,6989.39,8084.88,8057.90,710.45
3479.20,7633.42,5017.85,1988.36,2157.86,6324.84
1379.87,6813.52,5101.26,1408.50,1004.11,7142.71
2918.57,6348.23,9286.28,6712.53,5706.91,4602.79
1866.78,5964.24,3774.95,1971.13,2096.80,9255.16
4990.99,9490.04,9815.48,1898.82,1567.49,7467.79
4234.85,4159.77,7132.98,4279.19,3237.30,1074.13
5899.59,1154.97,820.42,9300.86,1221.03,1265.41
6955.94,1327.17,857.05,2117.07,1538.30,3876.93
4808.02,3142.09,8718.88,5558.38,4450.70,6502.75
1959.58,3276.32,9958.29,6954.30,2482.01,4140.93
3663.58,9936.56,3570.04,31.99,4057.40,4692.32
897.36,4222.18,700.37,508.81,4700.84,8286.98
8894.56,6768.15,6882.27,5928.24,4954.74,1145.66
2635.47,2862.50,1750.90,8952.39,7904.29,8602.92
297.30,38.88,6532.79,7557.05,8615.52,3740.47
2816.25,2230.15,9810.76,4290.60,6035.47,4791.21
9593.17,2224.89,3957.19,5208.58,1357.78,3524.42
6712.25,109.74,5718.26,7196.93,6781.88,236.73
4541.56,316.32,2124.56,4859.89,6289.70,7407.89
8447.13,6323.32,6649.44,7553.46,6074.61,5835.66
2082.73,5704.46,5337.14,9589.33,2407.19,2245.18
7468.38,3662.79,9837.61,5661.25,3268.29,2113.45
13.47,566.73,3506.33,4731.01,2563.41,7663.65
2735.16,6654.85,7444.70,3106.73,8759.52,8888.68
4987.04,4254.35,9972.81,3715.57,5909.15,2313.44
3112.72,7269.58,3285.33,4765.37,8279.67,8649.04
3813.71,1237.80,3763.95,1557.45,6782.30,9569.43
1446.22,8351.17,871.18,6954.11,8589.91,963.73
372.63,6910.99,123.21,8972.84,1906.47,3263.44
7998.63,9855.94,9273.16,8690.07,5014.06,4166.30
3009.01,68.76,1075.28,8550.44,9980.31,8697.65
5798.69,8853.24,8330.83,3626.33,4787.69,3901.43
8516.07,6347.24,9361.86,3927.31,3191.17,3602.07
9905.22,3664.95,946.55,6471.45,8078.50,2765.14
1602.66,7815.02,2773.82,4328.84,3445.22,8297.80
2684.52,1432.13,8379.59,2932.12,9940.22,624.29
4180.69,1547.32,1149.83,526.64,248.80,2433.94
8251.15,5510.39,2846.80,1459.01,7381.78,3415.52
9490.23,7978.69,5841.77,2860.19,4275.88,8155.74
52.97,3639.60,7926.60,995.95,2257.53,1049.92
1926.98,4963.91,9978.48,962.82,9150.28,905.21
4994.29,4488.04,4775.20,6787.79,3582.22,1859.41
3040.41,7297.62,5873.06,9584.55,5854.19,8799.75
62.95,68.43,5019.00,426.25,8203.84,1533.16
4338.40,6037.64,7794.70,7116.61,7017.71,3233.95
7644.51,8839.68,6486.71,9048.56,9210.30,8567.40
7808.61,8748.61,3979.10,2025.67,5267.25,9919.90
5986.01,2582.30,1335.68,4443.51,1421.30,9814.86
8435.03,442.49,8232.37,4463.61,7251.20,7231.48
9084.66,2052.80,711.89,4898.23,3679.75,7416.65
7319.69,42.58,1337.26,8623.38,7748.25,1123.17
1023.66,5448.58,6178.79,9436.20,1548.58,9549.31
1693.20,9546.36,8937.13,1457.49,2968.14,9112.31
2719.48,9769.72,3887.55,7977.47,9446.02,1363.89
7890.56,968.59,9051.87,6340.52,7484.12,8215.09
3080.03,5195.24,717.01,1977.56,9663.78,7849.27
7512.57,2465.39,9350.99,1441.13,3163.37,2283.75
2988.86,30.88,1104.39,410.46,3633.78,8387.43
7505.73,7411.78,3147.22,9566.08,6719.43,144.22
8078.07,9633.10,3428.96,3569.73,3639.59,6784.47
9448.39,8858.34,8035.15,142.94,8318.58,6849.69
5726.78,1178.57,1287.63,6312.15,683.00,4484.40
7146.06,1955.67,8910.70,529.38,5694.51,9980.75
3212.54,4340.72,2091.50,5174.99,900.37,8207.53
9833.17,6967.20,6735.37,7614.69,5537.69,1301.67
1022.00,4392.08,6053.30,8605.36,2316.94,5003.35
9658.05,8120.67,1753.28,7896.26,2550.15,66.73
2785.78,6540.15,904.18,4174.00,9298.17,8824.39
1331.65,8824.32,657.76,591.46,8260.52,6659.96
857.84,3266.86,500.21,8666.70,1161.53,5102.87
2244.03,7835.69,5896.74,1304.68,4269.20,7243.40
6228.14,4480.76,1690.18,4154.56,8442.47,5200.25
3307.04,615.49,7415.53,9813.11,8501.19,5433.83
7852.68,7606.24,9032.96,7764.06,4995.03,8335.56
8888.19,1207.08,1540.88,1987.18,1326.41,1766.55
6230.92,7040.61,3008.92,5590.17,6899.35,2763.80
5954.10,2534.59,9355.50,1239.53,6134.66,542.94
2494.90,321.14,1962.07,6829.90,3671.67,7211.57
9037.61,1148.18,765.11,7322.16,8725.65,2725.92
9985.87,4989.14,8284.25,1752.67,7309.88,3507.27
5849.35,8589.10,4045.29,9053.28,5303.33,1029.15
789.70,5137.27,1712.22,8936.50,909.69,7648.03
1759.07,3583.84,5968.34,5929.39,3931.22,928.16
5539.33,4470.81,3434.51,1215.88,5902.57,7102.40
1711.54,7674.49,5681.61,4902.09,755.83,5860.47
6701.19,5165.78,4158.19,5827.06,6562.40,8963.36
7547.99,2779.16,2540.13,6473.97,1909.95,2162.33
4293.78,7144.70,2992.70,2896.89,4505.53,2932.82
6280.10,7023.66,732.58,1876.88,1987.79,1975.83
7826.94,3119.17,1364.66,2306.20,9271.07,1101.83
3722.25,7513.22,15.32,3334.62,5992.40,6233.06
4601.69,7225.62,3792.26,8880.58,842.03,2482.12
6352.60,4532.66,4274.21,5172.58,9719.46,1725.93
7646.46,2663.64,2057.40,7494.31,6246.38,9103.28
743.88,7091.76,6838.63,7163.23,691.40,3705.62
9311.70,3858.92,2344.28,6533.99,7702.73,786.04
9686.01,4153.53,804.11,5392.53,8922.32,825.98
805.47,964.20,5688.64,8060.44,9104.41,2783.27
2643.97,5317.48,7094.79,2020.46,9970.04,3521.01
7152.30,6466.34,5298.39,5171.30,2353.50,7333.75
1324.46,1325.31,4810.49,1316.01,4912.69,7575.97
2567.52,7448.38,5865.20,6739.68,1754.96,4389.79
5675.68,2952.14,7832.11,5153.54,3568.54,9090.89
6709.24,6726.53,4834.51,7733.47,3699.87,1463.36
7012.24,8838.82,386.44,3825.59,8273.88,8538.12
1871.63,2863.37,7649.10,2320.72,3077.44,4160.40
5845.20,7030.20,2278.64,4903.84,8548.19,2571.36
2668.39,5426.15,8659.37,1689.96,5093.71,5323.15
2536.33,6793.40,2076.58,3939.62,894.31,122.42
7950.34,5281.12,1857.43,4041.26,1208.68,287.87
4841.99,3619.35,386.81,1559.87,6444.41,1128.56
9807.20,5745.74,7773.33,5545.04,7235.30,4743.31
7781.98,7923.34,3327.73,2011.93,4544.88,4559.96
159.70,3029.74,2558.76,53.78,3554.07,3850.16
5063.17,4147.77,9952.77,7155.00,1841.15,4986.47
5835.01,8642.08,4187.63,7762.20,7205.92,9814.96
668.47,7283.23,7229.79,6078.69,4600.62,1708.12
2513.82,3277.58,3303.18,906.01,4354.45,1105.03
7533.54,5094.38,4478.56,4993.86,1932.67,7930.36
5498.38,2923.03,318.96,7082.56,376.05,2725.58
9739.87,7317.16,6921.51,6898.63,2437.08,5107.82
2185.94,4735.41,759.66,4421.26,4598.59,3136.52
4846.95,5010.51,6290.54,2113.65,7000.99,7716.13
155.85,6361.45,508.49,9640.68,7388.11,8200.09
3533.79,3581.36,4053.54,6807.16,6361.74,3601.66
8004.78,593.73,1359.06,6031.83,2577.58,1918.93
1156.37,4538.31,5596.98,9019.47,6270.93,1270.51
4838.79,6642.72,6588.04,636.00,9538.49,9851.96
2325.26,8539.38,1819.72,3895.46,907.89,9715.50
310.43,4815.35,7915.32,8789.79,4579.46,756.37
9071.11,3063.79,2049.51,4125.61,5119.42,9882.50
8264.32,633.30,1887.30,338.39,3895.39,8090.03
4605.38,9249.24,8507.14,4294.17,4556.18,6293.43
7362.38,4693.02,4224.18,4578.07,8201.95,3840.04
5067.61,5888.95,3108.25,2260.54,2394.51,6334.80
1777.88,7292.67,3813.29,6650.02,4039.28,2037.57
2612.12,1304.85,2787.04,8097.54,9751.31,6869.70
9053.72,5233.89,9370.55,3212.55,24.86,6663.31
6029.18,8373.07,5608.55,468.84,9659.17,6280.97
6462.75,8015.84,7891.44,5860.38,2126.34,9175.74
794.86,276.59,9350.66,7012.42,6252.12,7717.66
9680.39,6644.74,712.29,2800.51,7474.17,1058.95
7031.91,4435.17,4385.28,8346.16,2954.47,8650.90
517.55,9730.32,2394.57,2461.54,6461.11,2927.40
173.72,8451.59,3695.44,5663.99,5868.49,6891.03
7513.61,9061.45,8525.48,3029.04,9724.21,1546.28
2964.90,9789.36,6951.87,7915.50,1154.16,4602.19
4566.37,4780.45,8111.74,5241.91,657.82,2117.20
9016.85,5901.25,8053.49,7609.28,6634.30,5430.28
8363.58,6294.72,2382.65,163.58,5775.95,8969.74
2290.50,1068.21,1292.96,5399.33,5890.95,8232.33
9505.02,8687.87,7292.35,8100.84,3587.73,9302.61
1638.64,3807.68,7709.15,5270.92,9002.14,4205.42
650.94,47.56,9060.44,9079.42,2178.58,9741.99
6894.80,2579.74,1245.02,5996.11,2805.14,4170.31
3621.67,9282.67,6928.96,589.98,5629.95,8401.66
7800.39,2261.98,6066.24,6855.24,7868.93,8924.45
130.37,6113.72,4326.73,9242.58,6291.74,9622.49
1632.51,1735.14,2528.49,3645.60,4875.76,7361.44
4822.82,1201.53,5530.29,8094.80,4680.80,9020.97
7170.70,3375.79,3668.67,9812.13,4536.16,1583.42
1415.64,4299.62,4776.15,5005.08,6798.14,4899.63
7504.79,4774.87,3897.46,1481.44,1644.60,7432.74
6658.16,5819.99,3612.72,2966.50,3370.18,1282.08
9781.22,5790.01,8444.63,2009.92,684.10,22.42
1088.71,2192.76,8960.92,3593.80,6676.49,62.03
1993.63,2810.45,2694.14,8653.48,2154.53,8664.11
2735.02,2633.18,3452.67,4558.19,4161.46,2506.15
9431.14,7214.39,3674.32,7582.16,9445.95,7851.61
453.15,1165.59,6983.60,1832.27,5548.69,7529.82
8185.62,2385.92,1821.20,2345.95,1298.15,9754.01
5701.71,4878.77,2202.10,3130.40,4979.14,1943.43
6946.67,4509.59,1945.96,3668.20,9838.85,8611.29
626.66,4096.49,4062.27,9865.60,6438.65,9348.55
3171.61,2087.44,278.30,4982.31,8981.98,5423.04
6699.08,7397.23,3401.03,3202.61,8609.20,3754.75
7759.32,3364.87,6088.16,9571.62,6809.74,5553.18
9617.63,4844.77,3782.07,5844.16,5075.66,6512.17
2484.29,234.43,7021.47,7854.99,4419.92,7529.46
3430.04,215.47,9102.37,5538.29,1318.44,5585.89
1174.76,4979.19,8945.81,7054.56,3021.53,2790.59
6709.85,6927.43,9470.68,7706.81,202.02,2169.12
4906.52,150.63,8364.92,6409.87,7880.84,2675.15
3699.88,8328.53,1757.52,4565.18,6586.44,7464.64
6500.14,3065.21,6028.55,719.40,4287.55,8374.73
1707.09,9572.38,1624.19,5927.11,717.68,5202.89
9774.27,5574.29,3096.29,9421.58,279.03,260.49
6680.24,6398.52,1017.14,1339.55,5865.58,5236.22
5605.98,8323.75,2442.71,168.70,6723.32,9197.78
3395.56,6284.58,3603.31,7774.50,4165.26,5569.98
6205.38,2136.23,9617.17,2380.78,5879.35,2470.81
1632.65,9299.63,3556.17,5806.18,8218.44,9984.89
8428.34,9975.72,8585.20,1588.29,3341.05,6986.02
2108.15,1018.35,1539.35,3824.68,9653.76,6689.91
5414.13,9912.16,3852.85,1692.45,4052.68,2525.92
3910.29,599.16,8942.37,2150.46,6871.95,9720.73
1280.98,9418.05,1364.39,4895.98,9154.45,1844.73
259.23,5882.90,8314.65,5918.00,3185.24,3348.49
4943.19,8745.61,7066.31,509.73,4037.29,7040.33
2678.12,4488.20,4452.09,6292.45,1979.52,4749.38
4052.65,8527.22,8840.22,9217.00,298.76,4481.87
1558.28,4027.39,3711.34,3486.99,3045.47,7990.49
3666.98,9103.29,599.38,7281.64,6098.48,3311.55
5167.29,9474.40,7582.17,1567.28,1507.26,9692.33
1311.74,5936.39,4068.36,7757.18,9553.85,1681.18
1004.89,1484.95,1497.37,4365.54,1014.11,824.17
1492.36,9462.23,4153.03,286.39,102.02,5626.22
339.69,2084.97,5563.85,2466.27,293.03,5107.86
6707.49,7015.89,5526.85,2869.09,133.07,3705.96
7479.60,7427.21,6951.04,1590.71,8721.99,8978.44
7608.89,1468.35,7534.38,9308.77,9417.09,9034.18
5069.43,4378.96,4821.97,6526.06,2351.62,2380.32
6841.23,5903.93,500.08,2016.45,9562.69,2956.00
1348.80,5921.75,6958.63,2493.39,8487.54,4267.36
831.83,4082.06,2203.40,3722.26,6125.99,5205.86
1907.45,1899.67,7551.42,8441.97,4918.48,8582.86
2248.89,2581.87,4051.75,7566.42,5789.33,8000.68
2590.50,3636.31,3768.41,6471.65,5336.11,2079.07
5157.83,2375.23,4659.53,9759.10,5334.68,745.68
563.19,818.84,1379.44,501.91,7705.44,198.66
3615.20,2960.64,2650.35,7148.56,823.77,4701.02
9745.72,2060.87,5213.45,8671.99,6168.94,9770.60
7454.69,2187.91,6532.13,5453.62,9815.62,8074.11
4205.30,6349.22,6186.55,1622.45,7126.03,2007.77
6146.42,4062.95,7537.60,9242.12,707.55,1796.83
6497.26,8330.54,9666.17,427.91,2207.61,2218.65
5007.32,6426.57,215.91,5587.37,5618.95,8176.05
1895.07,2025.91,7004.41,7947.63,4999.91,7719.78
9470.02,6486.72,6986.98,6166.86,8004.00,8828.97
6282.68,6610.30,8063.13,4497.93,8133.21,5542.03
4971.58,529.86,7719.67,3959.44,292.62,7662.63
7106.92,3907.70,3371.29,3799.59,9016.94,8488.36
3230.12,6291.79,258.05,3711.81,4279.21,8617.43
5006.61,7076.21,815.37,7376.16,576.50,4342.99
4641.39,6360.79,779.79,7443.78,6141.40,2855.63
1026.42,5809.51,482.27,1554.52,6325.28,7762.76
2586.41,1370.91,7161.44,2237.63,4161.06,9753.14
8740.63,386.43,2109.37,7728.53,4258.88,5208.50
8166.69,6099.14,8964.69,3221.28,2157.48,6320.67
6420.65,9181.32,546.96,425.08,6591.76,7747.71
5194.84,6012.70,2174.80,3336.98,452.61,8495.68
9588.78,9005.00,5748.64,8797.28,3875.39,3352.72
8247.16,8453.24,1998.98,6998.62,7826.87,1124.21
4838.33,4903.67,9794.58,3020.54,5459.09,5489.76
9050.39,2075.32,7995.15,2528.22,8279.20,5337.67
7732.58,4788.51,9595.80,8767.77,9819.50,2576.70
613.20,8683.70,5353.35,3632.07,8182.51,3293.79
5497.63,6494.86,8703.49,8588.48,3710.17,9748.45
9042.08,928.89,9233.68,3251.64,3911.57,999.15
860.22,1125.10,6425.60,6126.38,1188.48,4220.78
3338.97,7693.90,3143.24,4637.51,996.08,5903.01
2955.49,4099.22,7830.27,9540.55,7472.43,6939.77
629.14,2137.62,2518.40,924.74,9767.51,2035.80
4531.05,6757.33,868.17,3903.97,2643.72,1677.18
3169.19,6122.73,8892.98,4778.59,9349.43,7988.73
6345.30,3958.66,4259.85,4494.19,1042.22,8327.86
5038.18,104.75,1516.29,1475.99,9742.69,4459.85
3583.75,3293.75,3778.46,5905.45,1666.22,3176.01
4272.88,4185.23,1137.35,4519.03,8760.36,1897.52
4443.06,1843.59,3419.47,7885.67,4766.10,6353.77
3687.82,5335.38,4874.55,4814.53,6197.63,4990.50
8041.33,8631.22,5548.92,6602.62,6841.12,3145.90
4817.83,3178.43,8736.86,2461.18,9763.43,7562.09
1962.74,4243.26,2571.23,1775.38,9452.10,5511.05
3787.15,1658.90,4829.01,7117.48,3517.40,6398.96
6246.78,4429.84,1028.11,7927.82,283.21,4195.08
5023.08,1456.14,5178.12,6025.17,8695.18,6826.26
3628.46,6540.94,1455.38,5121.97,1765.01,2250.17
9505.78,6101.99,7704.70,1255.22,9320.09,3673.22
2299.82,3515.99,6117.66,1147.55,8439.18,2177.87
2234.37,5695.69,3167.60,4054.19,4769.79,912.45
759.70,4451.22,1483.60,2550.68,2226.14,3002.99
3321.36,2642.54,9024.48,4661.82,8025.86,2667.42
9249.33,6152.41,5654.39,517.58,5524.67,9934.75
2217.64,2640.46,757.59,7876.71,788.47,84.28
6597.30,3284.91,3663.98,9784.68,7983.61,6480.25
8182.41,4942.54,5861.01,8873.72,8487.42,6202.08
4038.30,5012.99,7274.00,3916.79,6542.98,5231.25
5878.44,1773.46,5572.04,6980.18,3528.90,4071.55
3052.78,3744.05,6474.75,6728.91,2258.55,5635.32
6121.85,3518.58,2600.25,9920.84,5302.39,400.53
102.47,8977.90,4854.91,8356.96,462.06,4374.70
7873.24,2884.88,4455.56,7089.15,2859.19,1701.63
5634.14,3889.74,8375.35,9331.07,8862.37,4844.13
3144.80,8238.13,3143.19,2425.96,2247.44,9621.67
1082.61,7686.13,7059.79,6961.39,7938.20,4024.50
6028.19,8950.43,8713.98,7837.96,5886.76,9871.11
5351.23,788.62,1916.98,9053.42,9739.92,8872.44
6000.55,9781.62,8490.10,9777.10,9843.70,2819.51
2247.75,32.15,3803.60,8849.74,9179.14,2239.34
1923.92,6990.24,1394.73,3430.83,7225.23,644.95
8080.73,3884.05,1450.56,7349.35,6330.55,8478.87
9420.74,4650.63,7848.79,9043.77,3509.99,8215.38
9357.26,6010.44,617.66,5598.47,986.93,5383.35
9603.96,1941.63,9015.09,8699.47,5890.14,8993.32
114.01,9220.98,4473.63,6476.36,4367.85,480.89
2239.49,7539.66,2564.20,7859.96,26.35,723.70
5043.09,5445.59,9831.44,2206.53,8158.25,5228.96
6195.89,7570.98,2389.86,8481.04,8577.69,5313.31
8807.85,3994.95,6253.79,2262.80,906.25,3106.88
3326.70,8436.66,8984.59,6601.07,5189.45,7081.27
4081.00,667.89,7818.07,738.76,9936.41,1598.39
6238.74,9580.80,6349.48,1074.16,4381.24,9045.54
6485.01,9819.41,7307.59,5266.42,2487.40,5541.87
3071.53,8671.03,3436.94,651.72,8987.95,1822.77
1489.58,4344.22,9187.26,513.84,2607.67,6925.68
5987.41,6950.55,6761.31,996.58,5400.51,2035.16
5248.91,8957.87,137.37,5774.55,1519.01,9610.93
2983.96,9678.72,4654.71,898.35,6260.75,6027.67
5441.17,4434.70,5388.70,2135.97,9797.69,5357.83
1416.03,1017.44,8464.56,4433.80,362.78,5131.15
8056.33,5067.92,2116.41,3098.51,9740.75,9438.71
8262.71,8556.22,2691.64,4657.09,2595.58,9838.98
4153.27,7722.80,2693.36,7414.40,9113.62,3219.42
932.03,5055.75,8450.25,3399.77,6817.81,8332.06
123.75,5998.75,4753.31,322.74,5900.26,9541.85
4339.71,6258.06,1811.57,7434.46,9635.04,758.58
625.51,5524.50,995.91,4819.19,1890.98,793.62
7444.86,2949.21,6616.95,843.36,2202.61,2351.27
1805.10,4701.34,424.15,8549.02,6226.23,3482.94
9722.43,9365.18,5746.94,7064.75,9619.11,5342.22
5406.59,5662.62,3044.55,8555.03,5935.40,8113.25
4311.04,866.93,8702.27,938.69,2663.54,4221.47
2200.93,1334.15,4734.59,2130.64,4935.72,7816.73
9704.12,9952.27,6263.05,4062.18,9670.28,2580.80
6255.20,7658.13,997.48,1318.94,9179.16,5767.53
2426.89,6886.92,9266.38,9930.67,3081.46,2002.71
6005.69,1574.13,6249.61,698.91,3905.38,1419.90
8112.63,129.84,8317.54,151.85,2802.87,2650.43
4923.76,5231.71,8918.37,5582.83,3395.25,2642.99
3053.36,752.94,4212.03,1278.05,73.01,3206.32
177.70,4918.93,9008.07,3458.67,5500.44,5182.99
9633.03,2200.70,8854.07,3172.66,7457.48,5491.73
4531.02,3901.21,7178.89,4613.80,8642.41,8691.73
8424.46,1916.49,991.76,5298.07,3224.57,383.99
3672.82,3144.91,808.23,3279.73,6147.94,4981.66
3966.49,9759.57,5114.82,4181.74,9914.41,5219.82
5710.75,4577.99,7626.75,1723.57,7751.91,8607.51
3344.84,5124.73,1647.49,4012.19,5991.42,530.64
1622.35,1979.78,9007.29,9751.05,907.12,478.29
7934.66,6421.30,2235.49,8815.54,8694.74,6637.33
9542.49,3591.42,1335.63,3612.69,1628.37,1699.72
8198.90,4021.58,5505.80,3500.38,8106.57,6019.84
2368.21,6560.16,6539.28,3665.55,225.26,6330.64
3318.72,6064.72,1677.56,2552.96,5166.24,5279.24
6139.18,9838.50,380.84,2706.79,6950.68,4558.60
6889.65,5659.85,6652.32,2369.90,2208.31,8960.43
1532.30,5152.95,1020.37,9439.07,6164.27,2630.40
6875.80,9804.90,4667.77,1182.56,9113.70,2330.68
1345.53,417.07,2473.10,7733.40,473.29,4666.16
3135.70,7600.34,4657.39,2359.50,7015.62,9135.42
8295.58,1920.60,3118.65,2092.71,5166.24,9029.39
2130.99,8142.20,305.71,7086.39,42.80,8258.89
5820.48,5368.11,9978.42,8944.78,591.88,9642.69
1445.25,5804.26,3632.76,8597.90,1205.71,108.18
4587.06,9108.87,2894.83,323.36,8046.07,7566.33
5351.37,8037.70,7845.02,1594.51,6084.31,7743.63
2266.61,7321.91,6123.12,842.26,2772.92,2195.68
7904.98,1610.61,2447.65,108.69,9222.20,989.83
537.93,6624.77,6111.21,2548.13,171.17,5643.32
8166.06,5181.36,4761.24,8521.66,3607.44,6422.32
9700.61,7209.98,3354.34,2161.79,8807.20,9477.78
8004.85,1512.94,1397.35,5651.20,4799.43,9716.55
9378.62,2044.53,5887.99,7023.57,1557.30,5422.32
2825.89,7452.29,7985.71,1112.86,2940.17,599.61
6444.72,2999.86,8966.63,1987.79,2955.53,7971.46
1741.84,9391.27,7274.42,4954.23,2301.51,5023.26
7811.54,2415.88,9463.74,2238.66,1101.14,8698.99
1340.94,2583.30,7597.02,9272.85,861.89,913.25
8512.35,1364.45,3330.34,8285.75,357.36,3515.47
8253.85,8320.65,5242.73,4707.81,7641.39,9167.63
7327.59,8123.96,3342.23,4468.88,1016.82,987.57
3045.94,6711.55,3486.18,4898.84,2682.87,2711.76
3325.92,8824.26,8581.45,3798.40,8260.87,7990.99
5624.26,7579.55,9144.63,4177.09,9310.20,8804.23
2971.77,2519.79,8477.57,1647.36,9051.85,6165.55
3217.50,3122.67,8130.51,1865.64,3785.31,5379.14
3791.13,5510.71,5403.42,6724.60,5186.37,3535.67
9452.29,3337.60,1710.46,8367.14,9037.75,4181.14
5873.63,7371.13,9782.89,5048.99,6490.68,8529.29
4215.97,2893.82,1299.72,6605.12,5897.59,9550.16
8293.50,8525.42,2398.42,5887.12,1729.28,2232.60
6100.11,1972.49,7484.67,605.00,6910.70,9392.53
2537.20,8429.79,9308.55,9610.84,7829.75,1952.75
5838.09,6971.78,8788.84,4038.79,720.64,6596.85
6351.47,9580.64,7011.61,5104.97,7394.84,2079.64
6371.89,5053.72,1981.36,3023.03,4563.36,6673.01
5185.33,6955.30,9651.32,280.48,7213.45,3891.39
7164.40,6099.12,4023.83,5382.22,8686.35,9686.93
5632.03,5973.59,4982.38,4864.42,8380.63,2548.60
4570.67,3499.94,7188.53,7355.90,141.30,4542.36
8356.86,5283.86,5012.36,7015.12,4932.31,7344.64
2658.87,7480.83,4971.46,7465.91,8175.27,504.06
9659.49,3657.02,4558.52,8459.74,3257.48,871.71
6352.72,5999.43,3592.97,6954.52,430.68,3114.50
5442.70,8224.42,7924.70,4261.56,2644.49,7649.91
2075.13,9671.24,2784.62,8431.17,9825.72,4751.65
6019.84,89.17,6237.38,6997.43,2309.87,6658.42
2142.25,5257.77,2829.36,2721.68,6827.80,8800.05
5986.14,6362.82,2191.12,9087.70,722.00,1225.91
1159.82,5658.13,8704.47,2431.58,3573.96,1770.95
384.95,8210.54,7625.98,9030.04,4432.36,7547.25
8459.29,5908.61,8602.08,1498.30,6672.92,8639.46
4887.06,5606.50,370.48,2842.11,2151.79,4486.71
4345.70,9605.76,4000.51,5203.05,119.36,6572.59
999.58,5847.62,1379.62,8597.85,3190.95,9146.92
4195.80,7218.80,2948.19,1794.50,925.80,7874.74
7870.59,1987.37,9149.11,6490.34,3080.32,1289.58
6897.95,9241.64,1454.55,3289.95,9473.71,6857.40
1449.27,8968.88,469.62,1733.30,4218.86,2713.51
4415.19,312.20,8998.09,6390.84,7913.29,2791.72
9491.98,9778.97,4577.65,5693.52,9835.76,2925.27
7383.94,9235.16,9295.31,7545.42,8572.50,2861.25
7758.39,1047.82,8842.11,8974.23,4617.25,7334.88
4344.01,5834.47,1548.76,600.85,6236.12,184.09
479.81,2044.20,1650.06,7783.82,9734.56,6653.17
5914.51,849.08,7919.95,2992.21,6180.75,678.55
117.44,2350.69,5283.01,7277.44,7017.61,4756.74
2361.37,7279.69,1138.41,6525.84,2180.20,6131.01
4431.10,851.73,7698.68,3620.97,1027.21,3021.12
3060.03,3933.24,6896.48,2631.74,4039.87,2842.35
9083.66,9050.68,3976.08,2183.85,4014.91,3883.36
881.12,2534.69,7428.36,3343.71,3419.79,8657.16
6196.10,8064.71,5780.98,8406.20,193.53,5161.61
1520.91,8515.61,6473.43,683.21,6407.12,833.76
7131.25,8241.29,837.81,1122.91,4567.36,5988.44
3761.96,2384.64,7958.95,8897.09,6428.14,7503.08
5618.93,6562.04,33.42,2669.83,6188.72,3936.03
6502.29,1479.79,5801.02,5569.34,5509.28,4042.99
6904.24,1644.87,3719.65,9277.71,3196.05,6956.96
3222.69,9771.76,8017.20,8885.82,1570.50,6974.99
8569.59,9306.07,3846.85,3272.95,2829.41,1340.26
5334.94,5808.84,1369.62,2807.56,2249.49,157.51
2217.22,3092.94,3574.42,5424.90,9076.96,8675.60
3669.87,3486.73,8401.26,6529.63,6228.67,1494.65
5996.68,7043.03,716.42,8205.07,5460.25,3709.74
5961.78,1103.57,5466.61,8695.10,8246.05,1352.26
2937.99,2007.97,5019.78,9071.29,8095.44,2554.79
7876.33,7666.60,1150.97,7792.28,9665.49,4192.31
3332.95,479.38,1910.32,7982.92,1303.99,8889.03
9321.57,4054.50,6979.26,1873.03,1005.46,8122.98
9563.09,9774.88,8445.43,3669.07,3093.44,2227.90
7306.76,5875.23,2501.34,1381.76,3092.63,5892.60
945.77,3093.78,7051.05,6537.65,1586.92,8023.36
4890.27,1142.74,1008.84,1602.21,5245.15,4162.12
3207.20,3682.55,1354.12,8293.54,3979.00,3910.42
6451.80,8235.84,4572.07,8535.60,1797.92,8998.06
1773.00,5625.60,6703.37,7557.97,9591.14,3919.72
2080.02,8769.86,8784.62,3989.43,8778.61,5723.37
6301.27,6580.09,5386.65,2402.48,2138.72,6046.17
4341.21,3189.24,9347.25,5020.26,8067.87,2970.40
6907.25,3863.24,2071.30,9458.23,1594.35,4735.02
2954.71,3885.92,6277.65,5152.59,2732.26,4895.77
2275.43,431.30,195.55,6039.88,5627.94,3847.49
2320.17,5780.38,6953.54,1895.37,3124.08,5816.30
6107.49,4525.12,5034.51,5049.58,4677.68,9938.70
3885.84,2514.93,2754.67,9535.60,4433.25,4292.47
5923.20,397.93,327.58,7198.96,2045.89,8030.55
5943.57,6524.22,1052.80,6160.02,681.86,394.08
1078.47,9395.06,8331.57,9126.20,461.49,9066.72
6397.46,8670.91,4154.97,6520.11,4349.43,778.18
8799.80,6708.81,2101.23,5628.76,902.96,1527.47
3170.84,3764.48,7197.33,6697.42,9282.81,4066.13
6443.88,3011.41,1452.50,227.50,4524.41,4754.25
2399.63,3844.88,2374.21,3059.96,9570.41,3492.33
1658.55,5125.07,5445.08,296.04,4646.03,2103.14
669.84,9752.53,975.48,4897.37,512.83,3318.06
3194.36,8699.18,5353.92,1907.84,9696.50,2551.02
3841.55,8502.49,5510.80,5554.66,3956.39,3020.56
9829.61,9690.68,5038.58,4677.50,3445.40,4081.02
4257.05,1166.64,7413.76,879.36,9713.04,7198.89
3708.76,3735.03,17.44,9821.55,7311.18,3474.51
8204.13,3833.98,8112.01,2365.23,7026.78,2465.72
7631.11,2562.12,8477.59,357.98,2478.17,8086.45
3707.06,7259.97,6372.17,396.55,5752.83,5470.65
6888.62,2586.89,9315.98,110.80,8628.88,7607.42
9074.85,4307.57,6087.76,4226.80,8219.28,6443.34
971.47,4437.63,5950.96,7965.09,7750.67,3725.55
7450.34,156.63,9396.52,3547.99,9273.33,9928.77
3439.23,6918.02,6765.77,2523.60,2115.42,9217.04
3499.16,8471.75,4943.28,5240.82,333.68,9691.12
6241.73,636.07,5531.94,9964.32,1540.15,2715.50
6841.29,1307.81,757.90,9359.50,7484.50,8647.44
7195.24,7498.52,6513.47,3128.33,3219.82,6579.24
965.54,7883.72,1576.29,5391.45,7113.85,4135.55
4777.72,8393.30,4288.60,9356.36,8727.46,1562.12
193.17,4622.54,6170.69,8356.71,1077.13,181.19
7758.11,8257.93,4069.91,224.41,7631.33,233.92
1818.74,1164.87,3429.71,2988.18,5815.53,9650.77
2477.53,6980.60,9970.25,4023.01,6968.17,3507.28
7879.34,517.25,2680.27,114.43,112.90,9204.73
3715.33,1206.26,3696.26,3857.35,5663.36,1400.01
8603.11,8846.60,2540.86,181.98,8610.79,1812.78
9029.76,7871.25,3737.40,9231.90,1235.99,2740.91
4019.20,5896.99,788.19,364.81,9305.06,969.15
6222.57,2373.69,3904.67,3197.27,770.28,9913.88
797.80,2401.52,8928.71,5816.06,9019.77,7636.70
4149.20,1520.26,9268.99,601.54,1048.07,2991.02
5011.05,5580.49,3482.63,9625.80,3849.11,8901.10
2277.13,8233.10,143.98,2992.08,7463.86,7401.85
4093.69,6027.03,4097.18,725.88,6873.08,9493.23
8221.79,3685.34,7180.92,5520.95,971.77,1831.20
8934.55,9281.25,347.56,1319.68,5722.56,8297.44
7975.89,1433.61,4261.07,1462.40,515.57,1888.18
6827.16,1118.18,4869.96,7710.38,7566.17,4388.06
8669.98,3792.59,8376.60,7040.58,3958.73,6809.67
1122.58,428.37,7591.05,5816.50,6859.56,6471.24
3902.47,5820.93,5623.46,530.37,5917.21,6730.45
6258.70,8942.51,805.07,7971.10,3527.82,6221.49
9794.56,9095.73,3411.31,5032.46,938.34,8082.60
7960.88,3050.61,3332.75,4616.76,1551.37,4449.09
9795.53,9784.74,1583.78,6592.76,1909.09,4960.03
4050.69,8921.64,1988.78,6345.46,1602.72,9739.84
2539.82,7898.88,2426.55,6638.56,6679.58,665.68
6344.91,6581.27,8155.57,640.15,1291.44,6212.94
5950.16,7717.27,1278.52,7592.65,8826.53,5960.73
9258.50,1022.01,8769.03,3475.34,8016.42,9926.42
9446.74,2242.08,2115.56,5042.75,434.36,8079.96
5878.84,3271.97,2239.20,5205.59,9687.02,3958.67
7947.21,7950.99,8896.51,7997.79,6943.59,3939.15
6558.23,1446.46,5842.10,339.95,1510.59,4410.83
3262.80,4340.77,8258.00,7752.57,4744.88,8393.36
7723.01,4563.25,1033.23,1055.78,9891.75,9567.02
2564.79,6131.97,6830.74,1207.29,2354.54,2427.35
3961.88,2378.38,658.42,4560.42,6481.27,3182.55
9411.41,3119.82,4364.91,4110.62,4054.77,9317.25
3195.11,1610.57,1384.76,344.11,5050.20,9973.39
6528.64,4223.26,2143.43,7647.61,2502.11,8775.50
8421.04,7835.26,7836.40,5012.19,8354.25,5737.87
3524.96,61.08,8275.20,5788.20,5365.82,8689.80
5527.39,7616.11,5266.11,6093.78,172.84,4492.75
2131.60,536.81,8975.62,2233.80,6720.82,46.03
7976.25,5251.36,4882.74,822.84,4207.48,4368.88
6912.68,6677.98,337.41,113.26,5572.68,7006.06
7182.65,3034.73,6025.88,5483.71,1078.80,9356.93
8873.32,2899.94,2645.48,5384.86,9588.54,711.80
2125.55,713.76,5655.31,6836.08,4488.82,9121.39
6739.42,2080.08,3948.78,5219.22,4170.73,4113.43
5935.17,1267.90,1419.37,5051.84,3760.40,2431.45
9387.78,8954.41,4983.73,9841.48,8257.31,940.94
4848.42,9153.17,113.27,912.51,8216.40,2634.99
5444.46,5215.34,7738.43,8526.08,9400.78,9621.40
6513.97,5624.91,6224.27,4253.78,3593.01,237.60
9787.59,4477.86,5403.74,9070.34,8889.24,6412.71
7073.63,9562.12,9232.17,543.22,5705.69,5822.94
3495.66,7001.73,4342.68,5672.64,2927.30,5577.83
4600.47,564.15,1197.50,4935.47,9563.15,8500.88
5023.96,6838.91,6400.36,8445.53,6362.84,1677.61
3179.54,9334.77,7252.18,4913.84,6646.57,5156.57
4400.22,8728.45,24.51,8539.74,9931.90,7856.71
1974.33,2967.07,5555.82,308.90,6082.21,9152.18
694.35,7943.85,664.93,5392.25,1960.49,8054.78
6369.06,2529.28,6825.31,688.22,6313.90,9255.04
3303.29,9050.68,5554.95,9240.92,9160.21,9914.58
4862.64,9174.42,2416.70,4699.43,6776.14,3853.69
3988.34,9761.77,9472.00,4969.24,9171.32,6812.09
6862.99,4868.02,4587.91,8770.68,2486.08,6901.01
9753.40,7532.47,9734.66,392.40,1989.76,8460.27
1935.22,2638.20,1460.41,6586.96,872.22,5915.65
5427.83,6429.50,1964.90,7831.37,5497.85,8985.75
6055.69,8511.49,8356.22,3123.97,2313.64,7518.17
5563.50,5751.24,2440.66,2617.45,3045.63,6818.57
5701.76,5647.28,5691.28,7459.36,2525.29,54.74
9695.33,9192.68,7761.34,1692.94,9273.76,4852.62
3998.76,9215.17,782.55,7818.82,5435.07,9855.72
6680.11,1329.17,5826.61,4945.51,3059.95,6885.32
6578.85,6246.45,3404.34,753.39,895.20,9328.33
1987.00,6196.91,6538.65,1536.32,9471.07,8212.35
5491.87,489.90,4223.03,87.22,5401.02,6351.55
1794.83,7419.66,2388.32,7249.52,6614.80,8072.83
7430.64,3571.21,427.22,7538.17,8326.68,152.64
5555.39,1843.64,337.21,5253.95,7583.19,4460.97
9790.73,2178.17,2229.19,5699.04,1649.26,4662.79
9543.01,2397.12,7506.11,598.56,4669.21,1837.87
5502.32,3357.03,2816.83,6488.79,1887.30,134.24
315.73,7452.75,109.49,5089.88,4361.09,3171.88
4030.74,2243.54,6800.67,9810.18,2991.41,5742.11
2110.40,7337.84,8357.83,4180.67,6771.76,8186.54
7636.93,8628.77,7007.15,3056.83,7847.29,7006.95
6483.06,8251.92,2712.63,670.14,9166.43,9603.93
3289.33,5856.40,4323.88,7864.02,6247.14,1229.04
604.18,1109.45,1667.14,8525.64,1261.74,5255.67
5510.69,9445.14,3677.41,1479.92,2183.74,2517.04
4663.80,9513.24,6049.87,8582.95,5811.06,8174.80
5936.23,2754.22,4608.78,4533.08,2289.78,6888.17
4297.65,5339.07,340.42,1007.48,2358.45,2368.85
4304.65,7731.19,8893.73,2113.38,6481.65,735.13
3725.33,451.17,860.45,3019.00,7096.02,3683.61
3149.54,202.72,2786.76,9565.83,8681.79,6841.16
5539.31,7667.98,6183.69,734.79,2619.24,1054.30
3654.42,1438.75,9691.80,2769.23,340.54,1870.07
9761.88,2288.88,4783.20,5736.65,7419.13,8963.85
8511.25,5587.60,804.79,3289.74,9168.70,1540.04
7094.11,7369.71,5742.52,8808.19,227.48,3822.96
1498.43,8600.30,7380.40,2568.58,8693.24,4488.62
5641.28,3952.25,7272.27,4499.47,3763.03,130.21
6723.35,3390.24,7525.19,1642.25,6455.59,4940.22
5527.82,2617.32,2029.05,5487.11,3524.03,743.74
806.21,645.77,9159.51,8035.88,5600.12,7849.22
3545.58,4532.87,7507.37,4411.27,3899.93,2925.90
9685.49,4863.42,8915.05,2221.39,9889.03,7938.66
2433.39,2771.82,9516.83,6316.66,8425.73,8733.24
2066.54,425.35,2739.71,4221.90,4929.04,2145.87
978.14,2917.67,4954.12,1550.91,4345.26,7622.87
4227.67,3578.89,8275.06,3387.70,9823.83,3555.09
3761.76,6141.41,2098.65,6842.62,9361.39,2698.72
8448.66,8350.78,4589.98,9001.99,6365.65,4559.15
4575.85,7376.83,6374.03,6137.79,3184.68,4474.02
4792.56,4558.33,5856.01,5335.70,8412.93,2601.87
7719.09,123.17,3198.51,5553.30,4756.22,5259.66
1534.94,4761.26,8372.47,8414.98,1647.26,3.76
262.75,7342.80,4937.25,6130.70,2962.77,6134.25
8298.53,6231.39,4263.20,8828.35,2736.82,1514.78
1524.61,7833.88,7426.37,8286.68,6872.10,2228.14
3966.24,7358.31,6813.14,7360.96,831.15,5813.08
3370.63,7089.87,3107.98,2451.84,3593.39,9305.47
7995.16,837.09,9492.18,3349.42,2581.50,384.50
3441.48,5960.72,7186.73,1042.76,2803.61,8811.56
3503.25,9929.82,8140.96,1556.65,8081.07,6793.93
3479.34,9466.98,931.76,454.37,6057.11,6283.58
6386.01,936.36,3095.53,9102.71,6871.72,1714.45
9749.61,1768.38,9890.48,3747.38,1755.50,9365.33
5170.00,5405.64,3223.19,3449.00,4803.36,5687.00
3489.73,7723.54,4656.89,589.48,7029.67,7771.62
8366.07,44.30,4623.23,5221.04,7648.69,3841.69
5771.41,5362.86,8683.04,7157.28,7605.27,9110.07
1330.04,4127.68,489.93,1516.38,6099.16,7362.53
3052.91,8864.22,6481.59,7057.50,1488.16,8572.17
8940.80,3329.97,7756.85,2579.60,1411.06,7472.26
8347.82,2356.72,2696.05,6811.99,199.00,7343.70
3709.47,9309.27,3985.97,3093.09,8825.34,1133.82
1503.57,587.94,2459.96,5750.89,2568.43,656.70
3424.09,7814.71,4280.31,6946.13,6169.96,6153.95
3635.41,4734.08,1742.97,7190.82,3382.68,7873.59
8712.37,3526.14,6854.92,7663.06,4493.94,4090.97
7259.66,2809.06,4732.87,4347.55,5662.22,5038.11
7261.50,422.43,167.75,3184.68,5391.57,2908.14
2281.44,6567.32,9384.13,2560.24,1068.19,1130.60
4923.25,8565.03,9409.82,4855.84,67.74,372.74
520.12,534.64,5853.54,8126.28,2654.72,8872.07
4455.18,4239.40,4613.44,7685.67,2286.82,8198.15
2644.94,7263.39,7904.85,3307.68,2491.01,5471.40
696.58,9273.32,2595.29,3957.05,7682.30,7712.47
7191.59,7112.15,2385.63,5299.10,3997.51,3379.06
9947.95,133.28,6827.11,5098.91,2680.25,1531.92
847.46,2320.22,3749.00,4744.57,7842.98,5025.79
9972.55,3449.60,6547.78,6835.20,9804.29,1662.98
1209.50,2228.40,3721.21,6907.08,6584.42,351.09
1350.38,8478.00,6819.31,3194.79,9362.48,5468.59
1982.16,3963.62,5152.10,2685.64,8411.87,139.78
6962.57,4138.65,4377.91,7550.22,1962.00,5811.61
7687.44,3541.84,4224.17,6778.99,3052.89,2839.75
1190.43,9883.29,2716.75,827.00,2895.23,4615.06
6895.07,2087.92,9566.66,1977.81,8719.14,3420.67
8242.64,6058.16,2811.42,4142.80,4592.01,2434.70
4960.42,3398.91,7489.22,4525.73,2635.39,3360.32
9094.25,9423.26,8394.44,7175.03,9797.57,2329.98
921.70,6753.77,5736.67,9664.04,3956.51,4074.51
979.09,7479.27,2458.91,8291.13,8787.26,6630.39
8985.43,4903.57,5572.93,6799.58,3026.03,907.07
785.11,2486.10,3122.89,2077.92,5632.67,7824.65
7080.62,6191.96,7970.82,5093.46,5093.25,1986.09
5926.50,6098.95,1432.00,823.09,6969.03,2636.39
465.03,320.90,8290.32,7528.99,9491.37,5817.17
5201.11,8819.55,6113.04,2260.50,3221.84,7569.26
5952.94,2260.04,3669.64,7386.32,7661.61,6386.52
8616.06,5057.46,6281.36,3008.34,1971.64,1106.16
2970.12,3980.85,6398.22,289.16,9504.17,7252.39
7759.09,2163.63,834.60,4731.96,13.06,8561.12
8837.26,1236.85,1978.60,5561.06,7364.45,5371.76
1915.06,8500.11,3069.50,5490.14,6135.82,7532.12
4739.28,2566.31,4905.61,2027.69,2772.57,3297.84
7943.24,5800.87,2239.81,6635.23,2548.65,4042.75
8414.99,3070.32,5839.98,3430.97,1503.01,323.50
9395.05,2318.42,5505.98,8399.19,3025.78,3990.24
2241.68,4044.05,1839.21,5944.40,513.19,2258.68
6459.94,2647.49,7470.55,538.44,7120.92,2070.12
935.59,7131.01,3435.75,9305.68,7223.36,695.99
8986.54,7331.82,692.74,7300.53,9820.15,559.58
6008.66,6652.76,5016.38,1660.01,9261.72,5781.21
8036.03,7788.24,8200.25,3016.33,8624.45,4667.54
6631.55,4419.10,5939.99,9586.07,4147.35,1527.00
6251.79,5432.01,532.81,5518.12,6477.26,4869.56
7170.69,9733.12,8991.58,7782.47,5112.12,8725.06
5193.75,753.20,4228.78,5044.34,8758.18,613.47
5245.77,729.09,340.98,5902.43,880.16,4695.87
7672.85,3514.90,8229.53,5241.25,5235.22,7959.19
20.02,7701.77,9009.16,4163.35,7502.85,9763.40
5728.66,6838.32,4199.72,8616.42,7390.45,481.49
7790.03,9629.81,8411.07,3766.93,9513.29,1154.41
5749.15,4759.00,8986.83,1985.88,1669.02,6184.67
263.07,9508.79,3306.46,1854.96,3889.33,9015.84
5118.27,3190.23,6637.69,8807.88,3370.63,1114.60
456.90,235.37,3750.26,4759.86,8272.84,7767.01
6525.04,9758.76,6181.13,5013.32,114.46,260.78
9909.78,1463.96,4237.29,8284.67,6586.98,3741.67
430.81,8839.05,3556.32,6675.77,960.69,7166.44
5695.09,5788.03,4290.38,3306.98,9002.79,61.26
1301.09,6766.09,3453.57,3046.67,5094.08,5772.40
9262.34,2217.91,5479.35,8319.28,5643.46,1251.34
5455.05,8762.69,6356.88,5440.49,7902.40,7792.31
8512.59,6561.46,4123.65,9321.57,308.74,7228.95
3205.54,9371.91,6922.12,2078.03,502.30,9148.77
8737.16,5520.56,6011.68,3439.20,9637.13,2556.41
2779.56,2116.17,4944.35,5235.30,1783.87,6033.83
4094.47,5738.77,1879.32,3068.53,3141.99,4018.08
5026.76,1032.53,6296.61,4343.27,6343.94,9623.23
9818.33,1979.09,283.19,1646.65,7214.62,3105.55
2140.22,6540.31,6541.71,8123.22,9731.77,5838.64
7013.30,9518.41,7408.42,416.09,3725.11,1942.84
8144.19,9935.34,8868.38,5373.05,8604.97,5528.66
7390.97,5639.13,4387.35,7293.42,7339.62,3162.83
1441.57,3277.29,5833.44,1711.38,3060.34,5513.35
8946.91,2163.77,8237.22,9350.94,2860.89,3920.49
8485.68,4765.68,9191.53,6015.48,4036.15,1786.61
8431.61,8870.92,1502.70,6495.07,5549.05,5224.20
5228.23,8044.64,3054.12,5876.37,1487.37,4346.86
7014.73,9127.76,3718.65,5876.26,5366.61,4931.26
3405.32,8408.54,353.17,2964.76,217.16,7841.29
2472.85,5520.13,5596.61,1808.22,5962.94,3935.79
5380.80,125.73,7520.05,1666.87,3371.42,1615.91
5082.92,7819.50,8177.05,7056.60,9957.75,3705.07
2112.49,7518.63,370.06,2546.82,8322.95,643.66
9937.74,8290.67,1982.93,6234.50,1979.51,7205.85
1364.74,8255.85,3955.58,8204.05,8982.07,6272.45
844.83,283.44,2667.68,9287.30,1506.90,3447.44
4295.08,6593.42,3152.14,3842.72,3712.84,3413.51
3768.10,9167.40,3947.54,6415.27,6106.51,9341.18
6031.07,9135.26,3067.06,2109.21,1945.56,7466.10
4459.41,2231.42,6327.10,8989.45,5007.02,7309.68
1107.36,1184.25,2032.18,5153.39,7611.95,2688.37
8252.90,9830.40,3662.54,5465.81,3016.71,9369.57
6993.62,8789.90,8684.01,5963.12,1636.30,9601.68
9991.07,2593.02,920.61,8880.97,7629.55,8400.64
6420.69,4367.20,672.92,8429.83,4909.93,1854.33
4073.66,8236.65,614.19,9475.33,4953.53,9785.63
4572.76,4164.86,4485.56,7913.96,9420.89,1720.06
323.01,9446.36,8947.06,7217.45,2140.45,9306.08
8864.55,5615.47,1344.36,8499.32,8516.23,2242.06
9106.37,9539.16,1356.95,4532.73,9831.45,4806.61
495.80,2047.55,1776.22,4301.59,141.66,2762.07
8147.30,5877.91,290.68,3672.98,3710.98,2624.49
7977.92,8870.75,7097.58,1347.88,2817.45,4189.67
7204.12,6447.30,9784.92,9102.06,5724.87,469.22
177.15,807.44,4625.98,4316.11,1005.05,1243.56
8258.42,8437.49,2245.37,8860.88,1384.45,9705.12
9538.40,6366.86,9462.79,4346.91,1007.97,5748.00
8757.59,8064.56,2440.23,1119.44,9481.10,4734.25
5679.84,8064.38,937.32,6440.59,7044.13,5003.97
133.92,2296.42,3623.99,5377.90,2062.63,4208.66
1141.62,927.35,3331.08,513.74,2370.24,4691.09
3499.01,3018.63,4270.78,4779.69,79.05,2757.19
9481.21,9155.88,3352.79,8368.23,242.01,568.42
5055.63,9243.43,8584.05,7636.92,4500.57,2249.67
7396.49,779.73,591.20,131.46,275.99,9690.29
7734.42,922.20,7674.29,3089.04,4443.47,4844.17
5391.51,4868.19,1713.38,9709.38,4391.66,4928.63
1523.94,6875.11,833.21,3.34,277.70,1985.22
8338.95,2379.93,2567.78,1441.60,9852.58,5510.96
9808.13,1621.34,806.20,6058.49,2585.79,5378.01
1198.79,6842.01,7960.56,4564.54,3896.20,5935.74
3303.78,4021.00,3010.05,8848.45,4322.23,5340.86
7176.49,6934.42,4073.44,6513.76,1469.10,1637.86
7785.90,3777.41,8027.65,5243.24,33.09,1112.75
3990.58,4155.55,3207.75,7040.00,9473.83,3899.76
8481.27,9335.27,8499.96,8880.98,45.87,9988.56
4350.47,9180.27,2211.04,9778.37,9783.90,8787.16
7564.74,5553.54,1425.07,3845.83,3611.88,8225.87
1948.45,3399.35,3533.29,3777.29,177.15,6087.07
5669.81,8264.15,5306.84,4303.65,2020.69,9201.82
5376.07,898.37,4912.36,4193.08,6671.36,3181.44
6236.94,7583.47,5019.67,1796.88,9266.72,4124.71
4241.85,2937.96,1129.86,3255.55,2099.97,8095.21
5071.15,1311.29,5881.32,5106.73,9056.51,524.43
2220.81,5325.36,5603.79,7276.58,3371.78,7287.55
2630.91,6099.20,1822.61,7259.68,5364.51,3627.82
3878.01,6770.68,8967.64,7176.66,1430.31,6968.31
8105.19,2561.74,3758.15,1747.27,5046.69,9002.97
504.39,7807.93,1864.03,8670.51,4128.48,6751.68
7740.33,7225.83,5841.18,5381.86,4511.05,5708.14
7248.99,9555.06,6914.27,137.30,3858.57,47.44
6705.65,4873.86,4911.65,1759.19,5683.26,45.11
6202.92,3224.28,478.49,5868.96,2407.24,1641.22
3176.02,9696.45,6121.81,7019.73,3755.90,646.03
1734.23,929.42,9201.56,1623.93,3661.37,6740.99
6832.75,8944.86,992.34,7354.92,6461.12,7824.89
6540.20,6215.97,8833.84,8200.15,5440.91,9342.28
6549.98,1169.33,2887.46,6731.55,366.54,1887.70
6317.48,5282.06,8720.03,2183.92,854.65,1029.11
2214.60,8850.67,2624.01,6788.21,5932.01,1162.21
912.33,9182.99,5221.48,7845.53,9081.94,5107.83
9855.87,5058.21,4408.57,5514.25,8306.49,1090.55
822.06,5.90,2025.69,2220.30,380.12,1729.43
122.52,1464.83,1669.23,1285.50,3244.43,2897.09
961.79,3634.18,7864.39,1137.51,6407.65,7785.24
4658.92,9593.23,7771.05,3578.40,9504.83,3366.95
9233.19,6393.88,9406.25,3104.43,3546.41,7151.39
5764.25,9982.50,8244.35,9998.38,1612.54,9197.17
1724.43,7204.78,7487.16,3436.87,3277.49,692.73
2844.73,2005.89,8170.81,9023.38,2719.05,3901.85
8975.08,221.53,2525.29,4941.79,201.96,5348.66
5389.54,9919.84,3022.46,1259.04,1467.04,4925.19
6719.11,6546.70,4975.10,7026.98,1133.48,7575.06
4405.41,3832.92,8552.60,807.08,406.06,1526.80
4103.28,6659.17,6316.00,6942.87,3892.26,6252.62
1391.53,7668.02,3563.34,5244.81,9185.04,1590.68
531.91,7018.90,8191.66,7676.18,6756.78,4370.22
2511.83,1866.33,527.16,1219.51,1993.72,6886.66
8463.67,3925.12,3944.42,3477.54,6409.49,3457.86
8150.01,7231.65,9734.38,9938.29,334.96,8408.99
8169.07,2755.51,4948.05,2299.10,535.77,349.09
9987.76,7448.27,2270.04,959.81,8118.77,2171.56
9360.02,15.26,7356.39,131.29,8789.17,7213.50
5789.83,1695.78,1313.33,9942.29,2506.88,2647.18
5802.85,7346.24,5497.44,8706.15,8407.12,684.77
7717.17,9410.13,3307.73,4071.23,9129.37,5087.46
9581.54,6756.79,1124.30,2048.38,4891.26,9430.91
9555.98,3758.51,7110.40,2346.81,51.74,8480.05
4612.77,3696.34,7440.04,4502.66,4295.88,6426.03
6856.82,5157.99,9385.66,6133.30,7385.66,292.73
1925.56,8146.68,9600.66,746.99,5156.38,614.46
8584.56,3124.55,2396.12,1677.05,523.43,9851.45
1239.14,724.83,8384.42,9213.29,9434.51,8267.52
2802.76,2576.88,409.42,9451.62,1008.28,6616.71
4738.24,1876.68,6307.85,1803.10,1075.06,8423.05
964.64,9227.03,7694.66,2520.66,5950.01,7437.26
6990.33,6448.46,3981.47,2725.49,2982.60,2393.63
8289.16,7845.57,9991.55,308.76,4834.96,6959.79
3470.89,2020.71,857.26,2802.83,2299.01,3485.97
3065.28,1126.45,625.06,1829.51,3462.91,3164.70
4938.87,2359.54,2897.31,755.53,6539.60,3076.86
7976.99,7675.69,2709.78,2046.78,8245.25,1231.99
5212.72,7369.55,1903.16,9084.97,1979.39,4810.94
223.00,3873.93,9409.00,6512.48,3142.48,5872.22
3595.52,1076.80,3386.95,8828.95,8445.69,8559.15
3171.73,4541.38,2643.56,6317.49,3192.42,3197.98
5388.72,4403.82,1127.73,671.28,470.36,3530.34
8374.47,3457.50,2507.48,2406.77,3810.66,1927.97
3191.17,215.41,6643.67,8544.51,8232.49,3429.11
9980.84,7598.84,7834.88,1661.22,3738.62,6558.57
9453.38,5670.53,428.14,3451.62,4813.86,2580.41
7836.61,9873.94,4788.23,5499.73,8083.60,2697.11
6374.21,6330.32,7784.51,5298.61,8422.22,7596.27
658.88,6140.96,6832.85,8586.10,1994.40,3939.86
1710.58,2855.65,1566.76,7105.19,8145.18,407.56
3222.16,7570.33,9995.41,172.93,4487.73,7303.32
4195.70,5508.82,5880.08,6456.57,1945.14,432.88
2481.63,5184.48,7071.73,128.78,6021.23,632.69
6150.17,4945.08,6438.98,7380.69,788.61,328.78
5617.18,9569.05,985.95,9140.40,5851.40,6658.52
955.87,6111.11,8372.23,4260.31,6807.15,8722.68
7332.51,5991.57,5984.92,2333.00,7710.09,9859.20
8512.78,7871.06,6962.77,8767.79,159.32,5205.18
6778.91,3916.70,1579.74,525.83,2511.31,2033.56
9912.36,1422.29,7746.73,3690.62,3557.13,5842.31
9143.85,6444.82,3993.70,1394.95,2757.25,7981.61
9699.27,3959.69,836.80,9002.18,6258.47,8163.80
7845.99,4705.55,4435.10,9617.03,1623.72,8088.85
817.41,9754.57,4236.78,6982.20,2647.92,7326.37
5882.83,7847.05,9458.49,939.69,6824.90,5793.58
275.05,3424.82,2174.32,4618.75,6517.60,7868.17
1847.51,2030.94,8364.81,9363.78,6345.94,7672.77
9532.67,8449.65,1896.38,2080.78,927.97,2872.29
8273.97,1869.46,8075.44,5401.42,4859.42,554.81
9282.69,718.40,4388.46,1998.51,2385.29,7960.93
106.97,8465.28,2300.63,7475.68,2212.43,2914.65
1970.78,7277.40,3606.36,5761.59,8744.56,6141.24
5928.47,4940.01,396.73,987.97,2977.50,9027.68
8243.33,275.78,5186.61,5677.24,9943.43,8557.63
8571.72,8188.22,8929.76,1269.59,1318.13,9908.21
5402.03,6902.07,5464.39,9271.91,8486.66,8812.45
9750.91,2278.58,5250.18,1150.63,4993.34,2448.64
9401.44,9628.00,2767.92,5386.43,7464.06,9891.70
9677.17,9876.28,9538.72,4632.25,4517.47,1799.73
5303.88,8595.65,5312.95,553.92,9848.92,3876.90
1262.98,4626.33,8953.43,4232.08,3489.87,4360.88
2920.87,6608.63,8879.17,7756.18,7525.86,9858.01
2583.90,8606.53,7212.55,8162.38,7978.07,2966.83
7056.88,3828.68,1966.12,9037.99,6791.97,9078.99
7441.59,2683.06,3856.07,6448.20,6848.64,6818.40
6242.67,4043.29,2697.11,1094.43,1731.18,5122.33
1642.70,450.27,6147.54,6832.77,6574.29,7174.47
2165.81,405.24,1826.90,6710.68,1601.29,5117.20
9208.03,7909.36,9628.92,6248.38,9399.56,5450.87
9123.10,1392.40,2799.83,3058.74,3402.44,5463.45
3240.88,4583.03,5912.14,5987.32,3415.19,8943.81
5215.50,7894.38,9687.85,692.42,8805.05,6864.46
2310.54,7598.60,6281.82,4919.98,2915.87,2414.42
402.45,9947.97,5138.74,3234.71,4329.59,7850.91
9744.56,7664.78,2773.54,946.12,375.70,1617.62
4725.40,4707.88,3966.28,5892.65,5301.06,6974.15
6196.67,789.54,4736.26,3632.23,3526.57,2340.21
7495.13,6561.58,4173.37,6060.12,9942.99,2292.05
2684.83,9681.38,6902.92,3325.21,1692.30,8954.19
201.97,1346.32,4427.50,2788.55,8740.01,6673.46
5316.02,1683.07,5508.41,5125.94,4661.73,7434.08
9925.87,7835.52,9104.96,38.75,7221.66,994.63
8479.85,677.31,616.19,7465.76,469.84,8696.61
6486.64,6842.30,9512.28,7182.92,3304.58,2272.01
3882.01,6833.78,922.74,870.24,448.40,2671.27
3777.16,9110.32,9878.45,9109.84,3357.93,4327.99
8411.39,2472.87,8681.31,5660.45,7316.44,9599.77
4256.74,2060.75,2940.14,4188.53,6580.72,8288.45
4837.21,9838.41,6820.28,6911.82,6479.70,1183.80
5668.42,6727.46,3739.70,9038.09,9990.28,9203.96
9947.18,7936.12,7576.73,7136.33,638.60,7138.08
9219.87,8236.74,8598.60,6575.78,3348.14,4285.39
7914.33,1046.16,8780.49,9502.91,6081.53,4113.37
2217.52,7709.77,2301.54,1016.85,5174.74,3834.48
8657.79,8777.82,8983.59,8812.63,62.98,9877.37
4614.34,2580.28,722.68,1780.52,1232.99,6822.45
471.21,7621.53,2498.24,319.90,2817.65,4102.59
5092.83,3703.52,552.78,1065.81,2487.91,1964.01
3296.17,4780.60,5936.95,7244.19,6902.09,7644.70
6795.02,6104.43,3640.29,3688.82,3730.48,673.11
6752.40,2236.18,5931.27,3318.09,6222.52,6841.40
4302.87,3614.80,4213.80,94.90,5467.49,2991.79
3380.34,1260.88,8676.90,330.39,7867.81,1194.39
8132.29,6634.48,5928.07,759.70,3991.59,5937.37
9992.73,9671.55,4537.03,8613.28,5296.84,1066.51
6427.94,4724.67,7546.55,8066.09,8056.62,4767.22
1048.54,85.28,3143.15,8433.35,6244.90,1347.65
2498.00,7493.14,2479.96,9868.87,6266.57,2493.99
4407.69,1142.16,423.44,9446.50,525.50,3615.90
420.31,3470.70,4412.34,1437.30,3844.12,628.48
4629.50,8239.22,1697.73,8179.06,8029.02,4086.86
9605.62,8720.07,9617.50,9840.56,9437.15,1151.32
4644.17,7920.94,7273.56,6230.03,8519.77,2180.31
2735.23,8939.24,6556.70,8634.84,1496.79,564.33
8680.47,4651.27,4541.27,1063.74,3399.04,3917.51
4487.52,2373.91,4317.09,4960.15,5210.68,8380.10
71.52,8282.97,8375.46,2201.01,5675.55,6937.47
2291.81,7348.81,945.93,1602.77,6769.20,5938.75
1722.65,8565.23,2344.81,9109.03,7940.08,8130.90
886.43,4667.64,7691.06,86.02,601.76,1472.56
4153.03,519.94,1446.20,826.33,3468.96,1091.35
4605.35,6041.31,854.35,8593.90,9160.36,3563.34
6842.01,1229.32,5633.24,2329.07,9321.77,4010.70
3752.59,9419.36,3520.84,3315.74,8222.86,447.83
3358.73,8155.11,3897.79,1522.94,1872.00,8925.66
6117.10,4019.87,5577.11,6839.09,8262.69,1668.91
6796.66,3469.64,4943.97,9795.87,2149.24,319.63
4037.54,5272.24,9470.39,9728.11,1703.19,1672.11
9897.92,1819.87,4768.68,788.66,9788.36,691.65
6580.86,986.71,4965.07,7207.32,7532.22,5353.75
4646.02,9017.53,8881.50,1204.41,1227.08,3196.54
3176.23,1304.14,819.75,2912.31,5466.10,1178.85
7141.96,6690.04,8170.53,7756.60,2259.26,8962.78
2827.71,2781.16,5686.17,5943.85,6054.78,4734.87
6032.72,5907.38,4202.23,8515.13,4202.76,7571.39
8394.25,4830.59,8798.04,7296.27,7734.75,6570.63
6112.17,6783.44,785.07,3316.37,114.60,9247.14
3144.54,1633.92,8871.19,100.42,9250.11,7134.92
7410.23,9060.44,5701.92,2203.54,499.98,424.83
9481.23,1777.11,2774.99,9261.72,2303.34,6093.00
2348.47,4818.67,2429.61,8747.56,7718.42,7373.77
9384.43,8597.45,5892.78,7237.55,338.62,1567.36
1389.83,4087.44,205.10,8013.03,4491.79,3521.19
3932.59,8091.09,5836.12,2048.11,9438.80,6965.58
8699.19,7293.77,705.51,1729.06,4871.69,1632.18
106.61,2721.35,2287.35,3500.36,5990.59,5815.51
1406.06,8102.79,1894.58,588.03,1034.15,4887.46
7339.42,2866.76,1472.62,5515.85,4062.22,4156.29
3193.10,2280.08,190.83,1471.67,3091.09,8428.99
5002.01,6637.16,7816.38,1783.83,2487.19,8455.88
8500.10,9520.76,7184.42,8910.87,2710.38,436.04
8297.55,219.65,7387.86,1582.06,3769.26,1955.84
619.44,8959.13,1986.25,9207.72,6731.11,6006.14
559.31,9090.49,9171.03,1043.68,6597.05,2586.79
3956.44,6519.77,8381.73,6724.37,9168.74,8304.37
4037.45,8947.08,3853.49,977.62,2005.74,4986.06
6626.95,7495.82,555.03,5174.08,418.66,7593.51
4633.99,7605.87,7395.48,885.03,6811.71,1600.97
9511.18,3587.59,4220.73,966.52,8854.67,1382.45
9073.41,6022.89,4532.91,2786.63,8316.93,999.27
8487.16,3566.16,234.93,6751.70,9112.68,8109.25
3851.96,6115.07,7215.66,5302.64,173.59,2718.62
6883.47,8730.72,5235.50,5825.66,3701.74,8417.24
5200.24,1738.03,158.51,3494.63,6236.57,2820.31
2581.40,7435.72,1326.32,3385.81,7438.97,4623.18
9914.50,9569.12,9199.10,4051.41,5173.09,4377.55
7898.60,1525.46,2577.97,62.39,8499.21,2550.22
3369.69,4003.02,9795.97,7714.21,2991.29,4123.01
1552.17,359.72,490.64,9189.43,517.77,277.96
6593.72,980.99,4688.56,1155.22,6799.15,1912.78
8043.22,7255.87,3775.74,8575.14,128.89,9119.93
1833.42,395.77,7644.49,3488.87,5468.16,9781.30
7719.21,7746.89,372.28,2547.09,1045.31,7663.94
5117.68,3270.73,2304.77,1808.45,3661.42,9509.93
811.82,2955.85,2277.10,3675.69,536.97,7571.29
3340.49,30.66,2087.54,795.65,6835.71,4614.00
3621.18,786.79,1849.84,3658.74,7183.73,2449.60
9379.51,1271.17,8512.96,9909.10,6391.45,3294.43
3330.93,4386.63,2704.00,4605.66,4689.02,6228.30
8396.93,3070.61,3807.20,2552.73,4342.82,2749.32
736.62,8754.37,5921.64,2350.18,800.83,6903.85
4781.14,3546.76,2199.36,9923.13,8961.78,3145.73
4370.75,5502.72,2982.35,6013.18,2425.46,7873.66
9143.70,7242.89,3913.27,5029.38,9917.19,6462.89
6083.75,3675.26,3483.20,3780.11,6267.31,1976.17
2478.11,6604.65,266.86,3632.91,3661.75,2846.81
3560.31,4318.06,6738.53,218.26,3797.84,6433.11
2088.58,1140.53,989.00,3732.69,3321.38,6481.03
2589.29,3914.85,4352.32,4007.84,5578.92,6293.65
6179.47,3267.38,8804.53,5973.41,3292.95,1567.26
3611.38,9884.68,2688.24,4227.78,199.98,3358.11
5762.34,8627.09,1728.48,4206.72,1621.44,7668.49
449.45,4822.97,2020.41,1813.53,1528.84,1705.38
1225.60,4622.67,6149.80,4714.85,3427.19,1116.21
4705.40,7783.74,5726.23,54.40,981.58,6853.95
1069.36,5733.50,9528.49,1213.99,3218.20,9067.60
1940.62,3550.17,942.88,3028.68,7035.33,1893.55
9381.95,3086.77,2206.58,1609.12,4346.10,349.73
3517.84,7473.50,7855.85,8758.75,1198.14,4737.99
4702.47,5546.41,784.56,8317.58,3664.09,2821.26
2323.35,8786.12,6719.19,1635.23,7030.12,2279.66
6553.12,745.74,4266.70,6224.25,530.56,4176.61
1507.88,7288.56,3177.49,6316.59,7022.28,8290.27
7223.36,5790.16,5819.51,5471.28,8340.41,5029.18
2120.99,8791.15,2550.08,9096.21,2279.40,7245.78
2247.22,811.91,6295.93,3243.72,9531.39,6733.04
9660.77,2236.06,6648.08,7657.19,2960.09,9093.42
3004.33,3143.85,439.02,3152.96,4722.94,1345.21
8083.17,6209.30,3847.18,5180.95,849.09,7950.49
1964.65,7870.36,5071.10,6863.95,6853.38,7611.14
5374.82,3084.83,8661.42,1929.91,1007.49,5110.60
4579.68,1890.84,1010.07,2020.29,4090.04,4179.60
9043.27,3042.61,3083.36,3290.40,2657.05,931.02
6068.79,3718.12,3392.72,6022.50,4420.22,8107.36
3085.06,6463.62,9959.09,807.59,6433.40,1182.57
2671.20,4377.67,1487.10,435.45,2061.82,428.36
7811.71,5593.18,586.75,3477.31,5342.86,1832.20
7620.37,2517.23,2625.90,148.39,6264.83,7966.62
2256.22,951.67,5613.51,6900.33,9918.15,2206.48
8614.01,3968.92,7429.11,5776.12,1800.51,5366.64
6598.04,9811.90,8904.64,280.02,6511.03,5167.17
4982.48,6873.72,8381.38,1624.37,5027.11,3722.11
9507.17,5476.90,9689.87,2301.75,3891.39,9399.21
6609.94,1525.29,3531.57,2629.94,2634.24,1888.22
3963.41,1023.76,5370.18,4748.16,8269.71,3899.93
5526.26,4966.54,5209.54,7865.03,4941.18,1034.16
6992.43,1311.86,3134.31,5648.34,477.40,1825.46
7688.13,1068.68,8750.58,5909.60,1718.21,9316.17
7683.96,3330.20,9862.55,6850.14,8626.32,9248.12
6005.70,5094.25,2866.43,3215.24,4367.68,536.56
6065.29,4635.38,2742.01,7838.31,1435.41,2159.73
9458.30,2589.26,6347.88,8144.88,8716.50,5814.77
5211.61,8148.03,669.09,4763.60,5681.50,1379.02
3746.13,9617.12,5144.71,432.44,157.47,8959.07
3224.08,5753.75,5483.20,6826.45,6298.35,8511.26
5924.92,6108.45,1710.30,7096.35,5517.12,3720.53
384.69,7601.45,5028.35,8974.62,5497.22,5015.36
3674.14,8134.79,4034.05,3228.40,8487.00,289.95
6773.86,665.98,8443.09,225.80,692.36,8478.09
3649.07,4172.61,7426.98,2525.76,6822.54,7193.63
9479.07,1877.01,9015.38,4900.89,631.74,6506.91
9177.64,1251.78,3064.17,7962.66,7134.52,8783.05
8412.60,1439.00,174.77,596.18,7339.42,2114.24
1655.13,4931.85,4555.87,718.34,4388.45,3246.72
5663.48,1783.52,3089.13,5542.09,1149.71,1942.02
8806.17,8979.87,437.75,6821.98,9696.85,7153.14
9443.72,2376.24,1146.42,5163.55,4984.17,5213.24
4582.10,4033.56,3747.20,3853.07,8714.26,6002.86
5292.99,8354.05,525.82,6414.15,1485.23,271.81
6562.95,2798.90,143.42,1328.80,7265.14,366.49
4783.97,849.85,9365.88,8678.70,2936.26,2959.85
5925.88,6247.53,5023.21,8026.22,1528.05,4118.10
1444.72,9709.92,4436.17,879.27,1822.77,6404.25
3172.58,90.49,3569.06,8856.39,952.97,2233.17
2832.18,6942.99,2293.96,8375.95,804.68,8296.30
4503.49,7341.12,2515.97,3367.03,9891.65,4311.69
6761.41,3608.82,4150.58,4614.64,2185.82,3210.29
9308.74,5652.60,6463.93,3624.31,866.59,7760.28
8005.64,220.45,9987.63,536.93,1382.01,5837.07
9265.26,390.81,4305.38,7687.13,477.93,6982.23
1531.76,5294.19,6547.60,1721.78,3865.60,348.48
4448.09,46.89,5740.09,4209.80,5977.14,4346.04
3092.87,9176.89,2497.73,9321.57,8408.75,3971.96
7073.80,3452.15,991.06,3003.88,9336.70,9750.85
6263.30,6801.75,8621.94,8914.86,3808.52,5204.76
4814.91,3329.83,9896.00,8148.82,3751.00,2604.77
1217.90,9477.37,3134.67,2078.78,6140.74,133.71
9914.89,5826.78,9812.97,302.11,9444.66,195.88
4615.42,5434.37,3747.04,5107.37,8943.49,4799.09
8336.47,4267.36,3556.61,4731.65,130.51,3146.11
6037.96,9745.55,5825.50,2415.37,213.66,8574.84
6455.43,1282.97,5406.89,3433.44,1970.17,7360.15
8907.42,1806.67,2435.31,7730.39,8188.87,7673.80
3005.91,8298.77,156.13,797.48,3750.60,1310.00
4325.09,1406.80,5830.66,5210.71,1493.79,6391.01
9894.94,6109.11,3217.57,5621.51,3923.12,7015.24
6338.16,9406.76,2449.51,8904.51,9265.50,3461.31
2110.35,4756.20,6419.02,3746.71,4090.90,3540.42
1790.30,9427.53,3102.54,2264.48,1360.74,7460.67
9621.54,3883.29,7248.92,5703.78,8767.70,1047.30
4704.84,2429.60,8441.23,9452.43,303.25,7358.17
8372.64,6080.58,2836.88,5309.99,1903.21,3125.30
1532.17,8676.45,5514.41,9477.53,4757.95,2212.82
6737.18,2690.36,4903.73,8644.50,237.80,6807.25
624.91,7676.53,2967.53,40.60,8727.13,2905.97
5331.00,5899.50,7981.38,1403.47,5801.24,2079.69
1542.35,3253.50,6233.06,1140.87,5404.41,5585.56
6272.35,5316.62,6511.30,3934.66,2199.10,2430.78
8985.99,91.29,4507.96,241.39,2035.25,8725.55
5098.97,7271.21,9494.46,4012.61,5583.99,170.51
6656.87,605.07,4124.83,484.52,5726.22,7908.41
7755.72,5844.30,8016.53,366.00,4282.82,3693.83
9403.65,3575.53,3726.93,3416.42,5251.57,2438.41
9784.83,5669.04,9371.34,4819.46,4982.28,3440.76
7539.51,9639.18,3020.55,5153.04,2664.19,1466.58
3279.95,3583.65,6993.24,1412.09,8979.80,525.52
1095.19,8632.37,8206.76,5684.12,4555.36,283.13
6374.28,7128.22,5904.43,3427.16,7142.33,4379.89
2525.40,9409.22,1645.66,662.72,4873.86,355.30
9685.42,2972.14,3675.44,9197.03,814.04,219.10
3851.09,7118.43,1607.95,9819.59,5275.38,5075.30
1161.55,2481.58,3045.24,7160.02,8326.15,7011.21
6429.21,3150.01,3322.50,1686.44,6720.06,1123.71
8854.60,8486.49,83.97,5285.57,3115.34,907.99
4536.40,2439.10,3055.23,1131.44,8820.78,9438.52
7147.04,2853.49,6842.55,5320.27,7176.98,4899.18
4777.44,812.54,6139.94,2692.67,4151.93,9138.49
2660.96,805.38,3957.00,3207.56,5398.54,3453.25
3001.82,3892.88,9505.61,8529.31,688.88,70.28
727.41,6395.54,5950.17,8355.59,1276.54,5559.95
2315.93,187.46,8437.13,9106.40,9275.37,1157.89
2666.94,3913.97,7964.43,1124.84,3393.93,3149.20
6818.39,6915.96,833.87,5124.59,102.90,719.94
7877.45,6639.74,9213.86,3752.12,9683.32,5140.58
811.17,8279.31,1760.41,1967.99,5379.10,7425.27
2351.22,2490.69,7559.12,9183.93,9866.20,2729.62
3584.78,1820.80,1552.71,1917.90,3033.96,3466.44
7395.11,5620.93,7365.74,9634.31,3684.82,120.75
5812.29,6296.42,5815.09,1392.52,1683.38,9517.78
7766.94,9916.14,4811.12,3076.68,4479.49,7913.76
7380.79,2825.49,7739.58,6855.48,3311.67,5844.86
6309.87,2823.99,8066.95,4399.60,9321.49,5492.01
5496.86,714.77,8248.73,8028.67,640.45,4052.57
1968.81,7161.76,1130.59,9098.79,2735.52,6374.62
730.42,782.06,7170.04,9743.28,1076.35,9415.75
589.33,4108.36,8369.62,1138.02,5037.76,3891.65
4949.47,8223.64,5045.20,9006.66,8205.52,439.00
8904.60,1378.47,1008.39,3380.77,5499.70,7153.79
6487.07,9741.53,4924.59,8252.99,5970.28,6507.20
1520.04,6455.35,5970.94,4316.95,1524.99,7279.48
455.86,5162.91,7303.08,6326.41,178.03,135.41
2569.87,2569.65,2269.33,6918.29,4413.59,4333.54
1713.55,5743.66,2840.23,654.49,7632.03,9050.41
4328.74,5171.65,5795.78,8027.71,5945.75,7952.00
41.81,1122.22,4009.56,6878.06,4938.97,7977.01
8853.19,1855.98,6877.01,5957.59,6387.06,9945.74
1639.31,3884.44,1524.33,6045.69,7299.35,8632.47
6170.85,6186.33,117.31,5817.26,5279.66,564.32
8193.83,5175.88,5184.22,2449.20,3635.60,3631.26
7706.30,4588.34,2717.71,1105.47,2254.94,2240.35
4052.61,2118.26,889.91,6645.70,4128.79,7473.64
2083.05,2007.14,5733.41,5626.69,4697.64,5216.63
3707.72,753.28,6780.23,5950.08,2903.61,1594.32
5408.22,5759.44,4517.97,4326.10,2872.55,168.87
5169.59,8224.01,7146.06,6259.75,1132.35,2269.07
3316.60,8406.01,6726.78,7887.10,6269.56,6686.38
7295.99,5125.32,6533.70,7994.09,4920.66,5241.53
5904.95,2999.98,5521.34,2838.60,7814.70,3655.04
4294.80,6346.66,5479.79,9967.53,5464.77,2967.74
8881.05,7523.09,3102.53,8537.80,1213.81,5400.13
2890.47,1922.19,9395.04,4422.55,7175.14,2110.59
4318.07,8277.06,5151.71,5623.19,7439.35,8754.17
8742.90,2461.96,6959.95,7285.15,8297.95,2722.76
8403.35,8571.83,5073.45,7872.84,2931.93,2974.52
8561.88,2758.14,9250.85,6022.46,7049.71,854.02
4749.22,7777.91,9218.64,3695.76,9838.63,5955.65
9613.55,8142.40,7564.85,3550.42,9272.85,6535.93
8701.30,7135.58,7345.28,8953.87,852.18,1460.81
6276.80,8776.42,8599.88,1476.02,6082.56,571.33
6968.71,4608.02,6554.85,8477.33,6060.06,1669.01
2107.73,5783.56,6196.62,2047.99,9667.57,8928.68
5360.49,5759.98,8272.60,2157.61,8451.87,5603.72
8159.26,2579.85,7151.61,8209.23,1457.63,954.85
5152.55,6710.50,4539.21,6654.88,2080.69,3005.04
9489.58,5164.15,4265.02,4380.17,4961.87,4963.94
5801.41,1086.86,3846.13,9469.21,1897.76,7300.32
5077.48,9684.63,6970.21,3920.51,1079.59,4562.46
9044.21,3194.43,7679.45,4770.26,2936.89,2586.55
4527.43,5798.96,1864.75,762.76,5106.45,5848.34
3659.56,1851.67,6626.74,6937.47,7512.85,566.06
6016.47,2930.58,3680.56,165.44,7473.73,5370.49
6521.63,3752.85,8475.27,4444.80,1758.67,9576.73
8751.20,8756.03,6021.83,3164.69,8229.09,9468.22
7046.95,2642.63,9746.86,2282.51,1586.10,8356.20
8114.58,5449.98,685.12,6655.43,6565.12,6160.07
8310.59,7935.20,2528.14,450.39,1682.67,960.39
7922.97,5373.73,350.05,3508.29,3920.78,7112.48
8543.66,468.52,2924.65,7189.09,4559.80,6788.83
7609.25,341.02,1502.23,8806.21,8423.04,9210.04
1986.66,8603.72,2319.04,5440.98,7506.20,8063.66
4860.53,3148.27,6876.27,1108.96,1102.63,4313.85
9798.83,9191.37,4199.53,2400.49,4838.72,4016.18
6847.88,4230.58,4827.21,404.99,521.28,2291.15
346.80,7873.96,9506.95,3157.85,8088.79,2105.76
3992.87,6172.42,7990.97,3257.06,2216.96,7692.31
998.30,3518.29,6198.64,2860.97,7665.05,1019.48
7790.07,5271.28,1295.20,5867.89,7909.09,5375.78
5304.28,67.53,1312.58,9447.10,8085.79,449.32
1105.93,3569.73,5324.29,2615.07,5067.33,641.23
5891.37,7360.60,2294.29,598.57,8567.05,8347.78
3996.78,5512.17,1239.10,8253.50,1629.57,3907.25
5618.51,8814.71,4599.42,9648.83,4726.48,6346.08
4842.72,8008.36,3455.89,5532.65,4629.50,5211.47
198.12,9633.73,8418.96,3033.69,1768.56,9263.08
4556.64,4760.21,5547.25,1864.40,3283.78,1181.32
8903.50,6520.28,767.27,1711.81,910.80,1135.66
2588.72,9423.95,9755.50,2983.43,3941.12,8684.48
8903.40,4790.24,212.04,7908.07,996.53,431.55
8689.82,4612.84,7036.02,1211.25,6851.28,7622.73
968.03,6946.76,235.26,5782.28,7664.41,3484.52
8288.58,8378.63,8338.03,4267.31,2462.13,1115.86
2736.75,6175.23,8020.14,7157.02,7219.47,8761.43
645.21,6970.08,8611.80,8266.66,797.61,7350.33
2560.01,1297.15,1383.72,5806.21,7272.08,7062.82
5790.37,2142.45,8570.53,4955.48,6080.91,8847.04
443.57,3793.23,5014.51,3030.81,6692.60,1012.12
9471.15,817.45,9280.99,8964.38,3679.25,2151.21
6351.27,9755.09,8771.55,3615.12,1744.42,4811.50
6297.07,9629.83,9985.37,5001.57,8485.50,2988.34
2008.31,17.52,1567.69,6656.88,4951.53,3926.23
3812.44,9085.36,8000.54,1279.80,1898.16,8918.63
4673.53,8862.24,5023.18,808.72,5007.09,3241.89
9438.94,8362.36,6068.12,3131.88,1679.67,7664.58
2432.67,9516.21,5930.84,9570.27,2673.59,5453.31
4681.04,1167.26,1013.90,3057.28,3647.30,6482.24
5040.14,7082.01,3986.58,2890.05,4406.79,7633.36
4003.79,4199.38,2209.12,1481.93,1129.36,3707.92
1872.04,3171.79,5715.73,8754.22,4187.82,4338.39
1786.96,2698.87,4064.64,2581.52,8414.33,4613.48
1358.07,190.04,4654.35,7764.65,4171.85,853.18
6819.20,128.96,7761.60,5484.76,6372.28,2460.13
6670.37,4363.29,6981.61,625.57,237.46,1286.28
6951.14,3060.89,3936.88,5101.97,3825.59,3454.47
5545.97,8658.66,7553.49,6935.23,1031.30,8481.80
4137.34,7147.12,5253.36,6476.50,6712.29,8274.39
7030.58,7384.26,3535.29,7706.42,7432.87,7912.27
3306.74,8696.08,71.39,8777.84,8321.13,1459.09
8194.83,4696.65,5851.87,2369.88,5977.27,9509.88
5092.06,2199.24,3856.72,4005.96,3931.62,4762.29
6814.42,2590.71,3730.28,9071.52,6476.10,524.28
1016.93,7389.49,5709.03,2731.84,1523.80,283.71
7873.89,7172.11,1536.85,3658.08,1231.09,9390.29
2689.03,1570.05,557.96,3452.75,5445.19,4456.90
5850.46,7583.52,5419.64,2333.08,783.29,8808.07
5791.90,3507.45,9616.94,7634.42,75.08,751.57
3162.51,5663.29,1667.36,2028.47,7167.16,9612.34
2981.83,9111.76,1180.03,2712.90,6481.96,342.16
4050.12,7711.50,3331.92,6020.20,7731.47,6047.28
6964.41,2801.96,2786.69,4851.18,8676.44,1323.90
2025.65,9011.09,8997.31,2676.69,8207.18,1533.31
6648.42,1705.95,7679.86,8752.40,3582.58,6225.01
972.39,4884.71,451.77,554.34,2757.24,6965.57
4452.76,2112.37,9536.35,4052.66,7292.15,8103.33
8209.32,9288.96,4174.87,9091.84,1923.26,70.17
3152.77,4554.49,6292.97,7807.82,8402.74,3586.71
9835.97,6500.49,5498.56,1791.51,2580.12,3760.43
7980.41,9085.10,7349.54,6368.03,4324.61,4030.54
6297.09,994.40,5731.54,3859.09,754.31,5081.74
3463.72,3020.65,8864.58,2983.63,4799.52,634.48
7912.69,5775.93,46.25,6755.21,5891.09,5747.99
7525.44,8500.25,8126.57,7863.93,4946.59,9660.90
3937.59,4517.03,8901.20,3549.77,7587.83,1115.91
284.20,5761.81,8647.82,811.19,1349.92,7721.81
166.55,790.21,4179.93,9645.67,5334.44,4801.47
3418.39,1109.32,3164.34,6169.16,5296.69,7904.86
1947.29,5646.05,3661.01,1993.00,6888.93,8877.08
7780.36,2349.73,7772.80,2661.39,9920.81,9975.19
6488.76,7906.14,7443.24,4002.86,4781.39,5141.89
8242.37,4099.99,4580.59,4544.04,633.11,6435.57
497.39,6266.35,9270.76,8764.26,9195.00,2309.65
684.49,5326.30,2875.72,3028.76,2170.24,209.81
678.74,8916.96,404.95,6290.24,6071.41,1664.16
2135.74,1239.89,365.92,1995.04,2474.49,9585.45
2386.06,5530.30,230.71,3592.05,8177.79,5302.43
8746.94,2283.41,4802.77,2555.69,7064.25,8070.89
9779.55,4318.10,1876.42,661.07,4340.25,4084.78
7845.11,2269.51,950.58,4375.61,6754.01,4361.19
7857.36,4665.92,5522.84,988.88,6312.25,6908.63
5176.96,4946.36,9024.43,3803.97,4246.78,6333.87
43.38,679.95,411.85,2489.68,7914.07,2013.16
3345.38,9128.67,480.42,4458.05,8170.77,7231.24
6484.64,5175.26,2683.76,2964.31,1453.04,9054.70
1730.06,8777.07,5747.02,8461.64,4855.54,1599.58
9702.38,5593.35,9771.76,5112.76,1663.93,2813.76
9246.49,6156.04,7746.67,2081.24,3899.26,3296.50
4018.81,858.72,5506.44,384.14,362.30,7806.80
8868.97,6765.43,4718.15,283.18,9265.08,7991.70
113.81,1399.77,8723.83,8186.32,2906.35,3532.20
514.26,9550.24,5819.97,7838.21,9725.17,9811.15
5060.03,8306.53,347.75,3171.64,5348.23,6126.91
5391.75,3855.26,7366.76,8206.89,3938.85,9791.75
9889.89,5806.46,7640.61,8184.90,8472.88,758.70
3686.73,5176.48,4873.63,5755.72,898.43,6813.86
2373.72,9866.59,407.46,898.01,8577.23,3325.97
864.49,3614.96,1140.31,3028.68,4980.86,760.10
7246.28,2628.07,6067.99,6375.56,7833.90,1562.59
1973.04,6210.05,3904.76,6902.20,8168.41,7071.51
608.27,7824.50,6894.83,9370.63,4081.62,2259.94
7293.19,6333.14,3153.90,8721.24,4846.14,14.73
2941.52,8854.59,5702.52,4198.81,2082.39,9105.15
9731.08,2057.55,3806.24,1221.82,2961.13,2023.85
5962.00,9932.56,8384.60,1888.49,3106.19,7997.10
969.29,8976.32,7915.19,1452.04,5418.43,4927.88
7531.90,2588.47,5495.45,7758.10,407.41,8496.71
226.22,6867.83,2511.60,6743.46,5650.04,6086.65
3534.39,9446.41,18.61,173.71,1528.39,741.75
43.96,4736.29,9676.04,2296.09,2764.39,1068.20
2906.61,4042.85,2834.07,3224.95,2273.70,7217.08
2950.26,2293.50,7555.99,3455.05,9804.53,3689.82
9769.32,4013.97,6083.24,560.19,5351.23,8443.07
8757.81,5564.01,8978.19,4117.21,7915.43,9158.40
3982.75,3237.54,9585.09,4474.36,9248.73,6686.75
458.37,4521.52,9352.48,8730.49,5314.77,9717.97
1560.81,4233.11,5117.64,738.89,6446.10,8800.26
4994.41,3064.98,644.42,977.24,7647.53,744.95
713.57,1857.68,8828.69,4427.37,7769.41,5343.42
9904.79,7035.75,4184.56,335.62,6690.11,6144.18
9331.44,5717.29,3066.82,6704.29,8064.62,1176.64
2947.77,6993.52,295.14,2992.78,3428.13,1751.31
2370.84,8551.01,2962.42,9912.67,2629.80,9972.57
6023.87,1052.58,2494.11,432.90,1821.50,1531.30
2062.02,3311.95,8051.24,1809.37,4632.19,9894.88
2015.53,2834.02,457.62,3813.21,5737.91,6901.90
4549.54,2922.17,3882.65,7291.21,6293.16,3339.13
1042.26,6846.42,3855.84,5813.82,876.86,2855.58
5570.21,2069.48,4219.97,8095.67,5617.25,7641.93
4705.70,1149.77,3481.89,4474.19,5020.49,8247.46
9453.18,6273.32,1230.53,4150.24,3954.47,5005.74
8695.33,405.31,4712.48,4148.48,8628.46,3926.41
4048.74,9756.46,4786.55,8136.56,1153.93,2177.45
3694.22,3440.37,8701.40,2174.38,3122.95,4242.21
1655.72,938.94,249.80,8343.84,6861.96,6047.90
1393.10,641.32,7264.53,7238.79,5844.35,9844.23
2454.06,971.86,265.61,8873.84,5871.82,601.87
2989.43,95.72,8710.16,4560.38,9772.21,884.34
2407.74,5265.07,7063.52,9149.03,444.95,5021.70
1064.26,1689.05,9398.50,1819.04,401.02,5089.59
9087.46,280.11,822.29,3928.99,7323.47,3139.92
2127.11,7434.81,7014.36,1201.64,5767.56,8283.11
2775.44,3806.27,3829.17,2555.06,794.91,8698.04
2621.56,6501.22,1691.45,3688.58,8605.58,4226.17
886.29,6395.06,9367.22,6933.21,9532.72,5178.87
2210.58,12.50,5704.89,238.21,5844.17,3187.30
4988.22,1345.88,3781.08,9791.16,9551.09,5711.73
5884.84,8622.17,9422.41,2871.27,5636.85,2025.69
498.91,8457.26,2310.03,3831.44,5222.23,5390.24
3001.41,2101.42,6508.27,1260.81,6715.20,7389.99
4871.64,6511.80,9282.26,8719.87,7785.60,6818.28
1933.46,2363.98,3736.77,3974.72,3120.72,1094.85
4192.52,4159.00,2960.82,1501.32,9491.89,5224.29
7164.55,5030.15,4149.46,5984.14,5797.64,8075.54
4590.11,1255.77,345.53,2431.58,1142.62,7135.44
5148.10,8238.98,9723.83,6132.40,9662.79,2890.88
1323.16,1354.36,73.55,854.44,5487.40,7220.89
7576.05,2296.95,8854.98,2553.16,7177.13,5883.05
2037.97,4196.25,5583.96,5863.32,6605.04,6420.06
2977.03,7098.96,6005.18,3710.62,3853.70,9970.60
4466.57,2809.73,2616.01,3552.76,4158.50,3530.49
6208.20,3289.64,3298.69,2886.59,3182.14,6327.06
450.87,5624.63,4159.69,1700.28,3120.91,1275.66
876.05,1386.77,473.99,955.55,6879.39,1151.36
4640.22,4688.64,9799.50,9617.62,8832.43,5424.88
5845.27,9209.46,8020.93,4616.63,9699.31,1597.04
4545.69,4852.05,6189.27,1708.67,4302.13,4763.78
3823.90,8529.01,4880.32,2055.29,2289.84,8626.27
5087.94,9927.07,7210.34,8594.30,7668.69,4074.56
4452.46,9642.49,9742.72,1999.17,3583.04,7386.81
6740.56,8744.32,670.03,3595.93,4254.97,3154.17
4826.73,6164.33,6286.47,7054.56,2737.07,9431.78
519.34,9357.55,5752.60,3913.14,8918.90,3614.23
9585.07,836.58,4934.36,4979.14,6696.13,6293.36
4382.00,8282.49,7677.13,3713.40,5195.80,1391.63
8172.51,2736.26,9282.95,9838.69,7559.16,3974.72
4156.58,3697.97,6286.32,3708.66,8034.01,6900.47
537.43,6599.02,6071.73,9869.78,2480.23,5416.61
5288.05,9204.35,9493.69,3077.45,9980.46,1716.53
3048.30,4124.25,2173.51,5017.15,7683.77,2594.82
8351.75,1282.37,6047.07,690.96,3002.81,8246.25
8090.49,1195.54,6571.35,8983.05,1573.59,5084.61
5730.06,107.06,673.97,6192.92,4204.57,8944.18
1496.70,4363.60,3192.90,7921.20,762.19,5293.18
4682.34,3918.96,8940.70,756.13,5951.85,7902.58
6283.39,2636.51,4151.04,5476.80,2048.45,4099.62
2930.46,7507.60,7421.08,3394.33,2991.78,9822.88
5968.06,7827.95,9093.02,6680.61,8920.01,1285.71
4546.45,6105.19,8181.79,3742.70,4171.54,4702.04
4068.07,5240.48,7780.81,2321.51,2136.59,4569.74
51.69,9129.54,1614.38,6196.68,2326.29,4639.75
7604.38,4664.46,9379.25,6983.54,6853.49,2924.82
2764.02,5658.57,2530.59,5567.05,2576.60,4664.66
2769.86,4163.59,9080.01,847.81,208.42,2273.97
1433.39,6194.24,79.41,1333.65,5876.41,1049.16
6476.57,5057.65,6970.26,2263.82,9816.18,9160.23
2850.13,1095.01,3599.70,4793.15,3657.99,8415.94
5885.17,918.98,703.08,6464.26,2136.27,8551.81
4468.95,3427.96,6283.65,9102.27,2442.53,4752.70
7387.05,2443.74,272.34,8236.88,6493.63,1675.19
8866.29,4004.30,9188.48,7244.17,8921.33,7090.57
5788.50,8624.75,3015.05,6235.23,8882.16,4528.09
6373.77,6461.70,9381.34,8490.51,5359.66,8362.88
7489.80,8258.72,4277.87,5976.84,5112.20,5944.03
4167.02,5742.26,9372.57,817.05,353.77,4087.01
755.92,7690.64,1991.14,5812.69,1825.84,7727.03
2447.13,983.09,1693.72,157.59,4895.03,4036.81
7582.54,4090.40,724.67,9665.05,7478.05,9688.88
7947.13,3636.27,8578.80,183.37,6954.71,8056.74
5623.08,9393.03,2663.10,6915.71,8802.87,1182.35
7769.83,5161.18,6714.65,3781.99,9954.77,8454.46
5864.55,4643.81,6801.35,1663.74,5822.53,6626.68
3739.71,5395.59,6694.79,5793.24,8626.62,2364.90
1542.89,6823.79,8445.43,8613.00,4716.00,1834.68
7002.37,2195.73,3893.60,9901.12,1503.67,649.92
3748.47,9428.83,6646.83,3946.18,4289.85,3300.99
444.71,1078.26,2691.06,9984.94,3870.95,5456.08
3392.82,5903.79,8800.26,364.61,2215.23,4750.31
7711.83,5362.25,6067.85,1188.89,8886.99,5307.09
8379.89,6269.68,1711.14,9858.30,1496.13,5888.71
8435.09,6352.17,6074.97,3699.96,3163.72,8679.31
7769.66,9848.99,4608.61,4675.00,4517.38,7451.68
1481.63,7949.91,4246.34,5051.02,7084.54,2792.52
5022.10,8473.91,5884.07,3878.68,605.76,4822.50
5059.47,7231.70,7012.67,375.68,6925.55,3051.59
9787.88,3354.69,1987.79,8995.32,4727.08,7892.52
9442.32,6834.39,7943.01,8299.85,1455.32,9758.66
3069.57,9868.11,630.27,4660.12,9994.56,3114.99
7118.51,9237.34,4649.91,4859.80,6596.64,7309.05
5862.44,1254.06,1213.36,595.53,8567.22,6645.46
6831.24,9439.82,3862.89,95.84,3867.38,6869.50
5596.47,9279.76,1914.58,2247.79,6764.14,4281.36
2666.39,4334.19,3161.32,6212.00,3442.75,8456.64
755.30,6614.27,2205.82,8985.20,1687.56,2433.26
6715.05,6669.40,4334.04,5266.51,4401.98,6199.20
114.38,2500.05,9114.55,6662.61,9112.64,2594.90
8277.36,5541.64,3499.44,7116.94,5254.69,6399.01
938.90,7483.33,5908.31,9422.94,209.31,6517.95
6043.18,7712.62,7731.49,9410.05,1532.67,5528.89
1834.13,1263.07,9225.73,3478.61,1613.05,3776.48
4529.40,9131.86,6994.02,6467.21,5637.39,2158.41
9622.13,2376.99,7205.80,4055.26,2628.47,1801.94
3907.97,3372.25,7699.16,7391.96,9369.75,6373.07
346.96,3895.26,1497.37,6440.46,4190.15,1244.36
7482.84,4253.07,1315.47,7738.30,1475.98,8145.10
6129.44,3441.85,9972.16,6695.54,6464.81,2687.56
6434.33,235.34,6555.55,6608.00,5303.65,7291.99
1456.10,4001.86,3473.42,1381.96,9767.10,6007.42
63.47,7113.53,2931.17,8090.88,1864.38,3962.16
6899.65,6044.60,4615.12,4901.87,8807.54,2978.78
4899.68,9651.98,5259.78,3921.30,5347.26,4737.13
4922.41,4028.52,1092.39,8289.41,4902.53,9462.43
1205.12,2894.96,5715.51,3012.66,4921.37,4552.47
3982.66,1318.36,3234.01,6370.10,5567.25,70.36
1312.87,2878.41,8635.59,5427.24,7733.07,3299.71
7317.69,6532.98,4052.68,6854.65,2678.54,6171.12
6162.95,7998.84,8914.07,5007.01,6698.77,3849.57
2435.19,9368.80,1452.13,8160.31,9782.19,6869.77
6982.71,8414.36,2724.17,5227.33,7222.11,8971.40
7386.32,17.72,9128.87,2049.01,5616.83,3761.79
5711.80,8711.57,2866.92,361.89,6528.12,2955.71
6172.97,7602.59,4939.82,4699.72,1780.86,949.94
6248.60,9148.82,5144.29,3164.43,9530.07,1524.02
7876.29,857.29,8057.08,6237.91,6285.15,1649.10
754.34,1880.99,3901.51,361.35,6102.65,7332.84
7396.36,2868.42,714.70,8129.25,6994.47,3152.95
9523.39,7778.59,6312.04,2343.99,1597.03,5299.68
6573.01,6588.06,2492.47,9193.33,8892.20,6530.07
2847.26,6028.00,5528.41,1032.35,3364.63,843.27
9638.63,4146.09,2316.99,9310.78,2764.75,1710.88
333.27,6914.66,8481.24,8381.54,4270.41,3604.28
3042.05,4555.86,9294.49,4492.49,7588.58,4506.65
5750.13,9095.19,2404.64,3238.69,6390.42,9625.03
9625.94,1652.54,7363.76,8866.42,7962.35,4267.43
2474.76,1628.78,5306.81,9760.65,5713.08,4092.00
759.35,2960.62,6641.36,5022.00,2975.49,2235.56
3590.58,2020.28,2471.76,9693.25,2298.82,1858.06
3922.41,8330.52,8571.44,6764.60,7681.55,7384.11
1244.00,7577.86,6867.14,5116.33,8378.61,1565.90
1105.54,8717.64,9817.69,5115.95,7571.47,1772.04
3600.30,7308.14,8174.61,3639.09,815.05,836.09
6981.56,1399.41,703.59,6489.46,2876.49,1645.21
6142.26,1047.50,6994.37,137.22,2790.37,6298.72
660.22,39.42,3575.23,9734.80,2964.24,4095.31
1032.67,4684.27,5012.04,2284.71,405.04,6787.63
3212.67,1482.81,3361.79,4581.02,9948.78,1210.78
6984.93,1392.89,545.49,6518.66,6740.45,326.07
5497.06,6714.76,1019.76,7981.76,9482.62,8280.60
3190.38,1635.20,893.05,1360.62,7107.21,204.56
6764.70,7596.84,7014.22,1192.60,6399.87,47.22
430.27,8377.09,6368.27,2563.40,945.59,8990.93
5557.77,6521.90,771.44,1599.51,5772.82,7444.12
6348.77,1637.81,30.83,1880.82,9978.16,2857.57
7497.78,2590.82,2121.68,3225.28,7123.51,7289.90
5638.40,9658.97,1831.98,3933.45,8226.90,6183.01
3971.36,1737.86,5105.32,8970.88,2584.92,7264.72
6862.80,3734.80,2823.22,7477.09,6428.79,5122.15
3720.30,1598.23,6573.22,1956.37,2177.60,3486.89
3188.68,3775.70,3219.24,4291.99,8372.21,7841.43
9985.15,6805.80,9904.60,6643.76,436.49,6823.96
584.87,375.61,8965.55,8361.84,9209.66,5267.67
7756.47,5002.10,2950.10,7929.13,4560.74,8771.89
6914.59,8433.90,1952.22,5426.91,1768.49,5064.14
2630.28,7449.59,588.85,9043.80,9028.08,3512.60
9591.03,2262.80,4811.91,2504.20,5761.99,8540.64
4142.77,8820.64,2077.51,7575.22,1883.21,6218.37
9896.65,1178.33,1453.77,9350.27,2264.60,9271.49
8453.85,2078.52,5594.83,8134.04,9030.65,1610.48
6334.37,1979.38,5679.77,2292.10,2942.22,626.35
3211.20,8320.80,6845.27,2631.50,3164.29,8518.73
8456.88,6429.13,345.80,2429.00,2974.19,7797.98
8539.32,8201.00,4581.81,2478.38,6906.61,2491.58
5359.72,8196.51,5075.90,5322.51,2359.59,7418.06
3635.28,9876.22,4744.48,5534.25,2763.65,6177.07
6535.65,7324.69,9134.47,8294.90,3222.47,8579.08
8673.82,6199.99,2700.90,2956.49,212.33,2869.20
6193.67,7880.21,4632.22,4435.19,218.33,2430.27
8864.29,9929.81,3043.42,7329.50,7049.75,2612.44
5773.27,4299.11,6902.30,3403.69,3852.53,7712.89
4418.38,6911.26,5523.13,6698.63,5215.71,9622.81
7240.13,8073.04,8811.39,5317.01,9463.10,3915.29
4894.42,6346.79,9039.17,5639.63,7442.69,9318.48
9166.08,5312.48,6432.31,9576.25,3419.09,8393.58
874.95,7817.92,5533.98,5261.70,8976.09,9486.13
1015.65,1949.53,8473.26,8795.78,3431.18,5166.95
826.17,9548.77,8735.29,9155.86,1671.69,2606.45
7697.56,5732.56,9931.49,2791.62,313.61,5918.28
1853.30,8138.22,7157.28,5887.93,2781.36,7414.14
5591.83,4999.36,8888.84,8804.00,9685.75,6807.56
7437.49,8842.81,750.22,6697.03,9976.51,8924.17
1422.99,6327.72,2509.70,5410.59,7615.68,5896.57
3670.35,3205.58,8881.14,8949.19,1703.67,8376.64
7767.11,5463.45,4255.53,4495.30,9682.00,2646.20
3388.01,3215.44,7005.01,8207.20,7686.00,6063.62
5106.13,2840.92,9322.43,1424.21,9505.22,6500.66
9575.65,4444.92,4435.99,1390.85,4673.93,2532.38
3095.79,5199.98,2936.53,475.04,2170.34,2317.13
8671.12,8412.92,8911.87,8443.69,7260.45,1803.91
9922.37,5847.48,2087.84,1410.77,7353.37,2193.44
1727.76,6611.54,5069.97,340.71,2539.44,5049.96
3714.92,2811.91,5225.84,8462.99,5044.63,5145.18
145.32,3582.87,6379.22,6232.85,5006.62,5963.22
5274.37,3407.98,7327.24,2503.99,8226.23,8088.90
4013.52,1633.33,8403.90,127.93,2963.99,7903.16
7889.45,6316.59,5098.75,8003.83,7875.62,1058.68
4178.82,9547.86,8798.05,1140.84,1532.91,136.94
5255.89,1463.48,2791.77,18.74,2969.07,7087.43
9857.91,1298.64,9237.28,3343.33,4291.60,4352.63
1389.17,5341.72,9267.22,9416.18,4541.61,2880.17
6421.49,393.89,4710.56,4975.43,1119.96,7990.84
1545.09,3521.86,797.07,1454.40,400.94,4425.16
3468.16,4649.76,8698.71,7315.16,5706.60,6462.92
3338.04,8372.97,4329.22,7172.64,4604.40,1011.34
1552.22,9386.49,451.36,8848.35,5019.78,1567.59
8413.53,4910.11,3160.61,9096.08,796.17,129.76
9698.06,4351.62,9104.90,8799.52,1107.90,8119.73
6946.51,9078.86,6168.76,5951.42,679.97,7349.74
2298.16,4921.62,1112.15,8067.99,789.35,5174.77
3861.99,762.72,10.62,491.37,7224.79,7178.70
6530.13,122.03,8289.02,2335.58,8880.46,3399.11
8433.34,7146.45,5619.99,2393.55,50.75,225.69
5524.64,8797.66,1087.18,107.35,3731.36,9435.59
4114.29,7537.17,9877.80,8885.76,2581.07,9863.30
3323.35,6038.88,5884.60,6049.24,4381.72,5903.38
2337.61,4700.39,2119.58,6848.08,7711.63,6826.20
7106.63,9334.58,9740.68,2541.97,5895.96,201.85
948.92,1625.29,6636.86,2079.52,280.38,5099.70
2638.44,4997.97,4246.43,4437.82,9072.37,6605.23
580.17,8376.56,6139.67,4974.65,2358.09,6054.05
6748.55,8386.81,817.27,6161.50,3319.93,4114.79
7171.13,104.22,3105.82,8765.23,1543.66,3908.09
1905.19,6259.63,1864.27,3933.03,319.95,4863.19
3164.45,2629.90,1039.83,1372.05,6394.97,9856.15
3467.23,443.27,3214.35,5731.86,7950.06,3080.35
2286.27,9489.77,6019.01,3383.77,2992.62,5446.83
5895.41,1394.63,5914.80,4725.68,3615.89,1238.15
2476.02,2668.60,7758.04,4023.24,5617.34,8424.70
6065.24,3947.17,9235.65,1462.33,6295.55,5902.98
4741.26,3427.76,9088.45,6206.00,2225.65,1713.57
1133.94,9969.66,4356.85,8183.38,9627.41,7639.45
2718.24,5450.69,4470.49,8244.53,5933.09,3327.06
7918.73,8350.61,5576.37,8080.11,3638.40,1648.11
8733.57,5397.74,5048.30,1669.15,2377.55,958.40
2515.67,4187.70,5428.39,5591.48,665.92,5339.63
3066.59,915.73,9080.12,3516.54,6534.77,169.29
4516.09,672.93,5470.13,9411.22,8793.88,6544.05
4778.82,1227.84,3697.24,5445.53,4265.57,409.56
8282.14,9412.82,2677.64,4879.80,7742.53,708.07
9951.64,8706.60,8738.83,5270.61,6164.91,6290.93
9392.29,8309.66,5875.12,9904.64,9581.02,9486.15
3616.88,679.41,6398.35,5062.19,3631.39,3332.38
8753.37,6916.42,8268.91,7042.57,4177.15,7315.54
8790.75,7730.59,1299.89,7832.33,7902.04,7971.94
8802.79,3787.36,5818.28,671.01,1887.50,2916.96
6394.18,414.34,6448.83,739.92,5721.05,7824.28
3263.40,4805.25,3637.20,6743.57,5869.64,3046.21
2465.49,2064.14,146.45,6111.13,2311.57,2024.76
4597.14,3953.09,8642.79,3825.00,7575.91,254.21
8276.80,826.96,1053.84,8604.14,3632.39,9542.27
6158.57,6551.19,4215.18,3864.84,3046.03,1830.14
3159.54,6597.38,2306.84,3540.43,5609.50,57.48
4940.94,8108.12,7198.15,7306.52,7840.00,3328.72
3403.55,8695.76,2656.37,6133.01,7882.46,9549.18
9192.55,844.66,1008.90,2119.96,5375.71,5565.36
4116.10,5716.36,753.38,2075.09,7466.71,1056.45
687.26,730.75,1675.13,5984.02,4341.05,3920.81
4640.60,3154.63,3282.74,1315.54,3164.70,3359.17
5906.32,7785.57,2710.71,3674.48,550.94,1524.42
3562.64,9090.36,2505.12,9724.55,4956.18,8233.27
2570.13,8393.01,317.00,4280.21,9389.62,550.03
9858.40,7507.39,5697.78,4061.09,2009.75,9792.33
4768.24,4143.73,6157.66,2392.01,1789.32,2270.76
6556.82,5278.94,3322.46,8455.18,2005.45,3676.39
160.30,6805.72,1929.75,7043.64,505.50,2811.56
3269.79,6899.27,1355.06,4463.38,5394.49,9096.10
2716.79,9178.15,3885.96,5150.23,5547.53,4051.19
9237.31,594.72,1457.95,7825.16,6643.55,699.14
2675.26,3643.51,4890.40,1330.46,6681.76,281.15
744.48,3774.01,257.37,9699.24,6380.22,2358.32
3125.85,6176.46,557.15,4603.05,5908.45,4529.90
8005.15,4763.15,1765.11,1035.40,8677.15,9571.70
9985.60,221.66,5412.42,2396.08,5648.66,1900.91
9182.74,5245.27,3684.33,8284.75,6462.45,6412.35
2976.72,5412.98,7425.67,600.55,5838.67,6845.33
7327.25,7541.54,7750.18,241.30,2173.71,9115.17
3072.09,7178.40,1010.57,6424.96,9487.42,1429.93
3807.65,4112.10,7584.84,2255.84,6963.18,7772.77
501.29,6610.98,5472.28,8245.44,4270.69,3854.42
4362.47,9394.95,8319.10,9995.87,8185.07,3049.90
4200.92,9524.76,9188.97,8790.41,2880.38,8441.47
7381.30,3506.93,9729.82,607.49,3122.50,5648.77
2415.20,9135.13,8235.28,4340.87,8811.20,1927.11
6697.43,1644.51,8212.10,8633.22,7617.21,3938.18
6627.54,5876.23,851.18,8674.23,1772.09,8385.69
3877.44,9567.62,4469.12,8666.94,6486.84,7904.30
2553.22,4194.43,849.27,4777.69,7096.01,3100.46
296.95,7441.49,4602.57,288.87,8808.25,6628.58
1872.95,9354.23,3067.57,1185.98,8056.96,8034.39
9844.67,8061.98,4928.23,1271.06,3725.91,455.49
8451.23,8260.03,502.58,9974.65,1893.26,7678.54
2733.48,6696.24,9699.36,6823.15,690.15,502.78
8658.45,7802.66,1968.61,977.27,4444.85,6797.36
3240.20,7440.60,5241.56,9939.44,8049.20,9560.31
5828.01,1097.71,34.62,6654.10,1183.51,340.58
9755.42,4531.27,7336.96,1911.92,2417.55,194.58
478.98,1544.37,9305.94,1058.80,6273.78,3530.37
1530.40,8248.09,8298.93,3570.37,1868.58,2654.01
3133.86,5481.45,3188.95,8051.23,5000.88,8933.46
8119.66,8773.42,7155.06,8151.82,3285.46,6153.47
4812.41,5402.32,773.49,7183.61,6263.74,33.43
7717.74,3489.21,3661.72,6754.65,7081.92,3611.73
667.05,6826.60,4715.72,7883.02,9633.37,7820.08
6481.22,4600.96,574.25,8544.04,9686.42,8239.28
2751.82,9991.26,5270.06,9983.05,2916.96,9736.85
6395.55,7436.87,7212.47,9044.46,5910.04,1100.45
8170.78,2053.49,2333.18,2303.69,1939.36,5741.72
5389.14,2040.03,1160.00,2798.18,7082.16,9723.92
908.65,319.69,3980.26,7863.60,4923.68,5285.85
168.77,2470.45,90.93,494.15,2309.04,218.69
4109.29,9268.81,444.02,1527.78,9896.73,3962.13
5222.52,8933.28,4571.12,1186.48,9090.00,3431.91
5291.54,6378.69,1417.54,9418.34,8750.06,3677.70
9276.64,7640.58,5026.26,8435.54,9704.84,3921.24
1978.78,9298.28,9222.27,9708.82,8283.56,5358.69
4272.43,1381.34,7465.46,2486.26,4392.17,2357.62
2069.78,8142.84,5138.88,8973.04,344.22,9420.12
7466.81,6472.56,8334.51,4965.94,328.73,1003.02
9976.21,3792.85,7658.03,1764.13,6971.34,8353.76
2424.11,5957.56,4598.92,636.04,2164.57,2247.92
8628.05,3235.56,6125.45,1220.92,5200.86,3169.87
4355.10,129.34,442.71,9145.60,8552.89,2694.88
474.91,355.89,387.80,4822.50,8506.40,2882.68
946.45,5817.10,6943.64,3350.38,5054.55,4221.31
6924.27,6042.50,6210.78,2201.61,8854.23,245.89
2966.74,1759.62,2226.59,9577.14,8297.39,3562.34
8719.98,8131.38,499.47,2005.39,67.46,870.19
3088.41,8344.44,4697.69,2044.18,9402.39,1037.73
4927.09,6118.27,4982.08,6560.36,8389.42,5751.61
6352.49,7961.55,6892.26,6777.71,2612.35,9383.85
9556.28,3667.71,8509.53,561.59,3826.68,2010.13
4518.47,5730.82,9461.14,7076.65,126.86,664.68
8105.76,2792.61,7898.68,8856.14,6475.12,1449.54
8751.83,1795.72,8982.71,4631.07,2297.50,765.81
3928.13,4931.77,7980.66,3869.26,8704.20,3974.97
8787.40,9419.75,5060.82,3063.29,682.09,6144.38
9350.03,2539.26,1002.49,4568.68,5008.61,327.66
4453.82,4942.57,196.91,43.89,4335.89,4912.95
3086.17,2598.69,4254.46,3054.51,9629.07,5206.38
3989.67,1731.09,7207.77,654.04,3473.63,1999.62
3215.15,3301.68,1141.35,6245.57,3669.76,8437.57
7833.13,6873.91,3635.49,3588.26,3776.95,923.17
2324.12,4533.61,2624.75,5612.06,6077.49,9228.35
5932.67,9980.19,3680.40,4780.73,5750.05,7030.32
9719.16,9480.93,2866.49,7794.23,4479.90,4162.90
6995.93,3752.74,7300.05,5385.81,3454.55,47.71
4586.69,9420.61,3157.58,4568.61,5173.98,8560.50
8538.09,4454.07,2253.10,4051.59,8051.98,1917.59
3836.55,3808.56,1302.59,3477.42,7362.92,262.42
7361.10,8656.32,1864.25,5940.85,7319.27,6323.57
7281.90,7440.84,8693.16,1288.40,8504.48,2795.21
4934.68,2730.24,8377.84,9649.54,9425.14,2087.45
9879.70,9702.30,9329.86,616.27,8513.41,833.16
3058.86,9353.80,6087.09,921.93,1395.43,1179.77
6172.91,9886.91,3997.80,8780.59,3404.14,2195.22
5033.68,5837.53,8788.63,1975.78,6081.57,7661.49
3522.13,2300.34,7507.55,2764.89,3143.28,6789.49
8946.40,5994.34,9437.76,584.90,5424.96,9625.58
1045.77,959.57,5722.35,7999.33,3780.14,7598.05
1553.71,5130.69,3502.01,5672.20,2366.18,5262.08
5629.93,6243.86,4824.53,5529.29,5442.05,1742.07
553.64,8015.07,3627.83,7929.64,163.68,1935.59
2221.37,7831.70,7428.62,4533.83,8340.15,4262.31
9564.66,5111.22,8149.65,5808.67,1408.99,7389.68
7416.66,4163.34,9492.81,777.00,1856.33,5538.33
7851.91,4600.84,8892.06,606.20,3566.77,7389.25
2049.83,1720.04,6769.91,2280.15,3767.16,146.11
6941.52,9021.25,1634.66,5393.57,3199.42,5071.71
5352.61,2166.01,5879.91,2343.41,8960.47,3009.63
8991.77,9063.98,8442.09,7682.80,2187.48,8659.28
8468.06,5734.98,1258.22,6647.85,358.89,1954.67
2661.21,8067.24,8867.86,3424.81,7360.93,2119.97
9924.18,632.73,1897.75,9390.55,7303.84,231.70
2821.63,3245.90,4186.35,1714.46,6516.01,1056.68
5681.32,8716.26,9599.68,2302.83,245.77,8453.93
7054.72,3812.00,8124.00,8664.25,4534.48,5808.34
3110.38,7415.09,2294.60,9923.94,3840.24,9317.30
5215.70,1715.28,2901.48,6607.89,8137.50,3683.50
3657.89,4570.07,1806.95,9930.05,9348.21,8083.23
5031.56,9879.46,2737.58,9393.32,9776.42,7566.58
8512.86,2313.71,861.42,4950.96,155.37,7842.60
5896.47,5114.47,7078.33,4568.80,1893.79,5472.72
4563.47,4517.27,8778.88,5903.24,252.59,1660.49
3695.79,7602.12,9867.27,8642.06,8518.35,4866.49
729.83,4433.28,8441.57,2382.63,5856.28,3337.95
3631.79,5810.45,6469.37,8562.32,6226.19,2269.30
4778.68,6516.58,5255.16,2105.38,1033.47,1147.08
729.60,3863.89,7852.97,425.65,389.31,9077.85
1042.83,1982.02,159.03,5421.56,3801.38,753.38
7240.52,9810.97,4202.99,9185.80,5693.41,8949.21
9315.51,4326.78,3453.87,1837.66,6064.33,9579.14
7561.23,9068.37,2048.98,522.50,5000.28,4501.67
9231.97,3605.31,1913.22,491.92,6365.57,7804.59
2076.03,4760.13,2356.33,3085.01,810.56,9937.76
1315.93,1526.79,7722.13,5943.92,2435.76,6317.87
5074.94,8414.10,8131.30,243.65,4738.11,7904.60
2450.96,2950.18,3799.53,4949.41,799.44,2660.60
1558.79,4108.38,961.84,238.82,3430.61,4746.40
3581.11,9537.02,1041.89,8143.69,3810.25,3434.70
1403.97,3301.02,824.13,2812.36,5312.11,2162.01
1577.58,7963.51,3433.89,6696.93,4783.84,7060.99
9306.43,540.21,4174.24,8072.16,5683.89,1429.97
7105.41,9324.99,6731.19,2266.54,5764.26,4639.09
2114.82,2908.08,4722.64,3573.16,2856.21,4585.80
7127.59,8858.26,6757.69,1437.34,4540.92,7654.04
4372.81,1598.56,391.71,2670.79,4807.68,1972.20
3543.57,5099.93,4479.02,7785.62,168.07,7105.99
4909.38,5778.16,2064.48,2856.72,9669.54,5473.34
7169.27,2066.12,4912.70,3164.84,7952.04,3160.73
490.29,561.74,87.03,4333.89,5532.23,4112.53
2839.29,1734.08,8918.40,9549.73,4866.90,7332.27
5446.97,8339.94,5130.32,4262.76,2945.52,5289.19
6461.13,4196.48,6573.16,6697.56,7129.23,4756.16
5049.09,2074.22,4995.61,5260.77,5592.63,501.13
2648.83,1189.04,8195.35,7762.88,5332.79,1564.96
3629.82,2508.29,5685.82,8019.31,8822.29,5835.74
5673.25,3966.47,8558.74,1069.57,1461.56,8426.30
6449.23,7010.50,5525.24,9127.96,276.44,5932.83
6378.41,9362.73,8700.66,6929.67,7612.97,3005.57
3498.02,3965.36,2198.43,9767.33,5152.37,1357.63
5481.66,5817.26,3690.89,7375.86,4673.36,9483.17
6765.56,6796.31,970.06,8237.23,807.56,4083.60
1925.25,7627.15,7172.10,7036.03,3270.15,3441.74
5501.73,9492.37,4715.00,1801.24,8633.86,6758.11
2062.61,7117.20,8070.25,7102.64,1900.59,2077.00
271.98,6263.50,3478.24,4766.97,1144.78,7259.52
5291.68,8313.37,6362.72,8921.69,6841.80,7840.45
8706.74,4763.74,8918.67,3584.76,5882.01,809.71
1560.01,970.71,3862.61,1789.90,4744.53,1872.66
887.62,5422.45,6179.30,9612.77,1773.01,8714.65
1231.65,6612.46,9068.16,7842.81,9032.16,5857.39
1905.75,6089.96,3002.51,5360.88,4164.39,4222.53
6448.39,1686.13,8554.52,8981.71,853.41,2634.35
8776.48,9054.98,2907.08,3778.91,6322.64,2632.47
3685.84,1691.80,3635.05,7648.90,2219.21,11.27
6656.48,1437.49,8430.02,6937.94,3702.56,9365.42
6394.98,7188.48,2924.02,9013.93,1377.91,5568.02
697.19,3992.64,9092.68,8574.41,1877.77,8034.71
3515.27,1570.71,1257.34,7146.61,1615.46,8959.76
1669.84,8998.66,5682.54,8154.81,241.62,7413.12
3025.33,9161.05,3913.73,166.07,8909.42,7089.54
4267.31,4894.74,776.12,5347.35,9391.10,2672.49
8226.20,5765.60,7529.87,6983.67,22.64,1773.22
8233.47,8393.15,6573.47,3186.20,7004.03,3605.45
2216.91,662.31,6281.05,6118.58,3566.68,7193.60
6809.09,3810.19,4911.99,9419.78,7689.37,8152.89
7993.48,1244.45,7613.27,8074.01,2236.42,2611.37
5399.92,1623.75,9367.37,1814.90,9995.33,5302.93
8873.49,9758.30,5451.03,617.66,255.21,7012.43
8292.75,396.79,307.87,2294.53,863.21,7700.29
1663.59,7649.67,4952.90,7115.84,787.03,1984.19
7114.42,4831.88,5603.43,1084.40,2953.74,3820.67
2937.48,6813.39,2297.65,5586.03,1886.35,1755.15
9965.33,3848.48,7701.78,2454.70,3944.01,7546.85
1430.54,3442.66,5275.90,3905.16,4340.86,4560.48
8218.41,2250.61,6700.50,452.71,6698.66,9608.23
9926.96,226.95,3527.20,7226.03,1311.12,1639.33
5611.67,9515.55,9977.71,9191.36,3218.10,1153.08
4184.52,1068.57,2693.11,6878.01,5632.90,3617.87
3668.84,7623.21,3252.17,1012.67,3025.79,4306.51
9901.73,6173.47,4983.34,9731.26,5549.59,3341.62
9881.30,5458.36,1976.99,3147.37,621.70,9438.80
6204.60,2443.83,5658.82,3629.86,5513.65,1460.63
5028.95,1893.73,2303.37,441.17,8471.67,1272.56
9213.92,5009.24,4307.59,2845.23,7660.61,521.47
3538.56,8128.89,8349.60,141.26,2849.33,4318.16
5782.97,3204.07,3800.50,3834.75,4571.97,9457.63
5264.22,3465.94,1536.48,1499.27,768.56,8725.79
1894.50,8514.55,8594.30,2193.79,3624.78,5253.40
932.07,4518.73,7865.67,3550.72,8811.18,4366.04
5347.23,8354.96,4830.81,2022.85,8256.80,2389.34
8413.76,1437.55,5151.86,4719.02,1199.98,800.70
2649.42,447.89,6600.72,6788.25,5908.97,3578.34
2936.65,8904.60,4112.24,5069.23,4139.14,1435.02
4321.81,5615.47,5868.44,1155.67,8271.48,5979.80
7647.83,4612.15,9637.42,6569.20,697.72,5856.14
9084.26,8091.37,8626.24,1327.97,6790.89,8563.13
1901.97,7374.34,2336.75,8132.24,5512.16,4928.93
9664.15,4553.05,425.15,6624.39,7528.45,462.31
5958.89,9882.11,5942.04,5243.00,2571.14,2961.40
5360.68,3381.30,1753.07,9724.95,9572.76,5432.18
253.79,3817.28,395.42,6818.27,8634.75,2866.54
7080.46,2883.85,3078.12,7756.40,2971.37,4803.56
3972.62,4885.92,8067.24,5226.79,3416.25,937.05
9605.63,9881.48,6446.33,6629.98,4345.10,8758.64
4461.05,3684.43,5668.19,5531.63,7500.49,5618.47
1865.86,5642.17,6276.49,1198.36,9623.77,3394.51
2824.63,3821.68,2560.82,3658.29,9685.05,8915.02
9330.22,7939.40,1112.39,1276.67,6904.13,8325.76
1789.94,7592.82,2899.90,8318.21,2410.34,2749.32
9092.49,4572.93,2607.17,3515.70,3362.03,6074.16
1738.26,3636.39,1448.91,4782.74,7810.23,2905.18
5363.97,8612.34,1557.49,8459.10,1615.30,6771.12
746.62,5276.83,4310.43,4297.76,74.90,9125.54
1859.86,1981.06,6654.43,2585.67,1279.45,9471.22
6048.15,9697.20,7237.52,2865.94,5037.07,9120.33
8370.49,5159.61,2915.39,7688.24,3628.88,34.40
1039.07,4723.97,8006.48,7132.26,9525.44,3614.40
9039.90,8682.93,1734.36,6663.70,9645.77,6013.67
8943.77,9534.59,6800.88,3303.73,5330.69,4622.89
8737.92,2995.13,2503.78,4335.09,3088.76,5696.65
4895.96,7574.79,5386.34,2754.51,844.68,7213.16
3440.78,3092.40,5413.25,9376.60,137.81,5419.78
6667.58,7664.16,6495.24,2416.40,5281.52,5145.72
5849.56,5853.31,1686.92,1465.77,3686.86,7532.82
7220.82,8721.37,5749.29,4586.28,4391.81,933.86
3475.56,6931.37,4777.99,3036.91,1635.70,8656.99
9720.09,2790.85,2274.09,2479.48,2016.89,9779.36
6322.44,2250.21,8541.09,4354.48,3178.95,3854.45
3860.41,5097.34,594.54,5523.22,5019.21,4367.59
3204.87,9892.75,6208.63,84.05,4553.72,5174.03
8905.95,7516.69,7822.38,8842.57,9868.36,7531.88
3959.16,8854.65,6826.95,7815.27,6403.15,5466.44
9827.94,7791.49,6088.37,4702.17,4819.17,3011.33
3540.01,5270.61,1349.69,952.66,8329.21,4325.84
6173.08,5159.05,6640.65,604.68,9147.00,842.87
63.63,8391.49,5554.56,2374.75,5253.81,5232.68
5347.68,3144.60,9107.23,3622.15,8495.82,6198.51
5401.39,254.82,8984.68,1334.20,1029.77,77.97
7932.08,5825.11,1227.57,6780.04,1426.74,9202.47
6922.59,7414.38,9585.79,1952.54,2150.91,5386.00
5782.58,1586.09,6742.71,1273.29,678.44,4820.94
5869.50,2963.50,1377.26,171.09,7419.33,1578.68
4952.04,4573.62,5822.85,73.40,3100.29,4613.81
3793.26,8318.42,5504.23,9149.01,6788.02,9054.56
1126.01,1703.08,4868.22,866.63,9628.89,2325.02
9516.93,5901.27,2313.30,6776.79,5265.29,9525.64
5986.84,7434.65,9548.50,1318.26,2377.50,9256.53
1382.64,5767.85,2457.21,4499.76,4974.14,9053.88
5066.15,5177.53,8493.21,5015.69,7486.51,9078.14
1635.60,849.01,3525.67,4421.81,5545.36,6765.89
6079.50,5956.11,3616.50,8547.30,7814.93,6962.99
3463.29,5327.62,2295.76,8782.86,4817.52,8681.03
9028.34,3622.59,1215.93,8516.33,7131.91,2090.08
3722.58,5590.37,540.72,6667.98,4085.78,2325.91
743.78,9071.93,4074.36,8979.03,9341.27,6429.81
4385.48,4746.99,8575.07,999.44,7005.69,2893.43
1318.17,7895.53,2098.14,5337.76,5123.93,7158.93
6882.55,8194.86,9231.30,3190.68,344.40,3715.69
8700.85,29.38,3181.60,7254.48,6268.76,3449.75
8219.33,3929.76,1699.00,4639.83,33.29,33.76
4046.63,6604.76,5903.71,7508.37,8700.36,824.86
9844.30,6668.00,4352.13,4710.33,998.69,8756.54
3220.59,5931.80,9744.70,6326.42,2701.33,2101.61
8303.47,2043.18,5253.47,8739.91,4453.38,7425.63
7258.79,9428.99,938.44,9671.92,8569.46,3722.31
8032.42,7412.79,5231.28,1392.02,6815.23,6790.07
3747.76,1423.76,5517.03,7685.44,3453.22,1682.77
7340.16,1610.44,5541.51,1193.37,1263.98,845.80
1967.24,8561.67,8748.87,7562.99,1507.10,6300.00
8004.13,407.44,2333.93,4484.81,2836.90,6424.85
3743.48,4387.70,857.70,9479.09,6897.26,1449.76
432.72,3024.22,7656.18,1365.73,8315.05,7196.56
6009.51,1556.41,5602.88,264.67,384.67,2276.43
2730.68,616.75,2284.72,711.03,3826.67,9473.77
3315.29,7718.73,1116.23,8809.37,8160.21,1117.61
78.23,6206.81,4766.22,9292.95,7102.44,5641.26
6572.57,9115.84,7209.64,5879.38,2106.16,9273.50
8506.81,8206.34,4234.19,5981.91,3077.23,6504.02
224.85,6957.30,838.75,4605.23,8816.35,4755.80
1213.96,8776.34,3013.36,8155.10,1473.84,1749.86
1764.44,1823.55,4339.74,7804.60,2237.30,4925.45
5007.01,6838.76,2083.09,7150.39,2520.61,490.24
8022.74,2769.13,5014.36,3964.58,3800.45,4076.55
1826.56,2714.96,6616.91,7080.43,638.94,3161.14
7560.38,9062.77,417.56,6132.19,8965.07,7016.77
5222.19,2971.71,7495.76,9817.95,7539.60,209.09
5518.43,8235.18,6990.27,6443.87,4908.97,2430.28
7414.69,6654.63,2701.92,5173.62,9329.27,9797.54
1291.52,5913.20,7855.76,2966.45,4159.75,983.95
3201.76,859.72,1436.77,7149.42,5079.98,7440.28
6379.56,5550.13,6724.56,1329.65,507.72,5601.30
2915.64,9108.19,8903.28,1715.67,7224.57,3515.28
4804.92,3042.77,296.30,4183.80,8242.40,7344.17
2739.30,9117.71,4112.15,4544.14,9126.45,4618.55
8366.78,1592.20,8328.18,3438.51,7210.76,6770.60
61.88,1570.63,1495.26,1125.21,9638.89,9967.91
3323.43,7374.64,7247.85,1788.44,8046.64,1121.71
2758.18,8393.33,2410.13,5620.97,4505.13,8030.00
6907.78,7270.28,2652.23,3897.29,8548.29,6674.91
29.39,7694.87,6068.71,2530.02,2285.56,6427.23
9014.04,3265.23,1241.89,2971.03,1864.15,8769.00
2366.99,7661.29,7434.38,1089.46,7230.02,4640.62
7405.46,7478.32,410.26,1888.98,5766.87,5376.84
1344.61,3392.95,5112.67,9265.97,9161.59,8353.87
2732.58,4976.28,7192.01,6952.75,1229.89,9638.07
9270.10,1421.48,2845.69,212.79,2497.46,7194.00
490.97,4114.89,6455.63,8635.69,703.27,4356.01
1372.82,2616.97,8278.30,7715.92,6881.48,6456.40
9922.21,4525.60,2065.53,1939.28,3965.29,3637.75
4588.12,9587.50,1536.45,9539.04,7749.37,4102.85
3679.62,7051.95,7885.20,7410.80,5534.73,2572.52
5282.98,4014.24,3244.88,6523.86,5609.71,3395.25
9234.00,5595.36,7659.34,8278.08,5412.32,1839.18
3133.59,4822.50,6547.94,1537.45,6882.19,3613.11
4752.78,8852.18,4277.42,3353.46,6030.48,6052.59
7083.97,5.93,7507.56,2450.56,9311.33,1102.18
1205.98,5506.19,3821.69,1299.56,2681.58,72.13
9582.48,8091.47,7272.96,2196.05,2088.98,7546.16
655.33,7707.16,5005.77,6245.69,6366.14,3735.65
4090.49,4555.19,3932.23,4426.36,6209.55,531.66
778.35,3648.53,2328.14,6700.56,2527.35,9922.87
5970.36,6798.53,7696.88,9173.84,9077.90,1095.84
1289.03,9498.84,8289.28,1723.70,4267.57,1615.08
6296.37,9220.37,7312.45,7234.61,8327.68,73.13
5044.43,678.66,8912.47,8722.84,1260.98,2536.11
9551.23,354.10,7207.68,2307.99,9823.99,4291.88
3703.75,6287.49,1177.67,803.46,6021.71,8760.09
7880.40,2159.69,2470.27,9369.05,5763.86,8366.82
6516.37,6868.98,8297.98,1764.00,7473.94,7387.80
1307.03,3797.68,4757.46,7514.98,9010.71,4059.16
7863.55,8892.74,3513.74,3676.69,1037.58,2701.22
3942.59,4901.97,5310.79,4746.81,1293.80,3116.67
6914.20,2144.12,2043.41,1464.75,1990.78,9952.87
5722.95,2904.86,1086.50,3324.30,5733.66,391.07
1565.46,8905.78,2033.83,239.52,5869.03,7810.73
247.10,3638.58,6153.30,5349.38,2653.83,2513.82
3703.47,7820.83,1195.96,38.44,7294.48,658.55
7781.48,6419.12,7567.06,7600.97,2365.43,1201.99
4016.80,8572.58,7998.11,4550.76,4759.34,7088.88
1339.06,9443.27,1224.56,9955.21,1279.32,5893.76
932.75,7949.29,1378.76,6086.37,8956.55,7854.44
7366.15,7326.41,9072.92,1940.68,922.25,6080.63
227.79,9336.36,1928.80,3420.17,1717.15,6432.39
8185.96,9039.91,8971.07,5862.29,1266.92,2211.57
3819.58,7935.79,990.19,3445.39,9446.42,5059.98
3303.08,8304.21,3042.58,9905.92,699.77,7243.35
3561.95,1686.06,4703.80,9582.07,1457.59,5264.22
3176.29,9551.99,939.57,476.39,9809.23,2472.54
5091.16,4208.33,49.21,1675.60,4302.28,886.07
498.06,7883.96,2755.11,8112.70,1218.89,5899.11
5878.19,5902.18,9372.91,8597.19,1228.83,759.06
1480.43,5959.54,9311.50,9108.48,5339.95,1771.41
1141.01,3712.17,2062.30,4960.63,3906.11,3540.32
4253.35,5711.35,4449.00,9781.91,1611.14,4559.08
6804.91,2737.00,7077.22,8530.63,3286.47,978.71
5851.71,3461.53,4459.01,1481.86,1790.65,1740.32
839.96,9941.15,2545.45,6490.83,2379.26,4670.25
2379.78,2298.91,3693.42,9165.17,3132.03,2223.41
5928.06,8905.35,5858.36,2600.49,5654.78,2690.09
7021.97,5999.87,3232.59,8654.45,9564.39,500.58
4226.55,431.22,48.15,491.74,3110.92,2531.10
4736.88,8712.83,9630.84,6000.58,6299.46,8044.96
9631.89,580.29,570.00,2067.85,2067.97,6471.81
6699.43,746.40,9069.22,1647.94,4901.61,8273.93
346.47,172.05,5318.23,7238.22,5460.50,1252.02
3829.88,9183.70,4727.44,1923.68,5414.57,9209.15
898.16,2448.85,1075.43,2975.55,7114.69,9868.62
126.51,8778.61,5932.64,1565.33,2436.94,6879.18
243.49,8086.07,1560.31,7627.70,8100.80,4036.46
3441.21,4478.33,8118.50,4566.41,7425.91,3131.85
2081.88,5873.59,4304.85,7725.47,9341.90,6352.62
6625.73,1754.14,6315.21,864.28,7876.47,6650.97
1329.81,7953.85,6481.86,9831.80,8539.41,7717.23
3693.38,3905.95,800.81,5637.66,4325.12,4373.52
5847.07,6745.90,7026.84,2586.13,7851.05,2742.87
6168.50,7947.16,9477.92,4867.46,1643.47,1244.47
9965.69,2627.01,3994.31,5572.14,7972.27,5702.50
1345.50,1402.60,795.08,495.41,3208.40,3887.55
8425.26,6512.10,4694.56,2142.72,1966.45,9912.90
3272.37,3642.22,7044.04,7711.13,6106.56,3579.91
5257.85,1568.08,3449.98,124.51,260.66,6162.61
3985.57,3235.98,763.90,5487.96,2387.08,7654.84
418.94,5263.56,527.57,5179.87,8851.08,2911.42
2386.03,1958.80,6964.65,1267.18,6561.07,1652.63
5249.06,4951.58,2128.03,367.60,6185.76,4465.83
3507.05,6057.09,192.88,3592.80,2758.57,8544.08
5480.98,9029.72,4885.64,6715.27,5995.60,5764.83
9148.15,4156.65,2026.34,540.07,8127.88,3014.55
6089.24,4595.65,4317.83,7551.70,3257.35,3067.52
7220.42,2278.59,2955.92,7139.61,7504.40,5307.78
1981.35,2596.39,2826.04,5615.45,3973.16,7221.40
234.08,3050.50,4046.03,2811.02,2464.09,4657.69
8998.71,6103.88,7105.77,7664.73,9238.21,925.39
1457.32,7764.61,1228.37,268.18,5396.38,6751.62
7525.03,1493.41,9823.65,7927.84,7306.50,4663.02
9818.95,8973.77,3077.68,1432.54,2176.48,5454.78
6146.34,2840.06,1115.45,7245.01,5727.35,7837.60
6264.98,3323.32,4695.45,961.14,3174.46,893.91
2224.35,2085.07,848.98,674.90,5898.07,1474.02
5254.62,4632.42,5533.11,2716.66,6561.64,807.47
1394.61,9309.85,4244.58,7330.48,4595.69,356.97
87.13,6960.32,7909.74,1627.04,2000.06,530.79
5098.16,2542.10,7711.38,7982.17,9081.61,8653.83
1691.08,5672.86,5916.08,9777.90,7936.80,3815.48
3796.70,4844.24,9345.82,8561.68,4926.85,6400.29
2976.63,1024.73,4883.95,2238.10,4232.70,7841.29
5820.13,649.64,5723.41,6381.47,7944.46,5106.24
1221.86,5586.01,1485.25,3739.93,7723.19,5451.44
170.34,2680.58,6387.22,6604.64,7874.03,1075.61
6565.39,6432.34,7114.49,141.02,4590.05,8562.82
3151.20,1502.09,6549.86,3558.61,1249.76,2334.26
6790.90,141.81,760.73,5116.68,8964.61,2123.64
3438.92,9576.97,8282.77,4677.38,2293.98,7529.46
2799.34,5736.27,7514.38,4274.31,4380.96,3489.89
8647.81,1809.24,2564.93,7470.21,3111.87,2599.90
866.30,7651.96,7654.96,8588.61,7752.07,1304.23
3754.94,5333.97,2095.96,1733.52,22.24,4232.22
4381.61,3826.81,5181.86,7915.82,1851.77,5711.34
3089.43,253.46,9549.02,869.83,7680.62,7851.73
2987.25,3859.37,5284.22,2510.12,3570.22,4405.81
2880.62,2228.82,2409.40,526.69,7083.29,1924.50
5631.07,3916.73,9670.14,7853.76,4035.31,6084.97
9802.62,8344.94,2826.05,8245.73,5727.66,8852.22
3775.13,6449.86,7095.07,5298.62,9155.89,6115.82
2238.10,8974.83,6650.64,6185.38,8677.06,3426.57
4662.86,3369.97,1839.37,271.38,1754.68,245.47
4605.29,7493.17,7532.25,9782.03,4756.98,7275.35
4358.66,8452.95,1296.75,7166.09,9602.15,2341.49
5170.76,9090.82,998.94,9194.12,1921.18,7136.06
3531.07,7138.97,1596.81,8271.23,2466.03,7753.83
12.91,3104.64,5974.62,9122.08,5721.33,6410.51
4472.73,9829.02,4617.15,4660.20,1685.59,4340.41
3818.02,4722.02,1604.33,7558.43,4494.61,24.32
8249.75,2730.85,3721.30,7485.17,3551.54,7768.53
5914.22,3216.50,8260.24,9888.83,1419.08,5184.44
1858.04,6804.57,358.49,1160.65,9033.87,2101.85
6830.62,8437.58,2842.39,349.83,4285.52,8726.48
8936.87,1360.33,8621.65,5253.18,6575.84,442.22
6271.57,5829.83,695.52,8474.21,1394.75,7851.11
9459.65,5662.76,8971.04,2924.08,3099.55,8172.73
1497.44,8326.58,8351.56,7255.84,983.24,8436.25
7852.86,5177.61,5101.85,8461.05,7861.33,7522.11
5568.08,2880.90,3660.58,6727.95,8773.72,6159.13
6526.93,7551.32,3648.12,169.80,2994.66,374.03
9541.48,7279.05,529.24,3847.35,7975.19,2964.04
9639.90,8978.73,7822.62,9783.13,273.02,3124.20
1873.48,8507.53,3812.16,3158.32,4537.24,4037.46
9151.75,5086.36,2479.93,9697.32,6846.55,3388.91
442.89,6969.28,6942.38,6535.95,2647.15,6616.90
2021.43,4012.83,2293.79,1612.66,6898.45,2378.78
4540.53,8497.30,1988.79,70.81,9189.39,5919.38
6659.69,3278.84,1683.02,4883.68,4235.87,8142.03
2229.67,9322.86,806.61,7206.92,3382.21,7037.27
1712.60,6886.54,929.14,4880.73,1327.83,2429.00
3012.19,7046.88,5707.12,8189.34,424.62,2454.99
6717.85,5897.12,38.33,9027.63,5522.45,7801.55
8304.57,632.40,7557.72,5168.91,8094.39,4428.27
1933.01,9367.04,8691.84,4953.33,1212.15,9619.91
658.28,7364.49,2918.61,202.81,5159.11,5371.85
9573.50,9419.34,8675.95,4598.65,7694.78,6974.43
3160.25,4356.83,6595.15,3735.57,8514.18,9864.17
3487.67,2742.69,8075.08,5302.09,6706.91,7597.35
5768.05,6374.78,1558.28,5812.14,5515.76,2720.14
9062.15,1745.76,583.87,5479.28,4462.63,1657.18
4257.31,863.39,1266.86,459.28,2786.80,1317.35
7556.84,6755.76,5259.72,6805.46,1265.28,4951.98
3227.05,7409.13,822.09,2455.28,4725.31,3616.03
7880.29,3069.63,4187.34,8169.93,9490.54,3925.70
1190.73,629.00,9336.76,772.21,6010.23,5761.36
6427.50,4606.37,1720.74,7904.92,8501.55,3173.96
2038.01,3923.91,9092.91,5272.04,3341.22,6331.90
9935.11,9455.96,6055.79,7891.25,4819.79,6761.72
7999.92,3694.41,6869.53,5708.08,9738.82,7581.91
1851.84,4774.46,332.05,4808.32,465.37,328.59
2976.64,7945.84,5529.32,7290.30,4564.03,6298.14
5824.09,6187.42,9475.63,5477.98,7057.19,8087.29
212.08,6632.80,6759.23,3952.54,2107.83,1124.15
1031.92,5432.76,5304.56,8162.45,2116.48,2817.08
8003.00,3102.08,2416.17,3805.85,97.47,2836.28
4910.90,4675.74,2067.67,5641.57,3839.43,861.89
2755.43,8309.38,5303.21,2279.68,3483.07,587.26
6258.83,3786.82,3570.36,3224.07,9917.60,4078.17
9130.12,9083.75,4061.97,5369.93,8476.54,7108.54
8103.41,1389.75,2449.15,1470.24,2853.61,6900.39
1012.69,1221.90,9466.87,1433.51,3274.36,1520.97
2844.44,1609.57,4967.46,5876.93,8490.31,5363.30
5200.02,6215.18,2848.94,4369.34,7964.29,1422.45
1388.86,1675.10,2005.31,4377.42,4559.98,6327.97
5731.69,8924.36,2547.35,1476.08,6883.13,9535.16
7724.23,8716.45,7687.91,1167.55,1750.91,8601.40
2720.46,2705.18,4000.73,5984.97,2459.33,4336.51
9499.96,4515.78,6451.63,3861.07,6628.65,8619.26
1369.19,2121.92,9281.31,531.86,5949.48,8006.78
9588.12,3662.45,8884.40,3409.31,5564.68,2314.91
5610.41,9458.56,2206.72,4103.55,7366.50,4383.98
5387.75,908.22,7719.27,7375.42,9761.41,7248.47
8747.35,6919.30,1975.81,1532.47,6969.04,3013.67
2704.69,4835.47,6459.74,5914.73,341.23,413.32
2582.91,3746.39,5033.85,69.40,3934.96,5066.73
8761.18,9054.96,5753.04,9005.97,4538.94,7888.99
609.02,4314.94,6058.74,3989.37,1223.04,9670.25
600.52,2132.10,5411.44,9155.28,869.22,6105.48
2836.05,6671.75,6180.37,1021.00,1046.65,6638.78
5805.15,5821.42,5959.49,8073.24,3940.84,5196.43
1117.86,1141.81,210.60,3012.01,346.16,5590.15
6723.20,6747.01,4029.79,786.20,6852.37,7267.81
5848.11,1067.84,5517.70,524.74,4858.70,7979.47
4884.08,1505.50,1580.92,2925.01,7565.74,3168.93
2571.41,9127.40,1648.55,1051.63,7807.25,3214.93
8701.96,9592.34,7578.46,8509.28,7824.52,551.12
3027.49,1578.56,1460.12,3866.04,3149.15,2542.17
1515.98,6008.71,4008.36,941.11,5334.65,7455.90
8859.96,2820.15,2938.78,9063.25,7053.38,7858.38
3939.36,1189.71,5611.76,8207.23,1142.82,1040.89
6082.29,8245.06,1000.18,475.63,7318.41,2629.41
8864.69,2829.37,1199.52,1963.93,9149.11,471.80
7053.04,8191.78,1765.28,6221.65,4814.04,5005.11
9684.82,8927.43,5243.50,6319.05,8622.05,7697.97
3265.70,2251.34,2720.78,8394.67,6674.01,3655.56
9981.83,141.05,8757.88,4678.08,9319.05,2348.09
7899.68,3792.10,9501.65,1914.62,117.27,7228.19
4286.21,4502.25,2689.99,6709.57,399.73,4598.31
4302.80,480.82,7493.61,4649.50,3653.93,9409.03
1164.46,9765.36,3300.12,6129.13,8330.62,6734.14
3868.73,2705.63,7240.81,1251.65,7470.52,1911.93
8714.87,9004.78,3983.47,1531.27,2669.94,2694.70
9858.92,5108.03,2331.59,3900.61,9087.48,3260.01
9599.97,8360.39,2434.87,266.63,8434.51,3628.76
4583.10,9948.70,1229.37,4984.23,1425.23,6106.34
7595.15,5882.68,3267.39,298.22,8752.39,4203.16
6295.32,9734.73,5163.47,7372.78,2254.61,1910.12
509.50,3317.67,5665.58,2984.17,227.01,582.15
6114.23,6951.38,5015.35,5052.02,7094.77,6507.37
4584.77,1616.28,3356.88,8748.32,9371.93,3512.72
1927.21,1278.59,931.60,562.52,6438.33,6319.61
4690.09,1575.62,6719.66,6604.31,6558.94,7276.97
51.38,4029.92,2284.48,6637.05,6714.23,5731.38
5769.02,9972.91,7598.67,4783.79,6378.56,9549.87
2618.88,338.58,6254.71,478.07,9924.53,7124.56
9858.28,9530.25,6019.05,8720.46,2358.59,6468.17
1576.42,262.29,9411.03,3279.25,6746.99,7717.45
2451.41,2654.88,3630.12,3636.01,696.02,7754.83
1921.34,6669.59,8610.35,7473.11,3332.52,7136.84
6869.89,6782.61,6081.16,7310.85,8337.30,2617.76
1745.17,1390.32,4907.00,2750.03,31.97,478.91
2720.33,641.86,1349.31,3325.65,5171.97,3434.78
7652.63,725.65,1275.96,4349.38,1815.13,6002.65
5990.11,5294.78,604.10,6051.92,5775.02,2212.24
5759.25,9364.26,9358.67,9390.58,396.04,9414.45
3958.70,4268.11,8588.67,2403.14,7238.97,8420.54
4768.76,2629.67,166.91,5495.59,6361.93,7732.46
9360.88,5605.78,5249.93,8189.99,5067.11,4824.47
610.75,8564.22,6335.56,7020.82,7097.24,9793.41
2803.66,8823.14,4481.59,4979.06,3315.00,8965.43
2119.78,7607.17,8939.64,1739.96,3099.64,417.05
3038.52,9062.86,2270.22,5233.74,744.06,46.87
5731.35,6387.65,5647.71,9103.79,7400.20,149.44
7047.36,9734.43,4061.15,8007.48,1596.49,3418.40
8833.29,2963.34,5327.27,6968.35,1104.19,7620.91
1182.34,8304.09,1912.56,2706.59,3917.87,4872.57
9543.83,6951.22,6188.88,1691.92,8446.04,6380.25
6700.86,9217.99,7137.65,7187.08,2931.36,3258.53
3639.60,6260.93,1275.19,3153.39,2506.81,2316.94
9638.41,1468.00,4453.75,9933.39,611.60,3252.61
9659.21,1113.53,6095.06,4495.61,9165.22,2577.20
1467.34,6938.15,5051.23,2167.76,8789.61,8891.54
5181.77,4731.56,8044.17,5228.13,9771.15,8294.75
4361.82,2237.37,9439.81,732.59,7631.77,7785.19
2620.69,4551.92,1510.18,6365.14,6714.30,231.28
8852.92,5042.90,7587.63,3786.01,6889.13,7357.52
444.33,1825.90,9778.31,9209.64,7451.05,2336.80
2777.73,68.76,5737.34,8719.78,4668.94,2638.54
7170.23,6979.77,4349.37,6189.10,1063.82,5913.45
6818.85,5415.17,7069.85,8888.20,9270.06,4969.01
8030.27,1294.93,1301.89,5535.17,814.40,9155.51
9233.89,8410.01,6810.04,1294.41,7226.11,4140.74
281.29,1561.15,640.67,8747.00,4422.45,5414.54
9161.27,8048.77,2948.03,4796.89,3890.36,7153.22
7472.88,267.49,2216.37,5604.38,9679.42,1702.15
8161.32,7153.39,2552.13,7970.78,1906.60,933.59
8137.25,4560.92,3899.42,7641.78,5313.52,2141.60
4902.46,3064.14,6985.51,8347.94,7726.29,3834.92
3085.04,5267.60,5632.05,9227.89,8867.93,2824.78
5305.35,1337.53,3560.63,4726.39,9284.52,4170.50
5306.58,5626.33,6357.35,1308.43,8880.12,1419.05
3197.07,8441.33,5036.46,7474.85,3894.81,4987.68
5571.35,3758.76,8390.30,6955.62,5828.46,8343.66
5342.94,9954.23,6798.25,4057.73,4996.80,3106.30
9370.05,2677.90,5329.52,3978.17,9353.63,3544.58
5458.64,3359.95,3364.88,9404.69,3621.26,2765.56
1440.75,4695.45,6637.38,1044.26,2061.79,1151.52
1365.86,4442.58,5869.20,2896.41,1890.61,4176.98
1541.69,74.94,6878.39,6110.57,71.42,32.12
7764.85,7471.74,4623.76,7110.09,3585.71,987.30
2332.71,3954.56,6498.93,5815.33,6017.35,8155.11
7636.96,3770.31,8364.32,7457.40,4809.42,4750.92
981.37,5734.40,736.76,5029.12,3706.03,278.36
4059.81,6769.81,2264.47,9680.64,1543.83,5573.64
5202.41,5435.58,2295.31,5314.62,8709.95,7766.93
9131.59,7142.29,1711.38,6417.12,809.75,746.67
4702.55,2883.38,9651.45,9783.72,536.10,9011.20
731.94,4592.81,2558.22,3125.84,4039.99,8026.17
5.43,4153.84,1368.74,1846.15,8246.02,2160.38
9445.13,4909.51,1978.66,8941.62,577.86,1143.68
1692.71,2500.31,9719.79,7347.82,8794.71,4176.92
6275.08,7684.67,4759.31,9373.41,9291.50,1660.55
455.53,9533.74,1211.34,1826.71,8824.13,8293.23
9425.51,3246.66,4779.27,5846.44,4289.33,5625.59
1307.72,5831.26,8804.04,3580.16,1842.01,3923.44
8638.23,8812.06,5689.39,1448.58,2686.64,594.06
7980.07,5650.73,1899.27,1084.17,3150.13,9924.40
7869.92,5847.75,4921.46,6864.25,5911.94,7127.23
2721.28,6381.33,7853.75,1085.73,4923.84,5558.67
866.14,9625.58,8126.16,3196.65,2741.57,137.57
28.97,8620.53,5887.16,2074.47,515.74,2856.60
6658.60,1125.86,8813.52,4227.42,1805.78,6553.10
3936.34,5091.29,6025.05,7342.32,5074.75,7170.20
3754.16,4109.98,8397.07,7231.74,6508.92,8543.11
7852.68,8994.04,6101.44,1487.68,4317.01,4692.81
8685.95,3893.21,2764.09,7936.54,9792.26,6700.87
8490.94,5570.44,164.31,2863.61,6896.01,7835.91
2786.32,8541.76,8090.69,2935.68,7766.77,9552.76
8.13,9829.59,4484.24,6626.23,7353.82,5552.80
6694.89,8877.70,178.65,3952.24,7878.32,6984.10
5980.60,6666.64,8586.77,412.66,7967.55,7985.79
9780.78,8226.12,3372.76,9649.31,5845.87,7013.95
327.55,3347.71,9594.19,4970.48,3783.55,4357.52
3912.77,1895.83,1015.11,9129.68,5417.37,685.71
4061.66,7451.42,2327.27,4999.38,3686.79,1174.13
2301.69,5134.69,4786.77,8107.43,7787.20,8923.96
7681.85,1796.32,8724.94,2519.08,3215.47,1382.44
1851.60,9285.80,6908.35,5190.31,2185.19,600.22
2069.87,6298.30,5844.84,8383.20,6022.75,7291.93
8266.07,7413.18,5705.30,7866.02,6364.74,1464.24
4553.66,6202.96,9894.82,9720.00,7155.32,3617.04
2080.93,4192.70,1708.22,8574.11,8393.14,7928.76
9367.00,9980.75,3659.79,860.57,4040.92,1714.09
6472.35,443.00,3169.33,2344.54,2308.90,3862.26
641.25,707.53,6603.50,1267.11,8972.64,2315.24
7850.48,6552.51,3663.84,8692.48,4586.46,9654.79
6995.02,3620.60,7611.59,8771.81,4301.44,9686.09
8256.00,8162.14,9128.72,8007.05,8628.03,3304.16
6761.18,5752.86,8414.30,9845.00,9266.01,7692.29
7105.12,9144.68,3653.53,5310.97,4908.44,2702.72
1802.81,5046.85,7670.22,9615.46,1680.48,7396.50
6684.92,9863.98,2751.98,4219.57,5705.29,5391.70
1257.54,90.18,1691.70,6147.79,2232.49,132.65
573.66,761.69,2721.72,3715.57,5874.91,5002.13
2255.38,8674.10,4635.14,9536.50,1948.37,154.67
9097.85,5341.56,7805.48,1090.89,2728.93,5169.27
8499.52,93.08,9521.48,4272.11,7804.28,8644.90
9149.81,7645.18,2359.93,7180.00,9783.81,3145.84
6419.73,3036.78,3736.73,810.69,6023.69,172.85
1178.46,6801.78,7201.30,4928.04,6834.43,6911.41
351.56,4573.42,956.12,7678.04,9330.28,2626.31
9810.05,7392.19,2117.44,8105.90,2384.45,8861.70
6623.14,5218.59,8392.32,422.90,9234.59,4586.90
9567.97,3759.10,7965.05,939.63,1798.30,7512.35
3465.98,2050.74,1970.51,7751.61,490.27,599.72
4907.60,7486.07,64.56,5106.19,7491.09,8848.95
579.85,2604.38,5026.89,3602.44,3390.70,9499.03
4751.04,6731.79,3588.51,8988.94,9205.51,8121.21
6952.63,8789.79,8414.84,7897.92,8302.74,1433.84
5274.37,6104.66,2541.73,8975.67,1535.43,1956.24
4807.39,6386.19,9096.45,3256.59,4545.00,6958.86
8023.67,1476.69,3835.04,4406.48,1463.73,6621.26
5217.27,4243.95,5521.07,1258.19,8565.51,4291.50
564.17,7109.75,6390.46,6455.71,1848.51,2832.50
9415.73,7335.12,8949.28,9147.42,8785.55,9893.30
6619.49,7256.37,5456.25,2359.78,4102.49,9522.54
550.12,7527.18,2849.82,2968.02,5619.02,1730.35
1228.47,176.77,5162.55,1583.54,5713.00,2901.56
5405.46,3586.24,8235.02,2945.89,5302.55,8247.53
2723.33,3275.25,4101.15,8550.29,8958.94,5644.38
9484.19,6287.78,8777.82,8487.37,240.74,7871.14
5224.19,4314.85,1960.80,978.63,7858.75,9209.34
6635.52,4465.28,7847.84,3887.20,5888.25,561.29
5421.42,5799.40,676.14,8227.83,7708.61,4141.10
5991.27,4865.52,8178.75,2532.40,8695.92,5870.35
1386.52,2383.21,5261.80,8947.01,9570.96,5637.63
9652.50,1222.75,8682.89,8928.85,996.99,1972.76
3773.93,314.72,7686.78,1861.94,3577.91,7081.30
3831.09,6401.00,7234.17,9388.01,533.87,9840.72
2197.39,6940.02,7702.70,773.16,7020.88,1608.30
9591.69,5368.25,7707.68,5131.63,176.56,515.88
3091.56,2581.85,9775.49,7550.74,2734.20,1036.36
6831.69,4690.06,7099.75,6653.54,4663.96,5050.68
2358.01,5077.95,5960.61,1523.73,7653.69,3588.56
6674.51,2608.76,6875.43,1474.76,3366.81,9913.99
2165.62,2086.16,8207.88,8406.12,5545.95,1000.07
6885.15,9731.18,1509.36,5583.01,8805.13,1573.40
2467.30,4068.87,4671.01,4508.91,2126.01,9783.64
8121.19,5801.28,6023.28,3736.33,5952.21,7780.15
4423.34,5453.43,7603.16,3089.37,8180.05,9947.96
8760.54,5890.64,2451.68,4268.05,7198.00,9144.95
6352.64,1404.73,6913.49,7991.38,5153.63,3674.72
4751.56,1177.13,6263.29,1807.81,6149.22,3465.30
1329.63,9268.44,874.91,3443.87,3284.52,5499.73
7084.27,2383.42,7868.65,4834.07,3892.54,1984.90
8958.08,1021.80,37.08,9790.19,3196.95,8575.93
604.68,2999.82,5613.46,6971.66,6386.15,1148.22
3849.01,7167.97,1924.07,7806.74,8270.94,2051.85
969.88,4345.72,5033.01,4693.89,9009.09,9886.91
6115.38,6130.25,2034.75,7906.45,992.73,5185.29
9887.27,7963.04,9361.18,4244.21,2087.14,7828.14
9085.89,6901.80,9338.47,4074.47,2578.17,6527.56
7241.53,1680.82,7225.96,1492.89,171.58,3157.69
4288.71,8808.53,2756.72,4676.81,781.48,8137.66
3238.39,4241.46,3727.94,8407.96,8113.70,5995.28
977.68,8695.82,9357.13,8239.21,1201.83,4039.66
8007.57,7698.03,6498.01,6941.78,347.71,2038.00
3909.01,8058.84,4572.28,811.23,6285.68,9122.00
2061.50,9934.10,9601.62,886.31,6939.24,5240.44
5652.31,9133.92,5093.91,6319.97,1863.23,1206.16
552.17,5530.29,2494.42,3665.39,8287.25,8069.27
5724.23,1268.56,9477.56,4098.18,1144.38,1449.62
9349.26,1758.93,2978.47,4639.43,404.99,8909.09
9676.51,5688.98,1189.44,8613.35,9352.72,6762.80
7191.30,3655.55,5679.46,4468.56,8259.03,3394.65
7745.88,3067.41,7794.10,2705.57,9967.95,5346.35
3673.73,6064.70,2235.85,7497.48,5925.42,9017.86
1222.66,3216.83,7863.81,3929.31,6363.63,3446.03
5277.37,8913.21,132.07,2750.12,7153.33,5307.75
5004.73,335.58,4032.90,6732.06,3476.94,3102.60
2323.57,7577.88,7122.12,5874.68,5098.87,7647.17
9363.91,5018.35,8076.38,9023.25,1670.15,3992.83
4978.83,1315.46,9011.74,9486.02,7869.91,9972.89
5226.69,7702.77,9631.61,1253.16,1912.36,8600.57
3192.80,1978.58,6732.13,5504.77,3311.48,233.70
8270.86,2404.41,6598.61,8193.09,5893.67,7787.60
2387.24,9889.20,9758.70,235.54,8975.10,2079.52
1922.48,7383.64,893.70,585.07,933.52,4869.03
1924.34,6650.88,5861.88,4754.12,4491.53,9494.35
796.01,4667.74,9210.40,297.68,2062.84,2260.34
2742.99,7750.41,6416.15,9292.27,4262.82,975.12
1767.94,9597.48,842.39,9593.67,4732.93,7633.73
4678.91,1176.81,9608.48,4206.08,9406.39,8389.26
6137.05,3218.08,3469.48,4561.48,5859.22,1662.19
40.96,2391.30,6347.56,8368.37,961.48,2527.08
7027.22,3650.30,3859.62,9296.44,3480.11,3998.00
303.93,9883.24,2820.48,1801.08,6722.09,9290.07
6146.94,3967.28,6926.88,9605.70,8292.52,1558.16
5909.43,4835.03,5415.20,5098.00,3365.63,2429.42
6201.38,7807.86,5549.68,5250.36,1203.03,1535.30
7311.77,6746.31,2317.24,191.60,9514.86,5556.34
2796.58,449.65,5240.16,6997.17,5516.54,793.44
7716.48,5662.23,1617.45,2191.72,4509.19,3362.54
5441.26,2463.83,5104.73,9872.88,5434.70,3188.54
4540.94,7163.47,2756.36,6835.85,1165.79,4094.82
7827.12,3724.13,4692.43,5943.34,9885.55,229.32
570.22,6162.68,4028.13,8783.82,343.43,7385.78
7985.69,7899.94,1148.00,5418.95,1245.20,8995.90
7259.41,5686.44,5038.37,2773.16,5466.20,7071.43
7610.01,5442.33,366.60,2273.32,3110.41,9582.01
730.55,8683.78,8364.11,1966.24,1128.04,4295.11
3890.35,8189.14,441.60,4425.73,7679.56,8395.40
3857.22,5939.23,7563.19,8083.44,8902.11,5039.43
9134.01,9253.49,9397.49,9319.32,6513.19,8037.44
2822.48,1289.14,8157.20,4370.38,6522.23,6748.31
4595.66,2748.60,3718.97,4043.47,9918.88,3062.24
8694.95,1154.41,9943.17,6256.02,1674.70,2643.44
9753.99,8394.90,5581.37,1050.85,1087.12,5070.63
9687.81,6279.39,8348.81,410.49,5918.19,5341.09
3308.19,3941.59,1425.43,1119.60,3741.77,8798.36
8747.34,1358.68,476.93,8189.53,9548.40,6878.28
4930.08,4369.00,2282.35,7971.93,5439.10,4493.47
5683.21,4801.69,6974.11,6878.63,2070.36,7289.50
2746.65,3913.19,1335.90,440.35,729.38,5895.55
5318.28,4087.99,1197.40,9065.22,5971.22,2274.41
8697.83,1631.65,3115.17,833.54,4343.16,3617.16
9716.98,3713.66,3861.12,8198.90,1987.91,3222.94
1255.49,5820.45,5091.87,5515.18,3571.03,4197.54
4276.85,8173.44,2385.57,350.76,8659.51,960.37
601.70,2045.29,8880.80,4472.80,6390.31,551.72
4312.52,9558.11,6145.68,8906.77,4082.48,8232.96
2527.17,9911.69,3633.74,2811.93,8470.46,1926.04
797.73,7626.89,4677.26,2637.80,7406.07,3232.75
360.23,2955.28,4218.39,4443.18,3974.29,114.53
4245.29,3138.22,4442.05,2753.37,8134.22,3945.84
9490.44,264.11,5861.25,2310.66,6529.01,2283.62
8809.25,9393.64,7331.46,6348.06,8443.43,6845.84
1374.62,2011.12,8186.85,3028.69,2615.05,570.65
6514.50,549.24,2893.32,2902.41,6396.20,2360.98
6736.76,9126.53,3929.61,7434.60,3292.92,7803.39
3136.42,9264.09,7402.04,5458.61,412.48,9513.89
5604.83,1381.09,3020.07,3860.04,4461.24,7953.55
9002.83,7865.98,4689.07,926.77,8224.97,4340.74
7560.70,252.38,7920.87,6248.86,1009.82,1834.87
8542.82,4079.40,8303.51,2402.18,8188.91,7258.77
5887.68,359.70,9283.84,7855.30,6941.48,4741.35
7425.30,8012.46,1766.47,8164.18,7667.88,3784.43
4371.34,7492.94,1930.60,2086.28,3280.57,4243.45
5372.86,6455.99,6871.82,7044.31,7368.92,8154.41
54.76,4940.56,1828.34,6229.36,6638.74,6862.74
2374.07,424.43,422.63,9429.11,2476.85,4882.78
3024.98,1475.51,7349.33,5213.78,382.53,808.15
7035.94,3098.46,9780.19,5059.44,3235.37,7483.63
7535.38,394.20,942.35,745.46,2396.78,7771.28
350.47,1373.96,624.41,1867.24,5872.97,4823.37
5572.80,9905.71,5583.96,918.30,3470.45,959.61
4340.67,8833.56,6895.18,4528.17,2153.69,7511.03
599.01,9085.08,7089.53,4169.49,8346.36,7915.15
7673.87,1267.02,5695.68,2261.48,3107.45,6370.95
9967.16,1092.23,9173.12,1185.44,7401.04,5089.38
3527.39,6371.10,3703.47,9297.97,9520.68,5547.27
507.16,1866.53,1063.17,7425.22,3560.24,3141.32
6464.36,1995.81,1556.17,6017.94,3082.83,9872.59
8703.50,3907.03,4659.44,312.33,6050.73,9770.54
197.48,2086.49,9397.30,2579.12,2415.84,3375.09
4646.94,9663.93,1164.56,1337.17,9255.77,2123.17
3691.00,7009.20,1108.94,3597.18,9050.35,5667.35
4638.78,8383.82,4631.43,2255.12,6338.16,4690.13
6179.05,515.05,8159.59,4977.97,306.56,1017.91
79.65,8225.10,5853.87,1079.24,9607.18,7180.96
50.94,8348.20,2251.65,6343.67,3795.11,1761.14
1025.22,6432.57,7004.52,1681.96,1069.77,569.79
7989.15,4647.70,4883.03,4307.27,193.19,7974.94
3199.58,7586.57,2912.25,3199.96,5824.58,47.52
4108.40,4999.58,810.42,2489.13,7811.57,2335.25
925.63,5311.91,6400.60,8322.46,975.58,9697.12
1354.20,9406.30,1684.65,1540.60,992.73,6270.19
5372.72,7740.01,2110.05,7332.13,9194.59,1955.76
3087.92,6062.02,9730.35,5371.50,3289.88,6396.81
215.48,1335.80,5962.13,8717.55,3918.34,4827.57
6481.34,541.45,5587.39,8377.35,6463.67,4968.55
7521.50,1773.30,9516.77,8154.13,1187.72,6526.88
8239.19,4825.56,4160.81,5977.07,9995.71,9087.17
3091.07,9614.35,350.18,8850.48,3983.16,3929.46
5271.84,6471.33,7975.38,4378.10,8411.66,7719.70
7005.16,6782.26,9737.23,2237.16,4737.17,1674.52
8028.06,2921.42,4823.88,3581.69,5938.64,2098.99
2827.03,3476.73,7351.97,5394.62,3134.41,2792.64
1244.48,3455.96,3767.03,9569.80,571.19,3268.57
3803.13,2257.91,9305.70,7894.25,9454.71,6148.33
665.42,9728.76,2113.05,2393.05,6477.69,7972.71
583.96,3640.97,3619.50,6001.78,9502.11,9224.02
2505.03,9365.31,6774.14,9159.24,2300.83,7719.60
623.98,3910.69,9055.18,6509.15,9840.58,7756.42
6708.05,6310.11,9375.23,4308.68,920.45,7861.08
8875.96,2620.69,6847.71,5795.55,6943.15,785.83
2906.58,2897.30,4505.18,1133.99,332.80,9825.46
9138.28,7463.49,695.99,1931.79,7365.59,8354.95
3193.78,3523.55,267.86,9612.88,8463.44,1551.97
8869.16,2329.55,9477.72,18.96,743.61,5178.14
5319.34,5665.17,5045.92,2573.76,3738.49,7879.15
1451.59,744.57,2000.54,25.65,3878.22,9735.86
1963.05,9342.37,6969.59,2291.34,5891.17,1349.24
1824.02,9043.76,3126.35,5786.61,7587.20,6176.60
2700.53,9978.16,9559.60,886.73,5282.07,8672.33
6057.91,979.31,8809.03,3737.44,8504.56,3367.77
7791.73,9225.52,9893.07,5404.89,5597.96,4333.76
7135.90,7648.19,2278.43,2985.49,2500.58,3284.95
1652.54,6489.85,176.35,9951.39,8862.96,4942.18
8355.13,4774.13,4075.18,6071.78,8711.79,9485.76
7068.24,902.20,8758.23,2783.21,3648.57,5828.67
444.45,2392.26,2740.75,3619.24,6623.87,2481.19
9656.87,605.66,2855.07,5379.36,7524.81,7671.71
5971.25,533.92,5896.25,8382.35,6999.03,6832.58
6473.21,365.59,9277.90,3065.75,8071.16,9763.54
6725.55,5752.62,8158.89,9893.33,3482.28,4270.41
1973.32,1264.01,8946.53,4023.48,5203.70,3390.31
2704.62,6995.99,9994.47,7332.39,4132.96,6252.75
8688.96,7859.46,8139.71,7733.02,4118.71,735.35
8329.83,3952.28,4061.05,1269.86,8932.10,6069.02
4032.72,3694.49,9408.42,4911.87,2364.60,1989.45
59.54,8710.16,4715.22,1074.12,3694.38,7776.95
4677.96,7913.44,5698.09,4796.01,6339.31,4279.35
7646.06,1588.97,728.89,3774.06,887.56,6865.81
8015.86,8571.57,2719.96,9577.76,4938.00,4714.16
7548.95,1613.96,2066.43,7026.52,9969.36,5831.58
6108.05,1959.98,3678.19,6157.33,3803.22,9162.44
4787.79,8676.65,2504.97,9199.54,8265.09,4270.15
1921.20,8786.63,1267.14,8163.90,731.06,788.00
6771.78,3000.08,6568.22,6430.61,2586.33,2473.17
1858.97,6086.22,2150.10,7973.67,802.06,7944.21
1023.58,5358.12,7882.12,972.41,827.42,5972.63
2847.35,5294.45,153.31,6496.58,362.22,1225.39
8385.39,9338.31,5488.71,5489.95,6105.50,7984.88
7749.93,1236.19,1466.44,5524.32,224.12,1726.88
5381.32,7432.07,9241.44,8494.52,2143.42,8260.28
5625.72,5899.79,4249.06,2310.58,4118.58,7693.07
816.76,6982.08,6848.94,3520.05,6454.71,9244.26
9619.66,2744.30,1163.65,4390.05,5607.60,2027.07
4983.77,4930.72,1184.48,3890.94,7287.70,2441.20
1442.54,3302.86,8090.90,1864.90,3913.66,1171.45
3327.75,437.65,3016.41,7328.11,431.29,5106.21
5348.40,5943.17,625.49,2973.30,2876.57,7396.64
3628.75,9866.04,2653.12,8790.03,6214.57,6124.11
149.12,2866.79,8981.07,2627.29,5797.62,8716.94
4382.53,5681.40,9845.45,7401.55,5715.68,2786.59
2812.01,5624.31,2784.46,9315.69,1529.01,4481.16
470.49,5108.34,1816.46,1602.70,5262.51,7622.88
8785.49,1276.92,8206.72,2461.36,9165.43,1348.60
3617.38,67.13,8353.21,1143.90,414.38,160.13
6416.21,8445.99,5910.58,5014.91,1160.97,7940.01
1252.71,1581.04,2459.50,4092.81,4934.26,2451.21
6764.43,1880.65,3367.97,7603.51,5599.12,5928.66
5339.37,1957.25,4110.14,515.55,819.62,7554.61
9299.13,9945.05,6920.20,8088.37,3957.83,4643.52
3317.27,7212.41,5750.76,6913.10,2133.06,4430.09
7950.76,9029.16,9499.60,8814.15,2917.67,1358.52
9712.83,3083.61,4354.15,1386.47,2471.66,1532.74
5051.88,3175.73,7370.77,9559.58,6929.90,9556.50
3394.22,3614.03,9603.03,1679.04,2588.54,4080.94
5841.58,2909.72,3958.51,5078.75,6880.85,8342.85
7142.30,7862.25,4157.90,348.09,7895.61,2952.31
3294.83,6863.35,9267.56,2774.87,5350.16,1134.27
2172.74,9155.28,3538.03,2384.06,6537.41,5630.68
4731.58,8854.05,8834.04,5911.28,6990.70,4159.21
5534.46,2511.17,3652.91,1088.27,2809.96,4177.09
410.76,4522.68,3055.98,481.92,9033.10,4497.54
1444.47,3290.96,2354.43,2144.39,3029.96,5840.81
3169.50,5571.16,2323.26,2988.21,3668.38,4518.79
1954.75,2511.26,2437.41,2977.71,1616.34,9347.36
3235.70,6620.23,2878.04,7436.38,9284.14,1667.18
7805.93,9444.98,4214.98,1877.92,3748.53,7543.47
4348.33,501.76,7894.92,5674.03,1816.47,1139.19
4377.24,830.65,751.66,6797.24,7812.68,5403.98
5497.15,5145.73,3545.65,6897.78,3272.89,2307.10
4923.92,2269.26,1707.60,3259.21,5466.02,7099.45
7110.81,9705.58,796.80,5685.08,1100.82,2092.81
4396.62,8077.37,6376.08,3392.75,1660.81,1701.57
2945.05,8272.75,5833.58,9565.92,7457.75,5546.05
927.12,588.15,2455.64,8862.90,1195.86,5694.53
943.02,2181.53,5806.05,791.82,5337.16,7830.52
7706.41,9409.71,3532.07,1840.02,8515.96,4795.17
4570.43,7532.71,4585.73,751.89,2255.77,4711.22
5285.76,507.09,4843.79,6802.17,7847.70,1014.28
7647.28,3665.06,8688.23,7231.07,530.27,6759.46
6906.51,9869.25,6818.04,2383.25,2046.65,3212.57
3054.48,3350.01,6266.14,2008.21,2504.59,936.01
8545.66,5059.13,4429.42,5618.44,3787.00,7401.15
8106.97,4140.18,7299.28,8689.48,5329.53,1991.69
4372.14,2877.28,8884.44,6348.22,3197.22,2530.24
1349.44,265.31,8860.10,6848.10,472.30,2525.31
5637.20,3878.24,584.49,4689.13,5478.13,4137.40
275.43,1035.04,5446.67,5083.17,5621.16,269.18
7652.69,3024.47,6110.32,3401.95,4571.16,5484.72
2931.71,3319.94,3261.45,5578.39,2604.55,7967.47
6487.01,4229.04,783.77,2794.14,7192.94,3200.20
8326.96,9772.80,5537.70,3807.05,5095.79,829.80
1331.28,586.08,5377.92,9382.30,6141.47,8768.27
9705.41,8836.84,9100.77,2776.76,1928.02,8469.25
4874.66,4220.34,6648.42,9742.82,9330.58,3639.48
5032.95,2563.42,3012.92,1448.23,1566.21,116.54
6407.58,1723.99,2108.58,9715.64,8312.70,9389.99
5242.72,439.57,7373.14,5934.37,7692.79,1985.76
2067.16,1989.61,4153.92,3788.77,6106.69,1945.76
7293.01,5057.06,6758.36,8039.56,2753.28,381.26
5146.05,9104.06,2521.07,6583.81,126.80,1282.68
4115.91,8443.08,8944.68,898.19,7555.73,1784.41
2029.83,4833.92,3910.67,5242.12,4094.55,914.07
535.75,122.00,9077.63,9026.33,8534.90,9008.81
5517.97,411.90,7239.95,1599.03,9096.29,6746.58
7079.33,5537.30,1816.84,9575.87,3276.00,9813.55
9120.33,7110.46,7517.91,4744.38,9981.41,4916.11
279.26,1394.73,5823.75,5600.83,239.19,2996.04
882.60,7889.58,115.42,1047.21,3531.20,9424.00
3573.97,2980.24,4620.03,1002.77,1893.71,1015.76
9377.30,1017.07,8384.30,240.52,7883.83,5366.47
2073.79,402.05,7257.32,3412.66,6956.06,3589.91
17.72,8255.46,5019.09,6484.12,980.32,8199.53
8562.75,3101.90,5411.54,3087.74,9158.66,1252.37
6387.53,2663.60,6790.55,4400.55,5967.73,5620.83
6269.03,4415.46,1272.70,5292.16,5185.09,7812.00
9474.44,2705.03,4262.67,7928.35,643.91,450.19
8954.72,484.65,2753.42,6042.50,9813.75,9384.72
3293.24,3795.63,4031.98,1124.20,5382.52,1661.43
7798.26,9943.68,4281.89,2472.54,3145.41,2972.93
7985.41,5200.19,3934.68,2873.79,169.46,6387.11
5628.62,9032.98,3772.89,2536.51,9790.85,7164.00
4542.68,9424.03,6814.69,5614.11,6119.22,8735.22
2140.10,6927.95,1471.64,8336.79,2017.60,995.77
8595.50,3018.66,6263.85,3875.45,2783.98,1863.84
3554.09,3057.68,8618.37,5066.62,4660.75,4072.87
6217.64,4067.99,2645.39,3791.96,1856.45,9613.76
812.93,5342.01,2767.45,2362.27,1155.19,6465.56
8044.10,5554.49,7873.26,2397.41,9052.76,2254.80
3478.56,269.65,6273.49,8190.89,1858.73,2262.74
282.19,6865.10,5233.29,4186.42,2122.58,6185.25
113.95,8867.24,7585.76,2334.28,9764.73,2493.15
7726.14,7532.73,4287.08,4349.73,4850.86,5680.50
1118.39,6086.04,7681.39,4600.88,9849.13,5590.24
434.17,4887.28,8216.18,8572.24,3701.27,3587.22
1017.33,183.37,5216.50,4014.11,6240.50,8879.89
1968.57,8046.81,2211.15,1109.18,6332.86,8521.01
1303.01,5404.74,5909.66,2440.53,6338.93,232.76
1058.87,9285.96,5714.10,9968.47,8897.08,5048.48
1816.85,9501.22,5925.65,4561.13,111.01,369.21
2948.32,4550.12,6604.86,5074.76,6685.98,8385.51
2386.56,4753.52,4679.22,4946.35,2304.46,8012.31
9555.11,327.03,308.48,3631.86,7177.58,7818.90
9936.77,7687.57,7818.78,6103.88,5684.69,8496.53
574.30,9504.51,3343.57,6539.22,4221.79,3184.48
4117.11,5171.32,6871.37,4351.22,3371.67,339.64
5000.17,152.87,8493.39,619.81,7953.77,5166.45
2777.65,2662.70,8262.85,4431.37,3850.22,5541.39
2380.31,8245.39,7743.82,6288.71,2784.53,3772.55
2473.71,5277.46,7081.24,1490.88,1206.71,8203.60
825.00,2340.91,1184.99,9444.43,7971.11,8581.36
713.39,564.33,5282.88,2089.37,7726.97,8688.31
8911.24,2395.94,7231.39,409.08,5103.85,6341.83
5453.20,2206.21,207.63,6472.54,8285.54,336.73
9115.21,208.21,7735.82,369.58,5487.45,8531.78
7548.13,8498.42,1846.61,6120.51,4182.14,9286.94
1443.53,8870.59,3476.36,402.12,1830.11,8981.99
995.91,2993.38,5284.83,3126.60,3528.69,8789.23
5210.11,9946.02,2173.20,597.60,3181.73,3283.68
8675.60,8216.40,7268.55,1283.37,4597.59,4269.19
4679.36,8589.47,6855.76,3219.70,1319.95,4603.86
8066.42,834.28,5838.58,8308.94,1593.80,9183.10
4034.19,8551.33,8951.83,3295.08,3166.48,1716.72
1866.19,5347.64,8773.58,73.27,2800.30,3676.70
5988.90,677.60,7241.67,1874.09,9418.47,4637.90
9188.58,6514.20,2388.13,7443.02,922.83,4407.88
2469.60,7000.22,3114.71,8667.76,2458.65,798.07
5207.88,2984.01,8683.19,7951.99,2029.25,6590.47
430.53,5960.13,5669.69,580.33,2650.80,5720.01
7553.83,7347.77,5166.66,5129.91,3681.44,4019.16
6384.11,5188.46,9492.12,6196.70,8023.29,8025.97
9486.77,6500.36,9036.56,1589.13,2255.49,2858.98
9377.71,5420.24,5497.92,6907.52,6074.11,5083.65
2448.70,8553.35,7398.05,9196.86,5105.44,9263.41
427.40,6593.86,6568.06,7021.77,8709.75,1002.78
4030.37,304.93,4531.97,8849.64,4419.71,351.81
2986.22,7.78,9260.14,9270.09,9687.43,7250.62
66.18,9153.84,3609.57,3243.88,5352.37,9894.34
2338.42,3386.27,6340.21,9227.49,2839.49,4098.59
3238.97,8769.54,3258.09,1705.04,6760.74,3906.67
5443.21,5135.61,5845.57,6852.82,8678.33,3720.60
1450.04,8300.77,8474.81,7122.49,1867.56,2774.54
9156.25,8702.84,6625.29,7097.94,1314.58,8977.02
2624.72,8519.14,3281.23,34.14,3983.79,6755.77
7243.64,2717.77,4011.04,9146.87,4178.48,3956.63
2515.71,9097.92,2872.73,3466.75,8534.21,8427.76
1049.70,8772.39,2979.85,3870.21,7059.55,3946.29
1229.39,3327.59,1270.24,6375.78,3477.73,7401.15
5283.69,8956.60,424.98,3625.20,4117.01,3120.72
9594.65,1914.22,6988.09,8555.73,9549.44,2915.83
189.90,8313.45,3383.87,4891.59,7920.25,3005.62
5364.15,6386.49,5736.62,3557.18,4885.12,6302.33
4433.91,8264.20,7399.12,1840.96,193.69,4015.45
4875.66,2224.34,6711.51,9625.24,5422.57,3002.25
8516.13,7714.08,7394.57,680.58,9679.29,9190.33
2353.58,6870.74,2061.91,4239.90,2746.97,5051.88
580.93,3260.12,2817.75,3040.15,8835.85,2621.48
4817.77,1691.76,9890.31,8956.72,498.59,598.36
473.55,6308.16,5770.69,2226.98,9185.89,1086.59
9439.88,5517.81,2603.32,5412.56,806.74,1562.63
5066.15,7952.22,257.99,9863.08,2960.11,4533.86
5191.35,2384.58,910.25,6400.45,5948.42,3362.06
2718.61,6635.63,2934.91,8770.39,891.91,9791.36
7014.90,5987.84,3129.12,8126.41,5261.37,5827.44
32.00,4525.39,3590.17,3790.70,7528.84,612.37
3115.81,8780.91,3109.63,8582.00,4753.58,8306.60
5844.52,9989.15,8884.12,7915.08,4718.45,5371.64
5837.80,212.54,6105.74,9279.48,8893.30,5772.62
1769.06,7487.56,4289.63,1653.30,9912.12,1203.49
3542.20,2665.96,2812.63,7265.75,7539.95,8555.10
6402.35,4718.76,8135.32,5701.83,8284.23,5562.91
1222.82,1257.70,6243.44,6542.62,3761.02,5998.32
3856.42,9574.38,5653.24,2952.93,4655.68,5556.46
9243.90,6848.45,6688.07,611.03,2337.04,3363.05
482.74,4406.03,1853.02,6610.52,4426.63,6217.82
7182.32,7563.34,8404.84,8832.90,9851.65,6843.55
5767.07,2538.41,1342.28,4410.94,698.68,2758.59
4586.94,1119.18,8244.78,6241.25,1166.89,5510.54
6978.20,8358.15,948.10,9629.08,5412.35,5157.41
972.91,9057.49,4676.03,4530.67,7281.55,4717.76
4773.62,8815.04,33.83,3062.54,2318.26,1691.66
7364.29,7577.11,1829.60,4751.62,1590.66,7743.27
6566.30,1511.31,3614.44,8420.95,2787.19,3532.79
9774.44,1722.31,9785.75,4634.35,2848.19,2578.33
4134.86,7515.96,8211.18,6149.96,9119.81,3318.86
2745.91,6157.88,470.34,1238.81,5754.00,158.59
4251.57,7035.43,1248.41,5691.01,6406.94,6531.31
6340.66,2027.87,4775.42,3773.22,7553.66,7465.41
6881.05,831.29,674.16,1709.49,8060.90,2632.05
7246.53,6771.41,5393.25,8643.92,9978.23,8536.74
7038.19,4192.15,5258.39,1470.03,269.59,5921.31
8831.60,2397.46,3255.31,1600.85,2422.27,7428.45
7049.67,748.45,8936.62,4519.15,1253.53,8414.86
3728.02,54.10,752.18,3745.35,8420.82,1369.66
3074.76,613.56,6862.94,5054.46,6781.98,1466.12
7272.65,8633.00,4586.24,843.51,397.33,3322.28
9814.63,2217.75,8154.17,9479.98,8574.51,2339.66
8410.79,8341.19,800.75,1064.57,2450.29,3796.08
6092.50,5013.89,9112.34,3244.89,6696.58,6333.39
6510.57,237.19,7543.33,7605.89,6842.27,207.82
7515.88,2621.84,2455.20,3536.26,338.84,3551.43
1952.41,7685.26,161.95,2963.88,7126.38,7287.76
2038.19,5567.41,922.96,5439.75,7331.01,6657.14
5377.49,9586.35,2107.89,9378.84,4708.94,3212.20
5500.33,483.07,5319.12,7520.52,4814.75,6405.15
2935.11,2942.38,9718.44,8485.46,4308.46,1854.51
2201.44,4818.30,491.85,6382.16,8485.88,8682.43
2349.41,4147.45,2571.29,4046.42,1302.62,6050.96
727.99,5019.67,6489.35,4571.48,4656.35,4220.05
6099.92,1905.58,2780.04,6324.61,5999.82,2164.61
119.96,9262.17,9594.91,8786.20,5076.89,868.10
6686.98,8209.21,6069.48,6924.33,9900.79,5237.66
9944.96,997.12,1362.80,1849.91,2589.27,967.54
6047.56,6678.81,4980.39,7151.48,8565.90,979.85
3172.79,2398.03,363.47,5221.31,1532.11,55.31
637.59,3181.59,6359.86,6384.78,872.06,5649.55
6469.97,6773.93,9167.03,5139.86,8450.15,9865.88
5232.24,7210.32,2274.47,8272.77,8253.70,2380.00
8770.96,1113.49,3749.56,5564.64,8427.90,4179.55
2693.43,6618.16,8043.72,533.43,625.34,9767.43
6432.47,7466.98,9246.90,6033.43,8295.58,433.83
9648.64,1614.00,4691.57,1830.27,6623.35,7174.65
8112.91,3112.63,8225.32,5534.18,8514.10,1406.21
6745.86,661.87,4636.82,5752.07,4749.39,3208.91
9405.60,1415.89,8172.67,7514.47,2772.01,6212.81
9591.22,3019.30,9033.02,2148.68,625.67,2783.22
9710.92,5100.63,6366.97,4106.31,8635.63,7912.69
1602.71,884.04,241.84,9549.64,6158.54,6156.86
3080.78,8904.58,2434.04,8556.39,9036.49,3987.30
228.59,3007.22,248.18,824.73,4185.00,1723.03
5793.08,1203.50,9751.44,7217.24,7071.47,4240.32
1233.80,6580.43,6885.21,4077.13,9051.53,8994.75
1552.25,3263.29,6641.31,3135.17,3614.64,5847.36
2697.09,2242.42,5381.79,1983.86,1104.06,391.50
4138.12,3496.06,9577.36,4608.36,985.69,8091.65
8871.90,6639.18,6546.98,6535.13,1515.46,3659.08
3741.39,9483.42,9166.37,2666.13,6518.53,8872.03
7829.56,5001.26,9992.90,927.33,7865.75,4395.73
352.52,2927.32,4053.58,1760.42,3394.34,7137.01
9499.00,6249.41,7384.35,812.09,6955.85,7791.12
2922.64,6327.76,2899.91,1771.02,7373.61,7848.92
3267.73,5938.62,8226.66,3759.89,34.90,6990.70
3014.13,5720.71,4707.55,2028.21,7400.34,8723.31
1767.31,3849.25,996.77,4668.32,3661.25,1516.23
4990.12,781.56,6637.17,2063.62,1034.96,7775.20
5938.81,1125.64,2630.04,9516.20,166.55,4.22
8333.09,4260.70,7200.62,5479.69,1176.56,9491.56
5840.15,7245.44,5602.14,3893.94,2168.31,6090.83
3097.36,876.36,2596.69,7224.35,2619.64,9679.49
5692.86,4347.37,7925.13,7173.29,5124.57,1227.68
7922.34,1081.09,7004.72,4931.20,431.09,3478.82
1864.07,7187.80,9562.94,5947.63,1399.52,9967.41
4185.88,7118.79,5769.16,7491.03,6180.87,6582.25
1164.97,7940.30,8886.29,6222.92,998.64,1967.07
7618.59,2249.58,8521.25,5851.31,3429.01,5858.60
9125.01,685.19,5368.32,5477.37,8619.06,6250.66
8794.40,4550.27,6148.42,4287.55,2176.16,2662.76
3431.85,7082.44,9055.74,9343.42,2799.98,9061.46
4625.38,6591.32,7014.29,9759.55,7036.58,7331.00
8630.57,8987.60,5808.90,8982.73,6334.62,9313.60
6495.68,401.72,340.01,2744.10,8760.80,9780.28
5763.20,9598.96,5196.36,4477.12,1205.20,4093.10
9587.69,9577.37,8404.42,207.84,5946.11,4506.82
5168.72,3399.35,2639.62,7060.62,8616.23,6810.00
9559.94,2802.29,5597.12,1402.56,9078.55,7888.97
3516.99,7834.68,4851.61,8734.45,6531.64,8463.44
2422.86,5283.54,5691.49,2829.52,713.52,9473.92
6133.87,8016.70,7785.30,3161.88,6809.29,1733.01
3215.00,4683.98,8447.80,4308.65,5930.50,3806.79
6981.32,5795.46,1881.46,8470.92,6596.18,3826.04
309.61,648.81,3179.00,3973.97,6067.43,1121.36
9039.50,8855.06,3421.86,2566.66,5389.19,4148.92
1519.94,4023.62,6722.74,2136.25,4990.72,1143.69
6346.10,175.29,8166.41,3540.30,6392.63,5770.79
1192.10,6830.16,6328.24,9231.19,2574.36,9579.58
7257.27,7945.81,8867.59,4620.17,2162.34,1216.57
6880.98,7826.13,7683.01,6012.95,1641.66,4054.52
1777.41,1444.17,6260.87,9455.23,6846.76,8564.87
1001.29,3881.12,327.01,5396.49,7585.89,4318.96
2239.06,3192.88,2328.38,408.72,1502.23,2734.54
8540.27,2701.54,6955.44,5261.60,6770.24,8974.92
9120.76,4538.38,3583.84,8573.90,4396.38,6853.58
9631.98,9348.53,6805.68,2612.95,1031.67,9995.36
3454.46,566.05,9580.09,296.81,2007.22,1381.66
7967.44,3578.46,3225.71,2297.48,9427.37,1296.44
3699.69,5177.54,4252.25,4949.18,8909.13,4293.16
4037.72,2005.21,9410.46,1661.98,6835.94,2185.63
985.65,3114.84,8310.93,7797.68,3207.24,4068.88
9802.76,4890.52,870.90,487.36,6086.57,6230.58
560.59,8056.27,7963.74,4066.43,847.40,1290.25
8506.75,1002.34,3816.98,7204.52,3493.93,4670.84
6133.52,3633.49,3711.16,3780.49,9631.33,9463.28
4202.91,9463.11,4162.08,5826.97,1720.99,3531.47
5909.89,852.88,8400.06,9896.58,171.36,8866.32
6551.96,9474.73,6961.78,6104.66,9907.47,2327.81
3105.84,6764.45,4113.43,9493.19,4595.57,565.96
9195.79,3226.34,8050.02,648.25,7384.30,41.41
7734.09,7382.33,5198.63,9622.05,4593.93,3907.71
7206.75,914.25,2433.30,9224.73,4599.29,3895.17
9257.43,4837.74,7100.38,3919.82,5011.19,5716.22
757.00,7929.47,8538.00,3036.15,5366.61,2448.98
8403.63,9882.33,2051.58,3525.19,6194.53,5894.30
1486.59,8000.72,4195.73,1355.39,6091.00,8069.31
8131.58,6857.12,39.72,279.02,4775.73,6924.61
3086.95,6888.12,2511.36,4175.05,2247.34,7458.85
1771.27,9625.74,2431.42,8608.39,444.82,4254.69
858.73,5812.73,6386.44,2238.64,5748.87,3651.04
8803.88,4316.51,87.24,6106.97,6520.73,6246.58
8475.86,1457.14,3886.53,5957.89,2148.82,4835.46
8688.61,8377.66,4649.92,9217.08,4516.87,3773.00
3783.49,2650.49,7753.99,1457.08,3614.05,1919.23
1614.45,882.22,3615.49,6266.09,3371.63,2428.43
1791.43,7831.72,987.00,5327.25,9971.17,3870.17
7677.30,6106.99,5984.17,6092.10,7855.97,8097.44
6460.60,716.83,2389.73,3266.57,5933.59,1246.87
5647.47,391.70,1602.98,6154.26,2940.06,6863.68
198.38,2375.01,9880.20,264.81,5480.20,6428.88
3278.83,692.30,36.94,3300.75,7331.51,1955.52
2628.98,2601.76,1189.72,7814.85,6371.80,2519.54
2474.59,2009.44,3404.01,1637.61,6274.36,6632.78
8396.13,3160.79,6559.92,5585.00,7674.86,2807.98
8663.71,6319.31,1508.75,3966.30,2965.18,2714.58
4922.96,3549.55,3970.06,3972.39,4078.84,3268.44
3446.38,6533.40,9911.66,5371.24,5943.70,1913.57
431.20,6384.77,7262.58,2724.32,2898.62,9259.96
8995.34,1579.38,7541.25,8940.76,9628.86,4227.69
6181.10,8350.21,1894.31,6324.85,3992.07,8724.77
8033.16,4955.73,3842.42,3682.76,1456.17,326.05
9251.26,2059.63,2557.07,1152.88,115.97,7634.96
2987.57,8651.16,1085.25,3620.93,6211.04,4744.55
8266.17,9447.50,7016.19,1578.10,8462.19,5917.14
912.13,7712.20,7251.10,3242.69,498.77,4183.61
6717.25,4490.62,568.82,6435.91,2925.08,7768.76
5347.25,7253.78,3725.12,8383.13,9903.07,6606.19
3358.42,5921.68,2979.48,2665.02,7115.70,4447.42
3103.64,3890.02,9512.11,3012.28,2434.78,3802.94
3760.38,5214.14,1046.92,5217.44,3783.35,4660.32
2458.62,1265.63,9850.51,3208.38,6451.15,7230.55
9906.68,8474.08,4981.86,7769.59,1144.31,8778.24
7773.59,2180.70,6221.05,9836.61,9586.48,2280.10
1490.59,4822.06,7787.62,1514.01,8096.92,6803.39
2391.61,2672.60,2979.51,2167.55,8068.57,3291.06
1327.61,8748.23,1747.94,3324.01,110.74,2990.91
7080.82,5768.88,4483.31,1026.26,3369.76,1858.81
3003.32,9180.24,1150.55,513.24,7122.16,3964.50
6445.94,7883.76,5109.31,8497.05,1160.87,7011.19
5293.88,5615.69,9316.49,5111.43,2494.75,587.48
7658.65,120.71,3879.71,2859.98,6319.28,2317.38
2112.15,1203.05,8807.43,4877.54,2534.23,3830.84
9470.94,6035.60,9839.93,8134.91,803.88,5146.27
7943.33,6693.91,9990.29,4771.89,9535.59,1794.69
4150.22,7122.80,2778.84,1797.61,3075.89,8675.01
9142.16,2857.97,7919.00,6917.01,3420.55,2690.47
1146.88,1789.77,2598.72,9386.11,4687.17,6399.39
5820.71,7542.37,4650.17,4016.55,3614.92,1342.03
7430.09,8293.25,2666.77,946.17,3170.65,6967.96
9557.46,2826.97,7161.73,35.09,3274.77,5421.68
463.78,8620.11,5003.53,7222.60,2746.22,5324.94
6969.77,2948.43,5530.30,1900.27,7917.81,9764.97
2735.85,1908.92,7573.79,4942.70,4009.52,8654.35
372.69,3258.78,5557.34,6530.39,4956.91,1796.31
850.98,3362.05,3058.33,1292.05,2281.73,6941.31
2851.38,5951.91,469.10,3523.40,2225.74,2273.88
8443.76,8639.46,2496.17,9109.64,3350.57,2435.57
9648.06,6277.35,6634.06,3317.49,216.09,3035.82
1320.64,6025.91,554.06,8593.72,6117.45,2368.02
1279.04,5641.37,3949.21,2350.97,5274.54,4913.61
4093.95,7267.31,5397.25,9268.90,8267.49,4295.85
4923.11,547.76,6061.93,430.53,7514.16,9822.69
8072.57,9777.99,7393.04,3461.28,7682.82,6406.51
2293.50,3175.99,1137.16,2643.28,6571.63,657.56
3622.05,5125.41,4796.21,2922.71,4395.42,7468.48
6167.28,4934.98,1530.28,8615.95,7306.23,2466.47
499.09,1562.22,6831.60,5230.53,1813.26,186.15
7385.26,1850.53,8561.45,7746.40,832.97,9893.16
134.84,3981.79,8957.83,2426.92,5802.30,1462.75
7074.89,4541.10,4787.86,9266.05,8186.26,5297.33
606.26,8399.40,2615.84,1280.82,7695.84,8138.41
7108.77,8584.05,6605.55,1885.33,8235.85,5008.62
9177.60,8107.73,3758.83,501.27,5102.18,4109.66
300.31,9463.80,6599.13,5217.99,8242.72,3494.37
1221.54,2010.66,4787.82,4520.77,5326.07,1781.83
177.28,7588.03,2601.17,2350.61,9437.86,1072.59
4483.87,2789.06,5841.77,9803.25,7716.46,3739.30
2651.92,6380.90,4634.27,9450.12,9340.41,3114.84
1516.92,843.48,2632.98,890.15,5975.24,1330.27
9646.00,1374.64,6378.93,8103.71,7263.68,5021.48
1688.96,5152.58,3895.83,4086.17,4629.38,5418.75
989.51,6721.07,6142.28,1597.31,3687.90,5251.77
3059.69,6851.85,918.27,6160.97,5008.94,2629.44
7765.14,6100.26,2214.96,26.19,8092.54,5730.15
3227.81,9219.77,4181.77,4303.75,1083.25,7546.67
711.93,6666.64,4536.49,3809.56,1956.15,4653.25
2916.89,1003.74,8433.33,9441.37,5053.58,4734.68
3796.55,8642.18,8944.90,7564.66,4862.24,5339.29
2949.75,4044.72,3050.16,6571.35,4683.89,7092.27
5176.21,9498.08,1863.05,7245.66,6108.61,2591.78
3240.66,6924.89,3150.24,719.06,6866.04,9631.29
5541.36,7221.36,6633.97,738.32,6194.67,9411.50
5261.63,7482.85,7398.45,3090.07,3936.51,4592.92
2061.18,6696.99,1033.35,5960.92,7187.93,6693.12
7421.20,7630.02,4886.14,8444.07,1169.01,4396.01
8967.68,99.96,5325.16,3510.80,3229.25,3337.87
4476.36,9857.37,7136.96,3483.33,8444.61,621.82
1508.97,5654.99,4453.99,1225.35,6194.87,7938.29
3232.96,8575.67,6848.00,2977.67,7321.07,1834.67
7413.88,6536.24,6193.00,8613.79,3558.10,6305.09
6063.54,4513.62,2731.27,9452.27,7255.48,6399.82
1040.28,8851.78,5185.88,426.77,1870.03,236.84
1111.56,3065.01,4172.75,4054.28,5876.18,5685.33
4007.87,2893.93,6118.73,1024.46,2243.55,3264.88
4404.96,5615.51,4533.34,2051.83,5261.84,1978.40
2388.68,3760.30,3191.56,8523.28,3796.66,6573.64
3680.24,4487.42,5170.74,2313.42,5139.40,8346.59
2296.08,5313.77,9768.13,2743.67,2025.64,9152.91
2926.23,5083.41,37.57,4463.57,1519.33,1802.49
8414.72,9367.94,7350.16,1101.15,9765.25,9384.29
1804.31,9867.66,9893.97,6778.35,8233.69,390.73
2356.26,8581.00,4858.27,8673.07,1018.89,1912.33
3325.77,5436.06,4227.93,2797.24,9675.47,3583.34
904.70,8419.79,9447.24,8956.25,7902.90,2670.15
6109.08,4522.82,8153.88,3748.60,4282.95,5739.16
5766.65,5798.47,6505.86,811.77,9561.12,8384.06
2791.68,7848.13,4941.93,1686.13,1483.40,4614.89
6916.49,1435.75,7121.55,2019.83,976.81,7088.78
4954.94,1996.76,3948.18,1461.77,8090.49,8580.04
9489.38,5911.60,1139.64,230.88,1203.33,6298.69
2684.39,4722.52,3324.97,1343.03,4974.82,6400.27
5654.22,7175.17,4740.56,8663.95,326.91,5885.99
4446.08,6686.41,4488.50,2609.49,7327.36,1914.56
5449.46,6489.87,3445.12,1647.00,7446.26,4890.18
1461.34,8303.65,4393.27,6333.02,3797.73,5571.33
8819.19,8078.98,8135.21,4541.93,3913.44,5802.52
6757.58,176.42,8070.25,3699.26,7835.58,1724.49
6809.46,7181.18,4264.71,7156.50,1657.63,5915.01
9574.49,9027.52,7273.04,7881.98,2966.17,7780.77
8133.79,6261.99,577.99,8508.75,4688.89,942.22
8437.73,4637.72,3530.13,7922.71,2884.42,8117.63
13.61,1349.32,974.83,7198.57,6900.12,4686.05
5766.31,7752.45,6953.92,4998.76,686.87,423.14
6132.88,8043.94,3394.37,1097.93,4193.28,8170.02
333.56,1444.39,4843.13,5977.50,8639.68,1158.38
2181.75,8962.59,5955.91,9850.08,6324.91,9437.11
883.39,8351.49,1360.13,5885.61,8099.54,1345.20
5041.83,2776.58,9256.50,8731.82,4395.42,8204.88
5535.94,7439.85,319.89,5190.01,1420.01,2700.96
9911.13,6030.54,1783.31,29.27,8744.48,1104.16
4803.54,6530.25,3275.39,1364.34,7172.35,4593.56
802.58,5425.13,1895.09,5451.28,178.94,5727.29
1828.99,399.99,3204.38,1876.93,8085.68,7608.80
2476.13,4526.17,5962.41,7722.60,581.36,7002.74
3729.53,2450.14,6853.27,3108.74,8803.82,103.30
7262.32,5817.09,4599.39,1388.26,8587.73,6820.49
8662.04,4828.16,8773.06,4588.00,516.51,8483.01
1607.95,9236.21,6571.74,1378.08,4551.71,4639.30
4629.63,3749.36,2357.62,1870.07,5625.52,5680.34
4211.83,4403.72,2168.60,268.17,117.24,8739.77
8009.98,766.09,4614.65,2508.33,3819.14,8167.21
4415.50,7310.42,2892.87,3610.69,7611.00,3495.84
7203.11,436.67,4200.03,9640.95,219.18,9306.65
5786.77,7347.30,3017.63,5594.54,4049.85,6654.63
1823.23,3972.43,7340.05,9104.43,9265.24,4373.13
7760.03,23.90,1361.88,689.61,6516.19,8938.07
8246.34,2685.37,5677.29,3470.54,4941.90,7312.03
6870.67,889.27,875.63,9418.00,6880.74,5118.00
5346.19,2826.60,3900.32,2683.43,1252.37,437.05
4403.38,3781.14,2199.74,2392.67,2107.78,689.63
8221.87,1676.35,825.52,8408.51,8160.58,4686.85
9451.22,3413.63,5483.37,9878.43,1351.08,3429.09
1513.78,1021.44,5575.84,8573.46,4597.65,1034.76
2729.44,1934.54,2900.07,769.84,1374.04,9352.83
5971.01,3159.38,1380.05,7870.95,8754.16,9919.78
6842.68,2489.50,6682.71,4070.36,5739.67,5434.49
7527.52,4345.84,4486.10,9945.16,5451.99,9270.34
7953.31,8586.75,2224.31,2677.08,3236.39,7882.00
5894.77,7075.36,4668.20,8081.52,9556.26,2432.80
3608.45,9053.79,3703.58,7475.73,1205.52,5935.64
2118.24,2657.73,9042.85,4986.82,2091.06,6165.04
7416.41,24.44,5881.85,7396.78,3522.25,2561.81
7419.92,8102.25,9495.06,7333.41,5231.81,2094.73
9859.85,6579.93,3610.48,9644.62,3115.18,7008.36
8192.71,2970.07,3614.78,3031.35,80.52,5212.59
7606.29,6027.36,9739.12,3908.02,8253.84,6635.89
8287.04,3131.72,9594.15,8913.24,5620.31,7798.87
5872.38,6946.58,3335.53,3172.63,5429.56,6123.66
6178.79,9189.66,5139.58,8745.18,5032.90,9728.17
5981.12,9307.26,3728.04,1056.09,4515.79,4745.35
642.87,2130.90,8553.77,5883.69,1771.22,7510.58
6474.17,8651.59,6049.07,5249.47,8500.21,5565.92
9953.88,9328.57,6765.95,7723.42,9078.70,3580.00
2227.04,8086.59,822.46,9935.86,4340.56,7294.90
6757.66,4382.36,2828.92,1473.79,6439.96,4569.57
1588.63,114.00,6427.00,6175.87,3537.79,5923.37
4062.19,1346.95,8770.36,5363.24,6619.22,5760.73
3447.08,3649.18,4474.01,3400.51,2589.98,232.17
3582.54,9684.96,1631.17,8179.82,4080.32,35.04
8504.23,5340.44,1387.35,702.04,8462.18,4877.20
9473.32,4633.09,3657.55,2666.66,861.59,4058.19
5390.28,5495.25,3622.04,3307.34,1019.62,5420.92
3128.31,5700.94,8231.63,6614.63,3711.49,8425.22
6142.19,3225.35,6207.62,190.64,6290.83,2966.67
5787.82,1576.82,5448.46,4324.98,4164.90,874.84
125.80,7433.17,4355.00,365.72,3149.92,80.51
8016.14,6761.59,476.75,5671.97,1435.06,5639.87
1263.41,2827.16,8710.92,5176.61,6515.26,2748.08
5118.75,4926.69,3887.83,7910.79,3425.41,6533.04
8363.61,6110.55,2087.05,9785.81,8203.09,4292.00
9583.26,9458.05,4238.05,1022.54,7778.56,5683.44
6195.45,4084.51,5831.58,8748.17,7147.52,7570.88
9825.20,3260.45,169.30,2283.15,3555.67,4354.43
7661.20,2565.62,5062.51,4869.24,6247.51,6700.07
9947.48,1458.30,7877.37,4796.43,9183.88,6020.70
4176.80,8154.23,4523.52,9914.65,9649.65,4733.83
3071.95,5095.86,6188.18,8743.58,9871.26,5196.03
8263.44,6402.30,9958.21,174.82,4364.13,3158.97
3921.56,9219.36,7952.56,287.39,8418.76,4301.23
584.09,6603.11,7173.59,7379.01,2086.20,1019.32
3662.19,430.26,8846.53,5445.05,3733.67,2445.90
1852.00,7450.94,2091.61,1514.90,6724.31,43.57
9723.91,2409.28,9863.44,9639.55,946.46,4154.54
9434.95,1987.88,7666.63,9589.63,1636.99,5390.21
5354.44,4616.03,8767.25,5629.48,7096.29,1748.74
6996.89,439.44,9288.73,6132.38,8714.08,9795.43
6004.89,1190.98,6140.57,738.16,4182.24,1177.11
6268.04,3572.33,6054.16,460.37,2908.82,5331.06
5419.30,8548.89,7457.98,2343.15,3813.75,5350.50
6419.95,1092.09,6618.39,2628.64,4484.05,5160.55
3763.63,3994.88,8643.05,7796.56,5837.59,8276.58
1868.97,4779.24,788.01,2497.48,4743.53,4032.55
1421.15,6227.32,4001.92,4923.79,4837.36,1344.56
8743.98,504.41,4693.76,5336.45,2921.21,5741.96
3514.49,3430.03,9421.64,6489.72,7027.42,1170.36
1862.55,5702.88,1742.92,3862.54,5672.22,1154.11
1483.61,1642.65,6780.36,5606.95,7297.85,5311.09
8051.93,8109.29,5060.64,2065.31,9598.73,7312.90
7190.20,17.48,3479.64,7050.04,1113.06,8300.24
7622.32,7296.62,2952.58,2658.11,4996.52,3682.82
4309.82,1650.60,3102.64,6426.39,776.59,192.71
5840.22,8165.29,7439.72,7893.61,3653.45,3543.59
5555.89,4714.58,2161.54,2875.78,3778.54,6460.70
2997.38,2562.01,4690.09,8180.55,2650.65,5548.02
9723.38,3640.46,4585.70,3060.72,5690.73,9977.91
2893.28,7696.67,4964.60,5164.25,7926.19,8151.69
984.60,9583.51,2467.65,537.46,2078.36,3808.16
3488.81,3752.54,2581.57,6407.08,3390.46,4645.87
1285.12,5730.36,8412.44,4998.84,1598.16,8342.91
2923.06,6729.96,3838.23,348.09,570.71,1973.83
5073.41,5297.95,2472.63,7824.54,5112.98,5994.98
1303.48,665.76,6367.10,1709.74,2043.07,2385.94
2816.77,6499.31,5260.70,9958.69,7430.46,3221.83
34.37,3985.83,7984.68,9926.65,5215.24,9140.46
278.02,9602.05,8843.70,5590.92,6550.27,9021.12
6171.30,1017.10,656.77,9213.85,140.55,488.92
1626.02,3425.39,3613.42,5917.13,8496.85,4597.25
5587.98,8872.16,1095.85,3888.42,9921.79,826.98
5853.98,6017.15,4148.35,6509.22,4393.51,1128.70
6399.11,7015.61,9702.53,8470.91,4555.61,7655.33
1671.37,4527.73,6460.30,201.53,769.34,107.02
9528.12,7923.43,5619.94,1722.81,9689.18,7694.74
1509.90,3750.85,3639.17,2731.20,3531.50,6660.23
2551.41,6091.31,1655.53,2337.83,2115.44,8795.71
522.67,5484.26,3258.29,5207.16,2189.56,4579.38
7828.41,5298.52,8149.61,2353.22,3375.18,3568.41
1102.44,5643.68,8942.81,1992.99,6075.00,8018.99
7967.51,9991.30,943.66,1292.50,8522.33,6304.13
8383.67,6087.13,3054.88,6836.03,5044.26,9494.56
4582.75,3607.87,1765.08,4394.59,4654.63,4556.52
8545.93,1886.54,6764.70,2882.59,9509.09,6504.63
3061.45,2255.98,8235.05,9246.76,3969.18,4687.30
1955.68,8261.70,7666.92,8453.27,3322.37,9480.82
9521.93,2524.52,2167.71,8604.64,6270.05,1040.25
6145.85,1826.17,9494.83,6586.08,7391.30,9472.23
2840.49,2616.05,1765.40,4355.31,918.07,9867.53
5876.57,3491.94,7576.59,9406.29,9294.82,2020.52
4976.72,5105.27,9517.55,2198.50,4984.57,7725.54
9799.84,5346.92,2845.33,9232.94,2747.62,2347.44
1835.54,6536.14,2802.27,2046.03,9748.85,8294.68
7080.88,5567.38,9821.88,2967.92,2560.31,6980.90
3374.77,2886.89,3610.22,9762.09,5145.78,4958.65
8647.50,3521.44,7912.74,5005.00,7949.78,742.30
9074.47,2846.32,6821.53,1257.56,7468.24,6495.94
777.88,1131.31,4957.28,3139.44,1926.06,4382.00
8655.42,4381.01,6631.33,356.42,4394.73,7068.01
652.64,1914.26,3720.54,2927.94,2656.53,9204.15
9936.38,2741.84,6017.44,764.49,4681.38,6728.22
2490.80,5451.98,7741.47,1604.45,1187.99,3558.44
5514.85,3940.05,9430.04,4205.75,8406.47,572.92
621.56,9215.31,3495.58,5981.92,4062.68,8410.88
3061.73,8936.94,1043.08,2997.95,5398.55,2981.87
9319.30,8534.24,3328.34,3585.17,6139.12,7233.44
2497.41,6114.80,539.02,4595.35,6650.79,7433.57
8640.82,1215.84,8181.13,231.53,5192.07,2027.02
3963.95,9392.32,4071.97,8591.56,4310.97,7407.95
2763.95,6952.42,9369.44,7273.24,979.35,2384.45
708.50,779.24,1939.87,2692.42,1418.63,1621.31
2251.95,8896.36,2952.07,2713.36,554.94,7248.51
9522.77,3313.16,3183.99,7236.95,9999.00,8958.30
1993.75,876.96,1642.54,3867.04,4542.06,7772.45
6729.80,4591.64,6441.24,3003.62,5835.95,1268.48
7346.96,622.04,3550.23,3289.46,9747.25,2028.37
4266.75,169.18,4200.52,4467.27,8074.57,8553.21
7550.48,1393.58,975.92,7622.15,9641.76,1409.15
526.83,8596.44,4976.62,8939.94,6892.78,7546.52
9865.88,278.90,2375.56,5632.41,1088.41,3824.69
8987.78,5836.06,9839.19,4813.99,2167.02,9703.33
8611.74,3701.62,1686.57,1540.38,5452.89,2272.36
4484.44,4324.53,3660.53,8656.06,4527.85,2592.65
9184.91,610.38,1301.08,1674.20,5858.84,4394.98
4190.79,3170.77,1845.48,6624.27,6791.44,5347.70
9448.93,6178.53,5365.09,1445.75,732.29,3588.68
5296.55,2730.91,1046.01,5567.22,996.86,4940.24
5191.14,6935.24,3482.41,946.40,1306.47,1039.53
501.39,4382.72,8069.62,7699.50,6630.44,7639.43
1409.33,7183.79,2159.23,5372.05,2600.06,5983.29
7861.32,213.24,8403.14,1973.40,7901.66,7898.89
6718.96,4682.13,6639.21,6918.77,787.08,2103.26
9933.22,1656.40,1281.96,9487.46,2528.92,5759.71
8083.76,8653.19,4067.78,1912.96,1630.26,8980.87
1862.72,3190.52,98.95,7996.04,8598.75,8075.87
720.44,3808.59,4818.16,1042.56,9382.92,1161.21
169.65,5546.88,7007.80,8021.93,8357.19,1362.14
9052.49,9824.61,6028.44,3372.01,1167.78,4540.46
1651.36,5970.34,862.01,860.21,9111.15,3403.02
7918.17,6811.56,3016.51,5572.77,1918.37,869.61
325.90,7284.27,833.82,1073.94,4889.95,3769.35
9444.30,8790.68,8973.51,4817.67,6964.98,7035.97
4657.45,1717.48,9465.31,6730.49,5859.99,8866.57
335.72,991.11,9383.22,4118.51,781.18,2236.31
7702.06,3508.41,9290.82,1585.11,2478.45,7051.25
7625.43,4339.59,1369.10,5089.58,3381.33,3584.02
8413.25,5438.12,7904.80,2246.82,3283.37,8501.77
7179.82,4903.42,2844.28,3235.92,6744.59,3449.80
5396.99,4151.15,6875.22,9781.85,7385.00,9783.31
4370.15,465.71,5752.16,5149.18,7680.24,9233.98
7043.76,1016.21,1926.81,7863.92,8948.42,6524.05
6149.38,1643.45,7185.15,9802.93,5628.08,9214.24
7264.93,5872.41,6017.75,2166.68,2920.62,2583.92
5710.66,6129.24,6474.10,2479.81,150.19,6670.74
3737.54,4657.95,713.74,5330.35,402.61,9660.60
6286.57,6506.42,7959.75,5869.43,9740.62,6487.46
1742.58,3674.73,4226.98,3553.44,9476.97,5753.85
3280.05,9619.53,5598.00,6938.85,9056.64,4825.92
3661.66,4156.85,1847.87,6501.50,8022.99,7246.35
376.87,2612.65,2439.93,5637.63,8286.22,7943.69
8263.48,5764.38,5718.44,7045.00,9453.03,6021.68
3476.26,9467.90,3963.34,9294.52,8748.00,7902.17
9562.40,5717.88,113.18,6709.08,7704.26,9215.58
6374.04,4511.65,1897.72,556.79,7085.17,1368.11
1706.97,9806.13,9855.42,6200.29,4523.13,4412.35
526.59,5160.25,2979.07,8885.71,7033.66,3767.63
2652.50,2115.57,5686.75,7766.55,7152.00,2919.62
4654.78,4569.28,1684.99,5532.43,8501.06,6257.34
5237.94,8512.27,4766.15,3894.45,6644.61,2716.07
5081.27,6424.47,274.36,8710.77,6144.03,1546.73
8198.18,9721.54,6232.46,9301.60,5200.24,537.18
9572.49,1773.37,190.04,4787.81,538.23,54.17
4238.97,4074.10,3514.53,7556.00,2197.90,5066.12
1970.06,3939.88,1260.14,5702.54,2182.32,422.95
3078.04,1441.52,5572.77,6830.91,230.46,8848.00
8718.26,385.65,6712.88,2855.93,5596.89,3239.08
1888.78,1393.91,512.07,2181.12,4765.57,8322.62
2744.34,2836.77,7167.20,9673.78,7626.70,5097.01
6693.80,81.42,6282.78,6667.49,6486.35,4687.69
7523.78,387.22,4365.14,6643.92,4213.49,9254.69
6913.73,5771.11,9699.28,9436.84,5379.93,671.08
7422.59,8670.64,9156.20,4379.36,5724.63,2305.34
6048.21,2870.74,2063.37,972.14,7740.35,6631.90
3910.68,4066.06,2451.55,5299.31,4730.59,113.03
6755.72,9978.27,9584.62,5336.09,7902.13,5593.18
3135.96,7881.13,9077.70,5480.83,3008.99,7886.64
196.04,681.08,2501.60,6349.91,5106.11,5571.53
6436.40,81.83,6006.86,9805.23,5571.93,1585.01
5459.65,6408.64,1988.89,6881.74,4763.30,2938.32
269.41,2951.84,4544.40,849.74,7707.21,1319.31
5882.51,5152.07,7452.28,2898.38,5678.32,3462.99
217.01,692.87,1058.02,4227.15,7298.39,235.89
3950.70,7995.30,7088.80,1955.28,8015.94,3895.10
3589.71,8456.88,9092.96,1392.08,3365.83,5247.30
5922.39,1263.90,1045.26,3531.14,8256.61,9255.28
5685.74,5973.71,1474.46,5941.41,5004.10,9636.42
6213.56,120.81,2142.35,157.11,912.81,5338.04
3967.78,9027.63,1634.12,3959.59,2405.88,3855.56
6029.43,7838.63,6728.72,4256.82,4417.40,7650.14
9635.32,4209.12,8880.09,2909.25,8413.65,8455.65
3779.04,6186.24,5210.61,83.05,4862.25,8019.24
9506.67,4754.33,80.67,1146.53,8988.57,8739.00
7313.82,9400.16,3152.77,5598.49,8688.11,3813.91
3066.03,5956.01,4266.22,3265.48,8251.60,5810.17
7643.59,3283.32,9849.96,4815.46,4966.79,5850.22
8140.25,6385.13,3461.51,7174.45,7379.59,4171.62
5606.16,3540.84,2688.68,444.83,7810.50,4323.06
1630.98,9396.94,9985.79,2558.75,8268.90,2766.76
4330.26,3688.48,1043.61,2795.24,7900.59,2441.41
4092.81,3192.57,1892.60,9999.34,7740.54,7077.11
3011.42,2823.41,7213.96,7176.02,9993.33,3877.59
6582.11,4911.48,3366.52,8997.28,2548.65,2108.87
294.81,9825.32,8238.83,3213.94,3238.85,9173.01
7754.19,8385.22,5380.57,4569.05,840.28,679.65
9263.67,7566.40,7121.13,8674.61,8226.30,7738.89
7182.93,4330.47,6434.75,9734.63,4543.86,4063.59
8434.84,1958.66,802.14,2853.23,3502.06,6483.56
8430.60,5385.30,3228.29,1140.55,2819.80,7054.76
3846.10,227.63,8235.17,5627.42,7006.67,1587.41
1568.80,6337.29,6472.59,679.84,8408.94,3965.78
5229.88,3918.05,5169.43,539.07,7350.86,6932.10
1104.45,2702.75,6680.04,485.37,6785.98,6027.83
5763.41,7513.69,8658.81,5741.61,5200.45,9330.73
5527.70,3884.54,34.66,2305.30,9953.50,331.46
5576.51,1729.49,7513.43,2170.86,6518.59,1075.59
9003.24,597.46,7543.69,6472.97,3618.50,9464.60
2250.42,6038.22,7185.65,5000.09,5573.53,4635.32
8957.09,8964.78,3849.99,8924.95,2396.69,7251.79
2162.35,2798.85,4546.50,7678.62,5205.79,1435.08
8872.73,3070.22,4797.01,1150.39,7842.72,981.72
4754.35,8356.10,3833.19,2440.52,8244.26,6027.44
9087.43,532.15,2244.08,4334.27,7660.67,7988.06
4914.53,7250.45,1366.31,6549.78,5122.03,525.24
4131.02,6626.36,7216.28,7226.04,1448.23,7989.16
6825.73,912.38,5627.82,2171.97,1481.04,4207.13
4128.79,2182.49,8672.18,4300.88,6666.67,1267.26
3319.05,6972.54,1541.75,9933.94,7291.95,656.15
9285.51,5196.93,449.94,5095.95,5066.57,3662.22
1870.47,7349.39,2409.83,8111.95,6339.33,2233.99
4288.75,8239.03,4292.90,5238.14,3068.27,1616.80
9296.07,6094.32,6404.66,8597.57,5814.66,6314.07
7841.60,4428.05,2734.55,1181.84,6896.36,3630.76
8869.05,3572.13,968.98,1551.11,2810.01,8477.64
5442.22,2197.58,5136.80,5314.49,4139.58,4473.64
1628.03,6853.98,8992.42,6374.34,2594.38,3721.65
9914.52,146.98,2052.01,748.30,9462.10,2960.11
6457.65,5797.84,751.21,6511.54,5080.98,843.18
3742.10,1430.85,2634.11,8968.29,7549.53,1581.41
7585.96,793.87,8089.09,2015.57,734.96,7532.99
1327.71,5806.22,9271.33,9907.58,1169.26,7490.66
3923.07,8369.83,7066.62,1456.15,3382.17,309.98
7810.81,3351.55,2503.63,7000.08,5767.07,5367.26
457.35,7635.41,6604.48,2515.95,2660.17,1246.08
5826.82,1100.97,720.97,8639.94,8749.35,8328.53
6129.85,2725.70,8559.10,4729.21,3120.11,7216.39
5020.95,6242.48,1860.48,3014.03,6401.34,7073.99
9674.22,5291.82,2750.38,9730.01,6152.67,5437.85
1762.66,1695.45,5351.94,2520.12,8158.64,9486.54
6708.53,597.57,3035.52,3885.59,7503.82,3319.47
877.35,6738.08,9904.89,990.79,1698.08,7603.77
3047.01,9460.05,3776.04,9308.13,9413.46,1740.78
6302.53,1041.32,2923.79,2647.25,7012.85,1473.48
9927.74,73.36,4202.86,5896.84,9098.37,9608.86
8077.24,263.87,7733.64,3350.98,8295.92,1555.30
434.30,9306.24,1616.71,9844.43,5384.36,4468.57
7599.34,5986.44,7137.09,8172.44,7749.88,756.74
8443.51,7868.31,8536.12,3901.96,1002.48,1749.56
4013.80,4224.54,1818.91,5929.25,8690.33,2889.15
8217.91,6042.71,5591.95,7268.71,6798.80,9809.09
4838.38,6321.02,6964.00,2531.89,1832.73,8029.69
1504.11,8115.31,6660.49,2808.34,9752.92,248.67
6506.57,4093.52,4985.48,6617.82,8149.07,388.97
7327.38,1287.50,9253.57,2285.11,3478.98,7319.59
62.97,1132.30,159.60,4145.50,9160.01,6080.02
8375.62,5053.43,6698.37,9583.61,3756.48,1268.72
4269.04,3626.98,7626.02,3716.17,4033.11,9394.43
3171.76,128.72,6562.87,2145.38,3963.41,1836.33
690.25,4775.96,6780.28,9011.57,2907.34,4572.20
1593.19,3380.02,4995.44,4246.22,1638.12,5666.73
5147.77,5737.68,752.71,4345.70,1474.86,9498.14
1647.26,9103.55,1819.53,2280.65,7713.54,6998.70
1783.58,4671.22,3800.23,3228.84,1183.74,2797.38
1801.24,9757.54,7731.00,3291.14,4491.15,7586.45
906.70,9492.52,5730.37,5399.25,5933.96,7364.35
6646.67,2561.73,6686.14,8297.64,3877.99,1145.75
1825.02,858.72,5956.88,6570.17,5347.75,1394.85
4207.73,4655.88,1407.49,7474.48,628.06,2624.09
7949.80,8436.80,7352.82,9937.69,4543.14,3244.45
4153.02,9010.87,904.09,6831.18,6769.85,6183.10
4171.33,1337.24,5757.27,4897.82,7437.31,2145.22
4758.03,5560.42,2969.23,9824.25,5367.16,8893.58
1473.32,5574.53,9197.00,744.95,4145.56,7724.35
7089.01,6750.76,3684.91,2228.60,6997.63,8349.16
8330.85,4783.45,9420.66,8951.94,3149.93,9285.16
7352.33,7209.33,5888.45,9897.12,8708.28,2484.85
8141.56,9984.52,9330.28,8726.07,864.95,7360.89
2784.37,6893.97,4905.45,835.92,1013.87,112.76
734.49,3845.62,2752.32,8331.14,4264.77,4826.73
5324.19,6705.46,3936.21,9675.50,7648.38,4286.82
9041.26,1152.96,6001.07,6550.37,465.90,9492.89
4680.12,99.14,9798.93,2897.33,9554.27,5568.42
1244.38,4477.77,1078.32,398.72,2642.96,6646.98
1412.77,1101.65,4830.51,9485.20,7960.50,7446.25
8643.54,9085.98,4270.06,1306.14,1647.46,5506.76
6944.50,7639.52,4669.48,626.73,1958.34,7629.06
4638.90,4527.87,3967.20,366.57,425.33,7656.71
2872.03,1665.54,6910.60,779.75,3105.10,5331.95
691.58,5070.94,1395.94,2960.94,3461.62,2364.02
7711.39,3887.63,2249.61,8810.30,5215.36,207.73
5478.88,5036.83,1129.09,3826.29,796.73,8377.18
8849.35,4162.33,9105.14,523.25,9950.54,3136.69
2539.21,7679.78,9954.63,3324.29,580.87,6595.62
5731.53,3810.06,4771.47,9251.21,4796.14,7898.15
7479.45,4989.80,4980.89,8009.80,5967.66,3509.06
5149.60,5945.07,4958.81,6272.01,3139.31,5381.42
6790.42,8245.14,628.55,4727.46,7732.60,4471.17
284.94,2496.32,5934.82,193.25,599.59,2063.77
3877.84,9348.30,1480.38,8146.67,5974.06,9650.26
4387.52,5067.09,8812.90,3334.93,9685.45,2708.12
1367.56,2539.94,3026.68,6134.13,9670.90,2538.94
9845.96,3620.38,3524.06,6383.88,1813.81,6117.48
2418.12,5603.89,7783.12,5996.25,8992.24,9933.21
3174.07,9518.29,5584.39,3818.75,8076.09,4986.36
6095.81,6334.03,3381.92,9703.32,738.72,1016.85
873.36,3173.40,4430.40,9864.25,2397.75,3564.98
2580.78,3089.39,5857.82,850.90,7744.42,7927.82
2066.86,2566.84,5913.65,2105.01,1548.93,321.34
1595.05,6797.56,9668.36,2404.12,6354.74,1979.40
4879.03,1532.82,7595.96,115.57,9682.18,1553.12
172.23,4082.24,3334.35,9315.53,7114.41,7377.99
8351.58,5259.59,7685.55,309.89,2008.93,3189.20
9999.00,5030.15,1231.17,2603.22,5543.76,2580.54
9733.49,2390.85,9653.05,7071.12,2466.62,3914.76
9983.00,747.09,2995.71,8241.50,651.08,4375.18
2098.90,5387.42,718.31,4760.25,8851.04,9922.72
4207.52,7125.43,4631.32,9143.56,2782.50,5823.31
7603.03,2194.90,1049.65,1885.27,8168.05,8559.79
1837.62,6927.69,4512.17,4288.38,5352.42,3419.67
1331.82,5842.40,889.06,5321.60,6285.94,8673.72
4272.03,7190.21,8874.59,8935.34,1688.24,1442.82
5407.85,5411.92,898.98,7321.95,57.96,1167.07
3690.24,5924.50,1533.26,726.79,2143.38,6635.35
2843.43,217.25,3857.05,529.99,768.09,5007.12
8197.93,4643.15,4932.76,1847.93,7345.91,5776.10
2477.89,5041.70,1868.55,7522.41,8133.57,3809.78
7410.80,6923.76,3566.56,3918.72,1997.57,1351.46
1772.34,4189.49,6208.10,7894.31,5490.91,5.45
6666.24,6739.36,9742.76,3535.48,7733.32,412.35
2214.15,2429.09,5722.37,7922.85,979.53,914.27
5646.78,5347.80,5141.42,7184.72,3113.68,3026.02
4857.78,9466.95,1527.63,6772.58,6636.91,7096.51
8530.12,2524.47,9396.88,1025.83,2664.60,6287.85
5701.29,3951.73,2991.83,1888.30,5025.08,3715.81
6667.51,7365.22,2420.75,9127.21,6357.00,3835.87
9748.44,7929.95,9626.54,4888.69,9652.78,6627.48
3211.41,1035.61,2532.35,6475.72,5970.60,5554.75
8943.96,2007.84,6923.04,2334.76,6111.39,8927.94
8636.19,7053.55,6843.59,6444.40,7962.80,2545.11
1983.86,2972.59,515.77,2406.38,689.84,775.70
1508.53,7442.53,7913.36,2203.53,4248.33,8382.13
1374.53,2485.51,3987.88,4750.13,6953.82,793.25
7987.07,5198.30,9123.41,3684.14,4848.67,8007.96
7406.91,3978.98,2620.29,2513.41,4273.16,1555.12
3804.32,153.68,4019.78,9281.27,4756.97,160.06
6270.31,7371.01,6427.30,2677.25,6919.44,2230.83
8937.75,3594.58,2036.26,8032.48,4045.86,598.03
1770.07,5621.37,5437.57,8338.13,4124.58,9076.65
5473.69,8064.79,9563.82,5742.89,7514.35,3296.45
2534.26,2205.21,8524.93,9054.41,9859.96,9472.84
7245.70,2806.08,6720.98,9675.74,2912.56,4857.51
154.25,3844.02,420.27,8248.25,8886.50,1608.61
7149.92,2584.60,5947.04,5868.13,1639.74,7656.79
4412.62,2123.76,1814.29,3925.69,5128.38,8289.45
9547.05,7014.27,646.48,4825.08,7762.70,5686.76
2961.13,1813.65,3977.00,7465.81,8389.97,3042.81
8248.22,7309.22,8060.62,5501.10,6208.73,2549.41
7270.34,8286.68,4190.18,990.06,64.40,115.04
362.50,795.11,6437.64,8210.07,7187.87,9629.25
8806.74,6592.45,1671.56,9438.01,1146.23,6520.97
8019.70,3711.22,8133.24,7124.78,8990.10,4885.02
6358.82,3716.07,9365.03,20.70,3168.54,3889.53
1306.99,4265.82,7413.56,8352.87,4516.26,5886.40
7341.13,7464.93,280.42,171.69,4294.77,9644.41
6675.72,6868.66,7872.23,1987.81,130.96,3203.69
6045.50,8167.57,267.63,7008.82,2392.37,3519.69
8386.19,2681.41,5294.74,5860.37,2474.86,3147.68
7343.09,6192.68,537.08,6787.12,3351.97,1422.37
6891.62,1643.22,6653.54,5504.71,7424.29,7709.12
4057.54,9857.44,1896.84,5002.10,3800.81,7602.26
8387.84,75.42,1418.57,6859.35,9331.71,1813.76
6557.62,5878.87,2879.94,5674.68,1249.88,7238.41
7330.90,2939.00,9524.33,6549.54,8113.27,3006.66
2815.67,6935.60,8905.57,7066.53,9903.21,5918.18
2449.92,3269.90,7325.10,118.30,6692.05,7472.38
6037.93,1287.01,5849.59,9382.97,2179.08,1461.34
3999.72,5352.20,629.76,7228.07,5728.27,2081.07
2010.55,7628.15,5677.52,2602.02,5042.16,303.74
2879.84,4257.07,8327.48,2223.12,9510.44,2197.45
6223.27,2347.17,478.79,9320.34,4429.05,1058.50
780.20,3175.07,9883.87,3817.97,538.66,9790.03
5308.30,1702.65,9039.21,7006.29,4811.43,2375.54
5450.25,4970.34,4500.39,5016.71,9169.96,3807.84
6076.49,713.27,7495.51,1669.05,7331.03,4172.48
6946.10,8626.50,6786.13,3785.50,5833.36,1512.70
195.79,9902.25,6110.73,31.28,1281.73,7617.46
5259.44,8081.56,5260.45,8425.87,6665.84,8987.85
5825.50,5350.13,7590.13,5068.50,6045.68,2588.26
6415.05,9433.47,9966.46,5251.50,7806.13,1422.32
6445.32,6813.26,5213.09,2072.87,3839.38,5500.06
8747.26,4778.77,9830.65,5207.51,3139.06,5305.17
8111.32,9722.72,468.19,1355.63,7096.38,9346.87
1119.74,6615.18,9169.08,2366.80,430.52,5166.44
1932.55,438.54,8684.40,1001.39,4878.99,5216.51
9434.01,1917.21,7891.13,4452.61,4808.10,1532.61
9372.39,8090.66,3359.90,3041.52,1510.78,687.92
9183.29,1067.68,7122.79,3606.97,9794.58,6873.57
1934.39,9795.83,6136.40,4873.04,6872.76,7699.78
2009.33,7102.25,6592.12,6305.64,748.55,4956.59
8778.67,3089.98,1289.35,2210.33,9908.87,8124.91
2196.68,1999.91,776.20,7840.37,2110.88,2825.02
8553.93,7515.28,8780.41,5570.25,8300.12,8542.83
9530.86,1437.71,9904.27,1671.51,2938.23,2247.54
7543.42,8109.24,4034.54,5150.16,9638.65,8978.63
5172.60,1965.59,482.95,3285.95,4298.24,3491.12
519.84,7601.81,8126.96,6541.44,9679.99,8939.54
1916.23,2918.32,128.94,683.93,4630.96,7.53
5392.11,8627.08,2670.82,5670.62,4578.38,5391.07
3476.89,7179.54,3793.30,7651.61,6747.83,615.68
4909.39,9423.27,5825.65,816.51,2902.28,8791.01
1114.02,2044.13,619.81,1995.87,9961.25,7249.98
8974.38,7164.44,3011.12,5214.10,48.27,2949.56
187.40,6500.95,2575.83,7039.58,1430.24,5089.30
2594.75,9255.80,6586.61,6682.52,9307.60,2672.89
1509.69,7910.77,3066.14,9453.84,3707.54,4376.17
4390.89,8645.49,5222.33,5496.03,2634.47,9213.66
1107.41,616.19,1697.44,2765.19,573.32,1786.55
9060.02,9637.46,7823.54,5853.87,3528.88,7192.33
9406.73,6025.38,9521.90,497.31,1428.04,4532.26
6229.93,9280.91,4865.88,6537.93,6855.11,8940.70
2598.86,8002.11,7030.64,1517.03,7969.36,8203.42
9000.62,7593.41,697.10,5797.51,504.99,169.60
841.91,5453.14,7406.59,7220.11,4269.75,8380.45
8592.78,4947.89,1546.34,2857.64,4043.67,6754.23
9610.21,8453.63,8913.11,5557.03,9955.03,4951.97
3813.75,1914.24,4578.30,1310.05,6557.47,119.49
4807.17,5907.62,4420.86,2305.16,989.07,1875.23
3670.35,3622.65,7528.15,5863.35,3575.10,8427.64
2034.01,9856.95,8716.46,8974.88,6273.92,2437.83
7815.44,5039.53,2780.44,8419.18,4900.00,5025.38
156.13,6731.00,5579.62,2951.63,9397.22,8304.47
2784.28,2722.65,7696.36,5045.44,5631.14,9003.76
2117.79,9533.17,7963.82,4102.28,2029.15,1609.21
9536.97,4793.90,0.13,4826.21,1501.93,1967.06
6404.02,7538.36,2445.45,899.32,9230.33,3905.22
1970.73,261.04,5540.59,4807.12,2821.71,6117.06
6557.88,2358.13,4240.03,7231.79,6868.91,2219.82
2432.48,495.68,8221.06,7575.26,6086.05,4294.23
8298.08,6726.88,7955.18,745.22,6959.26,2810.07
4004.66,6288.32,1892.35,6674.10,1847.10,4933.77
9550.91,9386.83,4983.07,4864.29,3829.54,1508.44
249.65,96.84,544.41,1236.09,3231.60,1401.46
456.14,6555.90,7322.46,3690.18,6965.87,9863.13
1789.70,6657.86,317.81,305.94,9584.36,9707.22
7278.55,6214.80,6069.94,9767.10,5024.37,2535.26
2468.58,8863.92,9457.19,988.49,1941.99,2511.31
6746.27,1214.15,9895.51,4385.17,5617.01,8405.85
1175.23,404.46,4640.07,211.51,4207.76,896.99
7644.55,3535.66,7723.40,286.09,2659.88,5730.98
2209.42,3112.19,851.76,9830.17,999.99,2139.95
9155.10,9248.47,338.59,7384.46,3999.48,5925.11
3187.25,5376.55,7356.55,9869.27,967.65,2200.24
5459.50,9491.07,4659.31,7970.18,3329.92,3106.00
6455.26,9315.94,1738.32,9767.99,3590.00,6549.02
7384.24,3521.53,6429.55,6847.20,15.88,7099.20
1020.92,6927.12,9582.36,8212.69,3517.94,6049.94
4498.27,7520.48,5750.34,1182.07,5819.50,428.92
5496.72,759.96,2623.05,5182.78,9066.59,2891.59
964.91,9556.09,4592.03,8258.20,8886.92,7238.49
6422.84,172.55,9510.93,9256.07,7242.26,5463.77
1063.79,846.37,270.07,6606.74,1249.63,5184.96
448.55,3791.22,9504.13,7737.88,2942.65,3612.11
3016.73,3670.94,8290.86,9314.74,6670.51,3298.35
7560.44,5541.83,5244.61,2460.44,6350.41,6602.37
5533.59,3729.91,596.54,1582.45,643.97,7683.20
5624.73,2627.25,5662.62,1489.84,8185.36,5411.45
1549.51,7203.78,8477.02,3924.38,4969.26,4459.14
5972.87,5352.95,850.99,7346.27,170.88,5939.98
8006.35,9330.62,7559.41,3239.05,8598.49,5805.37
1678.85,5563.62,6453.00,2488.69,2783.91,6904.78
8726.52,8980.60,701.70,9731.03,2310.06,8307.13
2292.55,1339.13,6496.77,4401.45,3334.71,454.47
9245.81,8308.83,5832.17,1941.63,8202.71,1538.43
7943.17,6314.10,3873.01,1099.97,4907.78,1615.57
9794.56,5907.84,2953.02,2258.15,7343.63,8802.48
1111.29,4244.60,7134.27,6835.42,3033.81,3927.81
7416.93,9386.59,9211.01,4985.97,3977.78,6306.62
7047.84,4221.32,5753.90,9383.52,3414.32,6237.83
8386.13,6946.38,4268.50,6143.58,9061.81,7865.33
4989.06,3725.48,3482.01,7009.17,698.84,1453.37
9381.63,5431.92,5051.70,673.38,8594.40,1435.69
5143.03,9844.22,772.04,9389.24,20.23,9202.08
3387.65,7971.43,6366.45,1498.65,7715.33,5308.78
1567.33,3710.99,6762.25,8208.42,268.11,7975.53
4875.05,2285.37,6284.98,747.88,8494.34,8707.46
1248.68,736.33,6211.58,6604.22,1788.57,7533.40
6004.40,373.79,3210.73,3549.06,3273.57,4403.61
826.21,1998.39,7291.33,5018.97,9330.79,3629.12
6561.15,6483.57,3062.95,3213.29,907.22,9843.00
7589.13,3233.97,6130.03,2408.09,5969.84,1776.06
6972.12,6994.42,2662.51,9963.24,6314.24,7595.98
1768.56,4843.26,5577.97,8025.09,6168.88,409.89
5909.76,7807.41,9328.08,1771.47,7944.17,9344.74
6631.85,6029.55,4780.63,4102.01,52.94,2919.26
2147.71,330.59,5648.10,8119.24,8445.55,284.27
2132.67,2021.92,9768.77,4518.86,5746.03,7719.94
5188.45,3284.10,7115.74,7446.25,2290.52,4781.58
8771.43,9721.93,862.66,2081.33,796.29,9958.18
3461.54,6478.72,5934.33,2900.26,6423.84,5546.18
1585.84,4360.31,4345.12,8907.64,6230.74,3145.82
9621.98,1189.76,5354.08,9120.55,2093.96,7801.35
4410.39,5666.57,4055.85,9.86,2406.96,5195.39
7881.96,4123.41,4882.82,892.12,4966.09,7543.31
3573.44,8460.46,4600.57,9406.77,5669.90,1630.95
7953.35,8116.40,4774.35,248.91,1488.19,6642.81
2196.41,3428.84,9608.16,9620.33,4320.37,3415.28
4778.37,6008.26,2685.96,8496.13,5318.32,9943.86
1468.76,2301.86,1270.13,5516.00,6123.08,8038.40
1909.86,7726.33,1236.64,2740.84,5799.96,6221.59
593.61,3733.39,2895.34,3817.15,6230.44,42.11
8442.22,3660.82,3253.81,1343.59,6106.09,7418.82
5319.37,6537.07,1940.02,5350.81,1925.32,8400.14
8599.27,6898.00,3476.79,4341.58,2277.18,1004.79
808.59,6141.54,9169.40,4344.39,1647.08,1383.36
5467.13,96.88,8341.39,2744.21,776.35,4647.04
8246.07,8225.79,5571.72,3291.70,6149.42,5849.33
586.62,2910.73,1919.05,1522.97,2499.80,6395.94
1431.06,1800.14,4226.26,3752.76,5956.58,3730.28
7717.89,277.92,604.45,3824.41,9392.60,9534.95
9273.01,8701.13,7857.06,9409.17,3250.73,8706.52
614.70,7498.49,4740.26,2388.77,3871.65,6834.91
8843.03,6641.47,7359.19,4021.95,7252.24,5119.75
5995.56,6148.08,6626.50,2930.63,7193.86,9344.01
3345.71,2220.27,4203.59,6955.96,6007.29,8007.86
1461.79,2739.49,7214.32,9591.91,1688.92,709.55
8809.00,9587.72,4906.16,8785.91,8815.62,9389.88
5022.86,1917.24,5085.63,1999.39,3884.25,7147.08
4319.30,4268.47,6407.10,1355.31,5782.96,2976.95
267.70,3499.22,8710.37,4790.90,6438.32,5435.62
9517.70,3486.33,7056.33,8557.62,7519.93,8897.83
5287.31,128.06,3688.74,359.98,4085.10,9832.52
6336.07,8807.60,6598.74,6594.51,1178.02,4408.84
2030.28,2058.23,3188.79,2334.60,9210.41,5608.56
5665.56,5589.33,5729.88,3946.16,1919.71,8409.27
7229.50,192.82,5745.64,8431.24,9122.66,887.73
5843.19,8647.80,1238.60,8721.26,4091.84,5040.68
9801.05,6679.57,8533.14,3560.41,7823.12,6806.48
6406.19,5270.31,7326.12,2060.52,8357.66,3383.73
981.20,6020.34,8417.08,1630.46,8483.43,8014.07
3778.16,8781.84,2927.57,2986.39,749.56,9.18
4011.62,711.89,7954.19,2744.09,589.54,5011.53
7744.80,595.70,4592.94,5692.73,7348.95,628.21
7164.30,1490.66,560.94,8810.29,343.56,5748.96
9727.54,1566.90,3380.41,6165.32,1016.81,6657.27
6177.87,83.28,1780.94,3536.02,2894.92,4905.31
3192.54,9092.47,1784.62,874.73,4855.31,5046.36
3024.81,7143.78,9304.75,4848.94,3680.18,7722.93
1766.69,1195.02,9927.20,4045.30,5356.60,1811.05
2950.21,4702.15,3650.94,6741.33,1223.30,9772.92
3096.38,3060.21,3998.96,4722.09,7021.00,1700.27
1805.86,7741.33,2588.08,5055.42,3246.93,1397.49
7833.38,4354.27,9393.08,9256.27,447.31,7166.97
6381.74,9444.79,9508.73,3387.04,6092.22,1943.59
9813.58,4469.22,3104.77,9005.64,526.38,2019.97
3016.58,8415.43,6361.47,3287.97,7088.35,9865.30
8181.32,5661.14,4333.14,2021.22,2535.32,599.66
7667.56,422.25,9983.01,7001.39,6362.49,848.49
9496.16,5880.28,6087.88,9873.84,5035.38,3883.97
5662.89,8942.70,4678.07,4029.45,4551.75,6910.71
5612.77,8164.75,3735.86,2058.64,9800.08,2792.89
4537.21,2844.48,3970.48,8190.98,923.72,3030.22
2415.61,4832.10,7115.62,5127.54,9666.24,6095.24
6515.92,2336.80,1500.30,3183.53,8447.75,7212.68
1465.13,8889.45,4823.79,5719.83,6104.67,7186.61
5122.34,4223.81,8915.40,7946.62,9890.62,8208.46
4607.32,1773.83,4420.35,1498.99,4495.11,7103.03
6258.65,7779.58,7665.29,2296.05,3168.88,9584.63
186.60,3345.42,9048.18,9038.52,856.56,1521.12
7719.01,56.71,1757.71,1110.39,4496.57,8456.00
3332.54,8948.84,1991.51,6863.53,7439.95,4422.43
4349.08,1791.38,9726.59,4419.94,7277.16,6232.15
4392.33,7759.34,3893.63,3446.18,1380.25,6592.00
5648.97,4311.19,2504.73,1420.42,6478.52,5605.84
1661.48,1014.99,1978.57,7923.74,897.23,1268.31
2670.22,7138.85,7509.49,1441.43,6030.31,204.67
9419.50,7387.05,8199.31,4423.49,5620.74,8885.59
6749.31,4915.06,4666.28,9093.85,6883.94,9395.18
2992.66,8140.73,2405.54,9174.32,7087.62,9128.61
193.70,5820.22,7936.67,57.71,9279.60,7000.81
2992.19,2232.37,8813.75,6116.77,2396.74,7142.54
8389.19,7306.89,7001.24,7231.74,2507.45,2467.81
5867.09,4025.47,5788.63,9182.66,2997.78,8432.69
4145.58,7510.43,7047.22,1202.87,9511.99,8664.86
1850.44,2400.72,7519.34,9788.46,7000.27,8040.58
9911.00,2650.44,3973.72,7931.38,1903.02,388.34
9564.87,6762.64,2638.14,4979.65,604.07,479.56
5954.38,4143.40,4826.39,1247.94,9540.94,7653.82
2156.62,5739.44,6019.51,3371.17,4060.30,8775.29
1656.21,6374.77,9454.29,5796.39,7081.35,8180.76
5056.19,7525.19,6385.16,6019.79,9924.65,7125.13
4053.99,5492.56,6821.23,3384.25,2360.40,8867.07
3053.55,4862.63,5642.58,5618.61,9823.85,2171.02
3635.28,9364.69,8931.80,1240.75,3725.78,3686.29
2154.77,3714.91,862.34,1644.96,4718.59,9168.98
4822.26,139.06,9439.16,676.14,6715.74,2668.31
2844.29,8003.82,8420.57,8260.09,1774.72,2468.85
5558.75,9368.97,9868.30,9437.02,2504.99,1190.91
556.05,9954.82,3622.32,2387.21,9096.33,3583.13
1329.96,4205.31,880.05,8687.29,8342.19,3586.99
9502.53,166.30,3387.23,2003.30,4613.16,2015.21
9273.84,4714.94,6474.29,6425.58,2452.07,1663.93
2828.32,5783.55,6801.02,1091.43,1769.25,4043.79
9737.30,1458.06,3722.59,6536.86,4685.55,9289.56
9236.89,4075.20,7884.96,9370.89,5027.51,6605.36
3735.42,2664.43,8408.10,6974.44,9054.21,8055.02
8757.04,4351.08,5171.27,7987.16,5250.74,950.85
8757.71,9912.55,646.96,1928.73,901.12,3473.43
8816.15,5188.06,8970.05,506.16,5369.68,8746.05
9104.08,3821.81,1964.59,208.15,5116.44,5765.48
8697.84,868.11,959.70,3674.48,3876.84,4671.10
9004.80,519.05,9143.10,8657.70,1382.08,955.71
6299.88,8544.43,9014.16,8300.14,4157.86,4424.23
7973.52,5254.97,4711.91,5175.56,9573.24,7186.28
1336.73,8158.48,3476.77,9770.52,293.25,7981.49
7380.22,1129.91,2045.06,9158.88,7576.23,713.08
2621.82,8394.97,2119.65,2638.14,2349.29,8739.26
2879.62,4800.37,191.37,5620.99,7729.87,6663.64
2048.89,3857.21,1516.46,5975.37,9813.32,9988.55
341.37,7976.64,4936.05,4561.49,5948.78,8169.74
5723.98,5108.07,619.11,318.57,9173.32,9854.40
1798.37,1521.17,3572.69,3054.60,1962.82,7789.68
1290.91,7039.43,5736.23,9999.37,5322.43,6755.45
7205.02,2684.43,8487.57,6656.71,5102.29,982.61
8262.21,2636.08,3074.57,9725.16,7890.64,1622.69
2511.51,9025.06,4228.28,2534.81,5315.50,7723.60
6129.75,345.32,9062.81,894.33,6969.35,7513.25
6709.57,6234.37,5216.61,4329.82,2088.44,5769.47
4481.50,9428.24,6598.66,9615.97,7073.40,6965.83
833.79,6706.10,827.90,1406.20,2505.47,6235.94
226.06,3067.94,1361.10,6641.97,3860.32,5539.45
5955.01,4571.26,6777.64,9777.18,168.83,1990.80
3854.45,4441.95,6213.73,3208.54,8550.66,4627.75
4224.48,6442.23,5534.69,5155.93,1563.71,7.09
2698.62,7329.68,2869.40,2176.48,8059.70,5324.68
7922.80,1805.18,1461.07,449.67,6781.09,4135.79
7154.03,7454.36,2351.06,6745.92,8361.55,128.12
1959.42,2209.53,403.13,6894.61,3274.07,4566.30
6312.87,6024.18,7641.18,6740.67,7580.51,7294.13
6928.69,3167.26,7787.08,9303.55,6478.03,119.13
125.43,8788.58,6312.04,8130.32,1670.99,6470.85
3973.54,4715.88,8001.93,940.25,1360.61,3429.99
5052.74,8930.47,5655.34,973.01,6632.36,9139.88
7423.56,2276.11,3351.67,8495.48,4474.88,2509.27
9260.98,4432.24,5045.95,6879.09,2612.15,2385.57
1467.29,7710.20,6319.35,9405.09,3883.38,1280.87
1919.24,811.73,1315.25,8674.76,9966.58,7474.56
5298.73,9.54,1255.64,360.37,8063.79,7990.70
5054.94,7212.36,8488.21,28.64,3782.39,4046.85
8206.97,3202.01,6776.94,7741.45,4634.50,877.43
8149.48,2586.53,89.76,9359.38,7559.36,4205.10
3342.52,8678.43,2417.27,8370.12,3880.66,312.63
96.12,416.74,2067.05,6230.09,2858.24,5221.08
9205.17,1007.49,3748.34,1340.71,2117.61,2557.91
1648.84,4184.80,5106.53,5020.60,244.49,9677.00
4575.45,4859.77,2892.34,6664.71,9130.13,2082.46
4683.76,3137.16,1132.66,420.53,5767.32,4601.16
4173.16,269.26,5263.79,4088.59,1222.64,5253.08
5022.92,6651.32,834.68,7321.73,3515.81,8595.15
5472.71,3698.05,5549.12,6399.10,398.54,5268.59
8931.79,1463.60,4890.97,6262.03,6156.37,3699.79
3902.89,9164.13,8501.47,6032.71,3768.56,6359.97
5294.31,7446.41,8354.66,1584.08,5061.14,6532.64
7973.10,4464.96,5135.11,7495.50,5374.03,9399.22
5594.06,7811.16,4605.36,2288.78,2286.87,7181.92
8139.55,2293.00,9780.86,6169.23,4595.39,1135.91
2186.30,4465.07,7421.68,7742.45,7364.68,2056.29
2284.46,4569.12,2799.97,3897.96,6150.14,2498.77
8515.79,3601.42,7447.92,8116.31,2617.36,7366.95
7715.25,4939.81,3153.17,6508.03,5320.44,958.34
2549.02,865.53,8018.48,4757.43,7870.35,3415.72
1323.65,4131.30,467.08,8093.70,6440.18,2626.73
3737.33,872.63,2783.13,9965.74,8532.28,3585.07
4307.05,4621.60,1662.53,4939.85,4078.68,9138.32
385.59,3790.45,586.31,4882.85,8930.22,6617.53
5726.47,9240.46,8307.14,311.10,6517.29,9081.80
8958.73,6458.83,1808.19,3648.82,9181.03,4010.87
7408.50,7133.27,6000.95,9220.56,7619.17,1871.07
4207.36,9852.17,9437.32,3321.34,3467.80,6742.64
8431.87,1461.25,9734.44,4237.46,2641.70,3720.44
4818.66,1376.73,3035.12,3526.05,3774.84,7617.94
1191.89,7863.57,670.48,6498.17,8448.99,4319.16
1480.18,309.25,7095.30,3135.66,5603.61,8527.56
2070.86,5424.31,101.14,5827.99,8788.62,7830.71
5150.81,2195.81,82.23,6142.04,7732.35,9282.25
2354.42,5553.01,331.94,8507.55,9275.41,5463.64
2097.55,2023.18,8854.58,6406.71,4797.55,7422.73
1642.55,2759.08,561.60,3322.58,1111.72,3196.55
7602.89,8719.89,304.44,9035.33,4959.71,6109.09
9803.11,7701.20,7323.21,4338.00,7184.80,6217.85
3120.98,6327.98,9085.27,2902.66,8496.59,9138.96
773.08,7197.76,4156.65,454.13,5864.86,2246.30
782.26,5226.01,3483.13,751.82,5443.37,7868.77
6510.98,5634.68,4.64,4982.00,2025.49,3094.79
837.92,8158.03,7461.79,7329.49,4578.28,9239.72
8831.00,5798.19,641.26,6084.34,640.72,3735.26
1825.65,9269.75,4516.49,7776.64,7550.82,8243.05
4150.30,1947.18,9497.87,1740.72,5710.02,192.57
3300.98,3391.76,840.17,5697.71,7389.55,1091.30
639.70,7404.21,5961.39,4581.79,7288.31,823.37
5107.02,2393.31,9754.71,5882.21,9547.50,5455.63
5731.99,6672.63,5859.62,3206.99,3486.47,1259.76
1073.53,2891.17,3436.42,2954.15,4380.55,4107.57
6724.06,2318.36,7896.41,4263.27,9003.09,6747.89
8470.68,7886.43,2407.62,5503.51,8114.31,7274.18
7607.40,2530.40,2129.91,2848.07,9118.80,2989.05
3049.91,1628.03,1989.46,9274.37,6013.24,7771.93
6126.76,4357.04,7127.90,2480.66,9120.98,3674.88
6431.19,7375.81,8705.32,3722.78,9569.21,2764.95
6419.52,7234.50,4357.65,5173.63,2762.94,9503.53
9271.94,9035.70,51.27,6887.55,5405.94,364.10
6812.30,6789.29,8246.38,1088.80,3186.78,5478.78
6108.03,8278.08,548.91,4120.23,16.82,7866.96
4914.93,8864.62,5875.45,5393.16,2821.29,5706.98
1516.37,2553.12,1872.88,8750.02,5032.11,2445.08
8476.24,5605.68,2043.19,7257.29,4841.73,5629.46
7410.99,3965.73,7962.31,2369.37,6051.81,7560.41
4458.80,9786.99,8470.95,8020.88,1294.74,7793.69
4419.70,9769.79,1021.91,3211.60,3029.99,1317.65
9758.36,6424.35,7354.65,7894.37,9180.53,6145.95
5152.52,3892.00,6548.61,2504.77,2867.32,7698.94
6092.28,7298.12,8446.82,5351.09,9939.20,9572.28
5222.89,8527.66,9372.29,9778.68,6521.23,5811.82
9900.94,3208.31,8520.45,2971.72,2596.40,4733.16
7817.72,9557.80,8246.08,8485.32,3655.43,479.26
1745.99,5150.83,9465.76,9231.15,7021.16,6059.58
5600.96,6903.56,6315.02,3917.71,2980.88,5840.22
4082.13,9989.68,9728.53,7785.81,6821.23,4605.90
5601.31,9007.82,1066.98,5653.88,2728.67,3066.33
2048.27,5784.20,9678.46,7919.10,5457.54,893.90
321.20,7104.01,4927.87,6698.55,9546.98,716.60
5363.86,247.35,8083.09,2143.00,3610.31,4386.11
8410.88,9864.26,4013.53,3727.03,8515.93,3723.56
4183.88,6110.19,8860.04,4773.68,977.63,454.00
4184.86,3808.99,3310.22,6605.41,7176.71,8850.50
8885.63,9058.42,2742.72,2678.47,3947.94,9515.62
3933.05,7552.96,9127.12,3942.28,5725.47,9868.68
2236.70,5490.83,4344.50,6831.85,5084.43,1756.16
6424.37,7871.69,5416.35,8695.55,6610.61,7188.34
7554.20,7973.40,4100.33,2124.72,3637.29,2515.11
8382.47,5808.46,6011.07,4627.99,1992.31,1734.41
3266.45,4594.10,761.79,1893.91,7030.49,858.35
6584.45,4660.49,1456.10,5151.48,547.98,1920.40
4133.72,7009.20,568.82,4179.17,383.54,1566.43
2282.88,4264.84,7893.77,5867.11,8606.98,9391.90
2737.80,460.40,8092.86,5186.25,6083.19,6657.12
2227.28,9358.00,2436.44,9808.18,5728.52,35.14
508.93,6361.58,5586.55,3263.60,8885.30,7546.85
999.92,1156.81,3901.03,7880.34,4472.22,9919.92
516.04,110.79,8405.42,1175.92,6833.97,5965.76
9974.49,8032.46,4306.37,658.22,2531.01,2371.16
649.74,1808.68,8129.56,1453.29,7767.20,9329.44
3589.01,104.79,7658.87,9966.39,63.32,9940.13
3570.15,3878.51,6858.32,6158.34,6458.89,501.77
4679.78,5734.79,4280.54,6707.27,9988.55,7630.16
2488.27,125.40,4884.98,2267.69,6042.04,7732.23
429.70,812.56,4734.14,4994.65,4122.28,3553.14
621.85,2367.86,7155.08,4551.76,2142.45,6528.94
3993.11,2548.36,3683.94,2193.83,990.42,11.86
6404.05,3605.54,1636.78,5709.46,6371.58,6913.09
9582.88,5294.10,2062.60,8317.82,6481.34,5328.14
2980.32,8554.88,5138.03,6292.14,4649.36,8391.53
7285.03,8600.20,9166.19,7653.37,5606.63,1411.85
6050.22,2149.32,9065.97,9575.30,4902.11,904.66
2218.75,4575.78,612.39,9202.23,4143.46,1475.00
9370.15,9241.70,7915.47,7017.33,8864.52,2805.02
9007.32,6564.04,4122.45,3408.18,2691.21,7297.38
4645.39,1891.11,6136.45,1092.61,126.76,5485.04
600.41,8534.96,811.83,8698.14,271.41,7259.70
2424.52,984.15,806.56,4253.91,1857.58,208.11
8149.67,724.54,4426.03,5575.44,5970.34,8667.33
6450.25,7111.84,6434.49,1949.64,2230.66,9552.16
5636.69,8609.05,338.19,410.75,2655.51,4024.42
9107.27,788.88,8636.92,1513.34,2208.49,7295.64
3332.48,8209.88,2586.64,320.41,6545.40,6709.46
1491.58,9442.51,8011.06,1066.94,7480.14,4735.21
6652.58,7557.41,6978.47,6113.01,7332.27,3724.49
5883.51,681.11,1954.19,8582.07,1854.37,3546.79
7070.52,8740.83,707.95,8583.49,3396.59,1026.81
1290.21,5536.32,9586.87,4349.93,8841.37,9283.73
6216.05,1874.58,3538.70,6199.60,9292.80,4663.45
5709.15,3789.11,2966.55,5239.77,25.22,4017.65
8896.13,7581.57,6952.00,565.41,4691.59,5750.44
1908.29,3787.24,9141.70,3452.31,2370.54,6384.33
5287.90,2505.15,5452.10,5719.88,8765.74,9074.95
5538.00,6167.91,684.22,9525.26,3269.47,9456.58
9995.23,335.28,596.20,100.64,9917.57,5037.88
6252.86,5134.50,1608.18,732.54,2735.35,3667.03
4875.70,9635.91,4916.78,1667.09,8449.13,9556.45
428.41,7415.66,8398.82,2553.87,9199.43,9607.47
4838.73,5116.49,3745.76,1284.53,4720.97,4802.42
9437.77,1131.17,7927.89,967.44,1811.44,7413.25
1124.49,781.94,6147.97,4720.17,7074.22,5706.48
6731.69,5925.51,1352.45,2059.94,5345.85,1102.32
5494.21,2665.69,1445.60,7494.30,6552.38,7063.41
9561.78,1653.70,4077.53,7731.69,2007.80,2868.91
2074.27,7417.79,5977.30,5578.62,5246.40,8278.33
2966.47,1811.59,2115.34,3620.33,9697.37,1417.79
9244.53,173.29,5678.97,346.40,350.33,6474.28
5090.02,1281.80,5706.46,1327.44,199.34,119.22
4052.08,5975.67,5661.97,5004.05,4255.76,4861.91
7387.85,1177.41,3351.85,7124.29,930.24,2234.74
888.53,9147.51,109.85,2207.25,1022.95,8773.48
8674.16,1592.52,7915.05,9058.94,952.70,9974.59
2881.15,552.50,3626.16,1376.38,5772.81,8760.37
2351.85,6414.13,6654.87,5995.26,7245.56,114.84
9433.10,9001.52,3026.15,3034.96,2331.06,5450.55
5628.78,8737.28,7825.80,8006.50,2761.64,6437.81
3448.72,5316.62,3199.75,6551.05,6347.94,1792.94
1904.59,1134.24,9973.00,8723.83,6680.55,4963.20
7017.44,4441.43,3075.05,3143.83,3915.35,5462.54
8836.54,802.88,6907.90,5976.98,4438.26,2189.62
4070.41,7021.18,6434.10,8803.26,7435.83,1644.87
5191.78,3150.55,4741.22,2358.01,5900.59,1994.89
2012.54,6501.81,5937.28,158.11,9019.60,5517.14
4573.91,6994.96,5270.29,5809.52,8132.59,3503.28
5336.94,4752.49,1637.29,9034.47,5740.35,1867.98
5669.35,3316.37,1481.28,3355.12,9973.78,9613.73
6124.98,4265.93,5807.11,3296.74,6260.26,9391.05
243.79,2712.23,3532.51,6148.85,9593.48,8999.46
1172.67,4403.35,6759.71,4959.15,9840.66,6140.80
6193.50,8.49,4913.49,4023.75,5608.80,9367.61
3883.41,865.54,3300.16,1938.56,8074.65,3148.98
4514.50,2494.94,5546.46,927.65,927.23,1876.30
5224.75,7391.72,4710.34,3432.32,3389.60,3630.39
8935.66,5080.89,3026.61,6208.38,8483.17,3520.36
6.05,2090.32,6614.51,7895.41,9988.37,7091.25
2136.68,3338.01,9122.40,6657.91,7788.14,1417.17
9321.93,9207.09,3167.04,4644.53,637.29,7803.05
4653.01,7030.35,4145.95,77.40,94.95,7706.34
1716.31,4094.25,6473.15,1016.80,5703.32,9190.70
6619.32,4392.22,7695.60,7442.76,1801.63,314.83
6445.78,6017.18,4737.55,1677.25,1568.98,8359.38
6560.78,9666.88,8587.79,4560.02,6098.11,6618.38
5273.99,4037.34,6005.54,7129.21,1753.96,2379.29
3772.37,3165.08,802.23,4528.43,833.04,204.94
2170.59,5355.58,8507.07,492.27,5154.75,5258.75
86.39,9456.97,8546.41,3812.46,8415.39,276.16
6640.48,9313.75,8402.53,9525.39,4633.85,469.44
699.12,7567.12,7691.40,4601.68,5608.37,2714.12
1545.30,6845.24,6669.35,6079.91,7289.20,364.46
1368.06,4983.59,51.94,4074.94,5326.93,4001.26
1963.40,9106.23,7866.41,7202.07,921.30,6797.15
9920.63,2.14,6982.45,1749.93,3009.13,4742.04
3197.28,5364.76,3028.92,9562.05,6142.83,6885.65
2142.39,6297.16,7212.10,6532.13,6214.34,9890.07
1484.22,9059.66,2210.23,6203.09,8275.81,8232.36
3366.39,7010.60,7691.61,6778.75,8761.26,2088.41
411.26,4465.18,4042.51,6059.49,9288.13,7059.01
1155.95,9359.63,9775.11,597.38,5542.88,1896.40
3508.40,6931.83,8835.61,129.94,2198.58,1113.42
5609.37,6434.24,6729.20,7175.07,7669.02,3939.08
6792.19,4695.86,832.81,32.26,5661.19,3421.32
5782.48,3971.51,4971.90,7725.42,6758.36,4506.64
1140.65,9236.10,1109.54,7633.15,6143.79,6317.83
8196.16,1416.11,8160.61,8141.15,1298.10,9407.55
7953.05,5848.92,574.79,902.20,1772.16,1328.28
9343.52,6865.79,8213.94,1678.69,9238.02,9629.76
2805.44,6567.83,8145.64,2634.09,4949.24,3064.31
1456.16,6127.91,3412.01,1344.29,5157.94,9070.41
1663.17,6649.16,3833.32,8215.78,9693.92,6783.37
9194.06,2836.44,3443.78,9801.76,1432.02,2980.67
6806.57,1916.21,4600.55,5347.52,6445.34,9161.82
2377.08,407.88,6310.73,3160.34,6065.03,346.37
1606.44,9169.58,698.91,9090.80,9262.48,1352.79
3588.98,8063.47,6707.78,3600.14,3635.61,6578.71
6314.96,1631.71,4363.89,8480.60,1927.37,5416.35
1941.22,1386.54,1325.44,1616.31,8804.38,5521.09
7169.35,9435.94,8723.26,3751.72,6505.08,6544.53
6305.15,7715.98,8620.79,9998.56,1890.02,8971.53
5045.55,3653.70,2013.45,3832.50,9347.39,3850.81
447.32,8475.55,250.24,8512.84,3296.31,6894.60
5823.65,3645.52,7616.55,2181.49,7316.33,7455.79
4071.84,5737.19,5949.57,8045.99,5602.95,7289.44
2199.94,395.11,8741.20,5696.23,1610.44,6493.38
9744.12,7330.79,8368.69,8751.15,9005.58,9089.60
1677.34,4966.28,3489.31,1277.03,95.52,8799.60
8434.81,6972.60,8588.14,1841.45,2515.80,9793.33
8046.77,6960.95,9437.55,6215.52,9862.86,4064.77
4302.98,3113.90,2270.78,1206.54,417.39,8016.96
201.77,9706.95,5023.16,9713.72,8949.43,2384.42
9709.12,8639.44,9454.87,8554.35,8527.11,1383.04
928.71,1306.99,1034.59,4970.89,7722.81,7669.25
5446.67,4108.16,8049.20,3632.99,9643.17,6997.18
3949.01,537.08,4882.62,1572.86,2219.02,3477.97
4855.48,3004.21,4468.09,4600.66,714.94,4584.27
6227.09,9498.10,1897.61,950.97,1854.04,2203.52
5522.24,3248.25,9723.61,122.48,2286.41,1922.10
715.35,5684.04,5192.96,6513.60,6809.10,9385.50
8996.37,2166.00,8225.69,4116.99,5408.48,9765.04
4059.72,2314.62,6449.67,9060.00,2453.29,8891.74
7797.44,6589.58,4571.79,1953.27,7889.61,5197.51
9958.50,9928.74,6809.13,9578.37,7699.77,4006.60
8757.61,9565.71,8500.38,8400.88,3576.72,5984.15
7261.36,7505.13,8675.32,3976.33,2407.68,3482.68
5346.88,4776.20,6678.16,1573.72,4795.45,6879.70
5736.46,5363.29,3364.51,9930.73,5013.10,8418.75
6016.68,6110.84,506.30,3522.21,5456.88,789.63
6658.69,4613.85,7982.00,5626.58,3570.74,6438.20
3228.36,9417.81,8985.71,6534.44,861.96,930.13
8888.53,2456.54,6266.15,5829.22,9611.24,7243.31
8334.27,7984.19,789.81,7188.14,4132.24,8763.89
9592.72,1279.18,2041.57,1020.19,532.30,9781.18
800.05,2244.01,2919.64,5352.97,4854.47,9177.60
4207.24,9923.75,367.06,343.75,3093.81,839.77
4901.91,3437.73,9977.37,8924.50,3061.31,9831.29
5937.78,4943.54,1555.09,3759.97,4062.82,8787.43
218.17,7380.01,6641.49,8141.74,1420.47,3676.44
6771.87,1211.97,4005.28,8739.13,5380.27,3185.48
7.75,4124.10,2033.87,5549.93,9818.16,365.06
4285.60,7662.73,6451.24,1071.25,7589.86,9425.08
7338.17,2155.38,5181.12,1461.28,8655.88,170.38
3534.74,8624.23,8864.05,9619.23,3864.41,5492.69
8733.03,32.29,7625.38,161.84,6633.53,1138.22
8797.78,1313.39,5257.42,212.93,1902.68,4600.68
8323.61,8500.70,4548.97,8927.98,7379.75,6620.87
9024.20,3123.05,8135.31,7110.02,7877.42,6714.61
2632.52,1844.72,566.54,1168.43,6279.56,5204.94
2855.78,3568.88,6521.98,7707.49,6324.83,896.55
3115.80,8880.17,3469.32,3639.92,5822.58,7133.87
750.08,4331.95,6260.43,1480.60,2118.67,4811.43
4372.98,6740.84,9642.68,5242.33,8627.32,7451.90
8183.62,5821.60,1161.37,3247.84,7596.36,4220.83
8333.76,1365.98,2253.57,4058.67,4106.37,2085.39
6229.88,5743.10,6159.52,7855.71,3480.56,3316.29
7379.22,1966.39,6580.23,2700.69,6236.06,3425.33
8290.46,1563.46,1716.22,6988.63,6705.01,8731.39
3988.83,8230.41,212.06,8412.28,9201.81,4356.37
8896.95,6589.27,2905.60,1920.96,2843.20,5508.31
3895.67,7845.98,363.80,5995.58,5338.00,1362.61
9186.04,1897.88,2170.84,7350.25,1811.18,2326.42
5485.80,8979.71,3768.21,4836.24,9199.14,1726.97
3401.01,4417.96,9712.22,2209.95,4312.91,5933.12
2801.11,7878.89,7861.35,4104.57,2416.85,5196.14
7616.87,4991.37,2906.77,1898.26,8951.84,8783.48
2662.58,3691.74,4733.15,2996.73,8391.50,7390.49
1351.66,9534.40,721.65,2878.84,5826.45,1977.71
198.31,6202.65,6950.48,1680.48,1131.31,3129.35
3956.04,4874.87,3127.06,4717.80,8792.27,499.40
3355.24,9580.96,3867.05,308.09,8931.58,7624.13
3998.21,2424.70,726.18,553.09,3407.13,2142.07
2152.59,6889.62,2198.58,9450.00,7862.78,9293.08
9371.89,9475.16,3357.65,5010.79,9300.24,8727.33
6666.45,8243.92,4304.98,8460.96,4167.20,2216.86
5048.41,8589.28,1797.38,2771.17,7811.64,785.94
7830.68,4370.36,3725.73,5203.45,4442.14,941.82
4747.21,9224.82,6486.25,5014.75,6807.93,1182.46
2281.85,1505.08,8419.88,4202.49,9336.40,7390.17
688.09,9557.90,8372.29,5645.98,5232.18,7361.94
3867.22,3236.10,9930.18,477.92,3415.88,5471.38
1545.02,8676.33,2208.52,547.94,764.72,2622.12
1906.15,373.13,905.88,8818.94,2914.05,4483.42
8362.09,9841.86,323.13,5104.85,6543.30,8071.27
4493.48,2260.73,7166.20,3108.66,5054.51,6567.64
2012.00,4606.47,2853.52,927.38,2731.22,9449.51
4988.77,9082.85,5013.01,2538.83,4458.55,4784.46
5751.78,2980.44,934.19,6788.41,779.40,8134.52
5987.48,8396.04,1611.90,9101.83,45.86,4748.22
5291.12,5984.45,6470.47,4740.06,2669.24,1844.70
5548.81,6449.82,9572.54,1945.62,8662.55,6671.92
172.80,2271.59,9754.63,8403.34,8429.39,4757.55
9559.11,3251.46,5422.32,3859.14,9938.81,2127.06
8778.91,7090.72,6415.75,176.39,3475.36,6307.52
4234.50,7927.89,8984.85,6969.90,8087.61,6323.70
4363.48,5020.33,638.63,6780.90,1338.05,1024.92
4676.55,2238.43,9677.63,2402.61,4230.72,9198.52
8939.26,4433.21,3384.72,1875.33,5045.16,2810.81
8550.01,5753.38,7323.25,7072.60,4011.53,1842.94
3973.67,7414.78,7821.45,3195.64,2370.95,9397.44
1649.46,4160.12,4411.22,4112.67,5221.39,4290.63
8577.45,2773.51,4912.12,4614.54,2536.33,9507.58
9655.10,540.28,6258.41,9544.23,8379.62,2380.99
7088.91,4963.00,4522.14,6382.22,8431.17,824.82
8535.30,8958.65,8189.56,7617.78,6315.99,2725.12
5872.59,7517.68,124.41,1869.04,4787.68,5079.08
4165.67,9553.94,5067.94,7558.61,4935.91,8587.00
9231.23,3839.77,6623.99,5090.14,4231.85,199.79
5421.10,9943.84,1990.68,9989.02,914.51,1205.02
6758.10,1077.21,7623.62,9899.61,1542.83,5557.32
3790.58,4411.88,7600.04,6033.89,5163.00,1230.53
1150.68,5031.33,4585.07,3029.11,8542.68,6439.04
8378.28,3781.14,596.40,5055.05,3545.31,1121.14
4496.07,2665.13,8153.65,825.54,2343.74,4774.97
3371.00,4378.32,2330.07,453.15,8609.08,2677.36
5381.03,4014.07,5951.17,8063.49,2108.46,8781.32
2326.82,8137.14,4031.67,3824.55,358.44,3422.88
4279.51,332.93,9424.42,5669.64,6000.92,6485.75
900.71,8809.37,6968.02,4056.57,8821.73,7433.14
9264.08,5242.47,2587.90,7516.10,8165.08,729.87
8828.57,9506.50,6419.85,7606.81,6314.16,5770.54
9828.59,9566.43,3399.57,3732.94,378.34,8709.83
8749.17,2923.63,8471.01,2590.44,3627.77,4977.35
3914.12,5433.73,8225.84,3895.98,2458.87,767.04
1531.78,8761.41,676.81,6506.85,1183.63,3094.67
7873.19,9904.12,3177.00,3589.67,3817.24,8864.53
1441.91,3965.51,4508.67,6303.74,663.75,2193.26
483.33,7053.52,9714.10,1327.54,8429.89,6690.52
9020.30,6420.61,590.83,8261.45,5782.59,7277.86
3159.73,109.24,3754.55,487.99,9458.98,2335.65
4855.27,4982.76,7597.48,5582.55,9604.66,8707.55
7937.43,3210.04,8740.11,7604.32,1251.81,6063.14
4413.18,2059.08,9885.39,2575.80,9847.05,9790.72
5482.12,5767.39,9666.00,9338.99,4661.90,7173.30
5823.54,652.13,748.43,9878.05,453.81,5123.61
4108.61,204.81,2479.39,4783.88,3949.53,6806.77
2047.66,2691.73,3135.06,2826.55,27.85,9671.48
4716.66,8427.31,4332.39,935.44,8480.40,5891.83
8810.85,3684.14,6103.38,5925.90,3505.70,7784.85
7640.30,180.69,9040.79,9077.76,2993.26,1787.52
4026.81,1652.46,870.33,7980.01,3243.38,6556.22
5519.37,4188.85,8316.44,9300.44,4790.50,9358.94
9457.32,7314.41,4123.00,9004.37,1400.06,4433.67
6143.18,307.60,239.19,8975.92,1998.58,4851.80
26.49,9024.22,5339.56,8313.29,5145.08,6235.80
3552.81,4482.85,122.49,2265.75,7299.26,5496.15
2761.14,5816.78,5933.04,2431.29,1246.15,2743.44
3611.86,6323.01,2845.06,153.78,5445.36,6848.13
3519.42,474.49,8525.27,286.75,8223.07,7374.85
6018.15,2463.31,8927.61,3964.90,1213.50,5012.99
5339.11,1382.77,7599.29,1864.26,4104.00,1007.62
5255.63,9889.25,9620.30,9583.28,1716.35,9287.81
9045.50,4878.98,3681.83,3325.21,2926.74,5001.02
1213.69,2245.15,8215.16,3621.82,5787.54,9019.76
7056.96,6448.51,1331.22,7654.96,9421.78,6394.55
180.30,8391.09,7442.95,2036.80,3851.94,189.24
4354.11,5998.90,3814.29,5211.66,2181.64,5126.71
1634.55,1113.66,3961.51,3326.37,7876.86,5670.68
1726.68,6754.35,3344.31,6450.94,3333.45,1584.62
5807.03,2130.30,6561.54,4727.86,1533.34,5294.74
2715.40,3413.20,9546.78,2813.36,9317.16,6589.80
6186.28,6788.23,850.96,9789.57,476.34,4265.87
2614.63,6474.76,3434.30,6339.21,5460.13,5630.88
5960.26,6496.70,662.59,6407.65,3353.54,1251.53
1662.35,3737.42,110.17,2582.19,7103.55,4968.58
7009.73,8920.85,6050.25,537.75,9975.52,1348.05
1425.84,4928.36,9906.64,5796.94,3516.75,8577.03
1394.99,4829.59,1535.56,8604.94,3787.03,1199.73
4937.79,1386.41,8588.34,9028.28,895.37,8888.52
3391.00,955.72,6412.56,8863.51,4179.87,4532.32
7190.77,9009.62,7551.82,8692.04,737.69,9096.60
8359.89,4157.59,3121.91,5663.30,9971.58,2293.69
2147.89,1044.49,7048.21,6678.56,7203.08,1440.91
5131.99,5087.66,6470.25,8461.67,5996.87,7614.08
4433.40,2025.83,9366.01,3447.27,1497.84,2081.45
7206.05,9678.95,1615.77,9129.53,387.84,8693.73
1575.02,6528.53,957.82,8765.28,2558.51,3247.57
3827.05,6400.03,3238.60,8157.72,4674.69,4590.76
1131.08,2336.54,173.94,5271.77,9842.94,6769.56
9978.23,2033.24,4905.44,6693.31,2152.79,6904.41
6631.14,5148.74,1887.09,3240.28,2507.91,1358.84
1162.78,3850.66,1055.35,4674.86,3319.15,2.21
7091.40,1064.51,9951.26,752.56,1246.08,690.83
6764.21,5803.45,6940.21,3779.35,4052.14,7365.28
2187.81,4647.39,7208.91,2842.54,1979.17,6406.05
1594.83,3910.46,7453.57,6392.79,4151.01,3439.37
2606.57,1893.38,2932.16,933.34,811.56,3952.17
4930.24,2390.34,5847.59,1491.26,6702.99,213.68
1138.89,4815.78,6797.91,8152.79,2441.75,9734.65
443.21,3926.41,6146.45,1809.99,1321.31,9929.24
1702.14,3870.54,3625.72,995.06,7431.81,8713.83
5577.85,7964.80,516.96,3744.33,7723.97,755.10
1234.33,2930.89,1898.06,2971.63,5760.54,6956.04
6928.65,8342.70,423.00,7758.74,7696.94,9430.12
1732.47,5273.18,8671.32,8787.32,7539.27,3638.72
4576.04,1364.96,4248.05,6030.19,8875.48,1360.52
6324.74,7346.65,1932.48,6338.05,3296.36,2998.13
3498.87,2761.20,2880.06,4889.07,1541.32,4704.25
7767.90,8298.54,5746.51,6214.42,3638.72,8349.10
1090.39,9315.43,6297.87,7156.27,4449.52,968.90
5931.74,2840.26,673.60,5861.30,8416.30,5049.23
8415.82,3841.93,1589.35,5309.41,8692.38,7113.77
7324.88,8172.36,5578.12,6242.43,4836.24,725.19
5864.35,3033.49,22.32,4095.46,8230.95,4235.24
3376.49,4223.38,3467.89,3176.18,518.41,5474.09
3336.44,8014.78,7976.92,7516.02,8932.98,5394.96
9186.02,6056.57,9297.40,1406.36,3774.83,965.95
6237.75,665.61,1889.15,8718.51,6373.24,8020.47
9438.86,4223.48,564.33,2604.41,2429.06,2773.50
5524.10,1563.07,4961.64,8827.42,4537.59,8144.32
8886.63,8806.68,4292.45,9130.58,836.58,8504.83
759.71,118.07,5550.06,661.32,6143.12,2210.54
7394.19,8612.26,4502.67,8873.78,5357.41,6443.46
2729.33,3189.31,5923.99,2697.49,5419.23,7870.01
5121.33,7744.76,3238.41,9391.28,4005.81,6262.16
9177.82,9258.59,8363.76,6598.46,4774.20,5736.40
7550.13,3143.49,8595.70,2050.18,2173.95,5388.08
6256.44,5592.46,9765.56,6708.41,9106.94,9645.58
5254.57,9685.69,1925.09,5531.51,4946.90,3494.51
4268.18,8851.05,4215.39,7691.25,4092.82,1027.81
9316.76,191.06,5490.35,3044.18,9917.71,2720.63
3351.65,8876.46,7781.68,9293.21,5538.27,7473.52
5063.02,9716.16,981.55,9549.17,8869.68,6816.12
1912.69,4121.83,172.76,5824.78,8465.68,6541.38
4257.38,1831.98,549.96,3067.94,7769.26,5982.83
9874.04,512.51,2505.58,2694.70,8795.51,4382.78
105.69,3668.12,1543.81,3058.67,9457.06,3932.70
3084.26,2048.66,6852.22,3216.52,6389.68,4837.10
8564.36,8615.38,4698.60,5757.44,1281.08,4151.94
1338.85,8155.78,9628.91,3372.22,4551.90,3409.01
7335.31,2920.45,7899.35,8454.45,1701.01,5589.12
6751.58,7345.69,2411.73,6897.50,9717.21,2591.67
3614.94,6809.99,7649.55,9203.68,9855.84,7642.17
9466.62,4127.86,2661.62,5517.70,3173.86,3329.47
257.15,2739.17,9220.28,4904.59,1902.55,2760.02
5760.91,8081.51,7449.75,9362.30,24.10,3980.13
9854.02,2938.09,4952.15,2934.09,3650.61,2360.28
2248.44,1808.33,8839.16,3636.42,7508.21,4265.24
5995.75,7466.74,9623.16,270.21,6779.74,3126.02
2068.34,6994.79,3329.81,7752.89,9207.64,87.13
4288.95,5691.24,4514.27,8432.99,7522.47,7869.22
3502.43,2280.75,9919.05,8344.59,9827.48,6422.00
1502.28,2073.52,6313.88,3931.52,2063.42,567.21
9475.36,157.96,7213.89,1118.38,6299.16,4861.86
8534.40,2210.06,62.90,5166.14,4844.36,7416.32
5640.01,7947.16,5411.28,7586.76,3542.81,3276.83
2165.66,6682.86,4196.89,8530.31,8330.37,8733.33
1751.87,8078.05,1792.39,4370.70,8795.66,490.62
4971.72,204.08,7500.57,7797.14,6673.89,7042.64
6459.97,203.83,5581.04,1258.14,3788.66,868.79
9689.87,3887.35,446.30,2243.56,6773.03,6473.34
7776.34,8171.53,5542.81,4248.03,8482.64,448.16
7238.65,6498.77,8060.03,4623.75,3459.89,3265.38
6955.63,6933.60,865.83,9063.81,2396.83,7519.64
4102.96,1625.75,1094.29,201.79,7244.61,1182.86
746.60,6881.55,2841.87,4937.61,8992.65,1092.91
8354.27,8557.13,2504.05,6909.02,407.83,4732.04
6273.09,2057.16,6609.68,3166.36,9934.47,4202.92
4301.48,6324.33,3634.87,1817.79,1644.07,5692.97
9540.73,5384.56,1137.65,9243.91,3042.98,9068.30
1385.18,9889.18,9380.15,6431.98,2816.43,2647.14
1489.45,7279.75,1489.26,7514.97,5765.90,2832.23
5041.15,8680.76,114.72,7413.11,9798.12,6616.47
9898.16,7557.70,4621.89,7647.76,124.81,950.48
1277.56,9131.33,2153.08,9432.55,3854.89,9429.30
52.09,3351.22,6839.74,5646.63,76.08,4787.50
650.64,2030.58,3345.47,5806.38,1179.53,2637.54
5765.26,9049.18,5210.74,1905.27,888.86,4833.34
2556.68,8057.43,1364.35,675.05,3034.49,2032.88
4383.03,60.96,7304.69,3821.57,721.74,3581.14
91.10,5170.18,3852.32,4635.56,8358.46,1102.65
8099.16,960.30,2129.37,7665.23,7793.13,2505.79
7741.16,5779.41,1428.15,4980.83,7640.58,7055.38
2234.06,5871.29,6596.36,1132.14,5832.26,6224.97
2285.99,1721.18,9483.02,4418.71,8819.50,5709.19
1067.20,6924.27,5516.55,4315.15,6078.77,4267.25
7739.76,6505.39,9037.77,4580.33,3778.12,4633.51
779.88,8438.80,5339.66,7279.77,2983.40,128.67
9790.12,6821.85,8820.65,7775.51,8537.44,6897.33
760.02,2112.01,803.03,9167.11,7040.37,887.46
8594.54,2479.83,1443.53,4002.54,2298.58,4680.41
7039.42,4189.69,6464.76,2551.19,93.94,3873.08
6281.14,1759.73,9545.39,6006.46,8800.38,637.00
3435.53,3504.38,1650.68,3828.80,8009.53,3805.29
9175.27,9609.27,8311.93,4498.62,6082.10,7583.48
1418.62,4068.97,3567.00,842.10,9209.53,4525.30
2983.08,8033.77,7622.95,6160.98,8758.28,1245.08
4984.62,6690.91,7819.32,2218.44,503.16,7369.08
2314.39,3803.46,2843.00,2124.12,946.90,7996.94
7491.38,7058.14,5893.18,3437.84,5165.49,6003.91
6574.62,617.63,4442.82,5868.95,9097.56,5252.22
6642.71,1426.83,6593.86,2690.83,6941.81,1701.49
979.47,7904.45,1562.19,4924.72,4109.46,6215.18
4304.07,4861.92,3621.56,7230.85,4873.22,3609.91
9396.36,4250.26,8299.48,3443.94,7395.16,7383.28
892.78,7077.62,8910.03,4786.64,8517.58,9949.81
9130.30,2187.20,4075.50,6367.19,7392.96,7640.05
9463.42,3095.87,1492.86,2120.57,3171.13,2091.23
3698.57,4597.26,8865.55,8666.53,7472.85,4563.84
9628.01,4299.97,7944.47,254.04,7909.38,4433.20
31.57,9044.69,9578.54,7200.07,5313.09,5376.87
1149.23,6340.46,7247.16,162.91,5598.07,8913.06
2308.22,2181.93,3959.25,8932.10,2767.23,5834.17
9692.90,1824.48,3651.63,6179.32,1972.94,1074.38
7189.45,7574.61,7527.23,2535.89,3611.13,6882.46
514.92,738.27,4714.94,956.06,6909.63,7714.16
7123.18,3343.19,2769.39,1886.47,4711.21,3612.71
1296.64,5177.48,8256.21,6771.00,5132.01,7509.88
5288.63,4496.95,450.37,7305.02,3047.54,9096.38
1347.78,841.96,459.38,3590.95,936.31,9886.54
3888.99,4092.25,4996.78,9049.10,8787.07,5723.07
7354.37,5624.93,2021.09,2844.31,7811.72,5578.65
4205.82,3727.95,8586.16,1242.61,6730.00,7614.36
4770.72,3799.56,515.54,6770.92,5948.63,8933.78
8524.66,2354.39,2130.74,436.85,6940.67,9668.05
2599.14,9300.56,7223.24,2470.65,4661.32,1390.44
8740.30,8530.41,7395.19,6497.59,9175.40,4726.43
1477.47,7150.47,8633.60,8880.26,1330.79,6251.16
6920.75,1838.61,5306.11,3973.95,1466.27,5832.97
3068.26,6534.00,7349.20,7961.81,4064.80,9559.45
7859.59,3628.33,7191.97,976.50,9940.37,2402.77
184.41,9528.13,8935.32,6987.97,3011.88,6216.40
5990.47,9166.73,233.67,2374.33,1624.31,2801.12
639.72,9738.22,5707.22,7506.10,9827.93,2934.18
8799.62,1265.50,3534.94,7499.81,5688.31,8044.50
2225.91,2535.75,741.21,918.07,8584.76,9558.49
4930.50,7466.76,8971.74,9924.13,5094.26,6809.33
7997.52,9499.35,5085.39,669.81,723.28,6896.21
7740.67,6205.89,2059.92,4614.01,877.13,4499.97
9299.91,1754.57,7337.43,4158.73,9038.13,471.06
5593.43,7754.37,3964.36,7326.30,5647.67,8259.25
3026.66,7814.69,4546.50,3136.42,114.21,5979.86
147.08,8930.79,4463.17,9320.70,9949.43,8936.16
2059.21,7168.84,9268.16,9644.84,8824.23,2555.38
4081.32,8274.64,8913.87,2819.13,2211.33,3610.96
8397.63,3308.54,1257.37,3642.08,1318.94,1574.92
8910.89,7218.41,835.08,5447.01,1450.29,5929.75
3211.45,3013.00,5681.20,4134.02,6842.99,2927.74
8092.25,3772.82,9209.61,8486.00,9482.73,4249.02
6022.72,2220.23,3245.70,8591.10,2011.19,3222.00
5356.06,6003.31,2968.27,6621.94,9179.13,6028.04
7388.85,1237.31,9890.04,7310.85,1013.66,500.90
3493.03,7777.18,680.90,8281.88,7179.59,4767.28
9554.47,4503.33,7644.99,5534.00,5526.12,2173.85
354.41,779.93,7858.27,5867.40,8222.02,2422.19
5125.81,5931.42,3634.33,7452.50,4654.77,7267.31
945.04,2344.28,1610.33,6010.63,5570.84,2949.25
1083.51,9701.58,6517.19,8880.82,3703.48,4449.33
2798.31,5428.29,5659.24,6937.00,4371.88,7747.44
9371.44,2169.67,9522.07,1013.20,3467.65,524.38
2349.16,3919.37,2048.00,7694.51,6687.24,9947.26
5421.12,1962.56,7215.99,9128.87,1998.37,5165.32
1744.91,8229.84,9215.58,728.78,5395.79,7923.25
7096.24,128.76,7002.87,1753.62,9958.04,5741.78
5181.46,6875.10,4131.72,1677.60,9197.14,4472.77
3175.64,2455.81,7625.59,9226.67,9156.02,8575.20
5109.28,2395.49,4979.32,282.94,6803.95,7744.15
1337.00,3487.99,4031.52,6785.21,3722.26,6881.35
2086.20,1811.90,6351.66,8843.55,5724.56,5802.76
2570.19,8294.18,4239.36,61.45,7184.63,4998.30
8521.28,2112.83,2254.97,889.43,8754.02,6412.53
6208.51,5762.44,2792.14,448.99,371.27,8507.39
2141.43,679.69,8135.05,6893.95,9081.21,8914.27
9329.17,3179.35,5607.80,3963.93,9061.00,3012.02
379.49,8113.21,5178.54,9275.88,4193.13,6482.08
9249.51,5649.57,2583.59,9409.96,2185.00,7155.12
2249.42,3107.62,718.08,5282.96,2937.78,1938.72
5548.08,7537.37,7885.13,2641.08,528.18,4912.68
4567.06,444.40,8344.66,7165.37,8238.97,2855.49
9082.40,2777.82,6222.38,7703.09,5705.33,1550.40
6307.01,5065.17,5948.71,6375.23,7180.99,8103.38
8957.50,6875.38,6664.95,8363.54,5041.11,8028.46
2525.37,4383.44,8985.11,3810.61,9286.86,6015.25
1495.65,7051.65,3342.40,628.11,7200.26,9288.49
590.70,1739.20,9302.42,4012.80,7076.90,8714.67
3164.96,9013.56,5871.59,6693.39,239.59,7528.53
1882.23,8762.18,1047.50,5215.90,4190.36,3089.48
217.73,6391.86,9137.72,2968.01,2085.25,7746.23
512.84,6781.40,8931.68,358.78,1527.34,4767.75
6152.94,8970.39,6786.15,5070.63,8747.01,1870.84
4486.22,9504.80,91.96,7582.78,1271.16,8797.14
3734.56,8764.09,5524.61,1395.08,6193.75,684.89
1129.83,4755.45,4590.63,5869.35,5277.74,6324.71
9672.87,4248.97,20.78,1197.35,4672.46,6294.07
7058.96,2615.98,2155.08,8940.75,2243.32,868.04
8077.58,5925.99,7469.94,1312.58,3122.48,136.21
9140.93,7934.80,35.39,1784.32,3713.74,6711.04
5551.23,8819.70,6840.44,3447.27,4410.26,5398.68
590.45,8418.20,1462.83,7614.95,4677.20,6843.63
6321.43,8934.25,9446.28,1961.83,627.69,1879.23
8179.99,1816.27,595.14,643.95,2093.30,2307.39
676.95,404.30,2851.07,9443.59,7132.39,288.99
111.66,6878.82,3410.55,6981.64,3772.27,295.30
894.17,1626.47,1701.73,8480.94,1819.16,2346.30
1204.96,2820.78,6610.89,3550.48,1095.36,7159.18
2938.50,1761.07,26.87,8507.16,3186.99,7598.02
7821.77,974.98,4599.96,9872.00,5101.33,6319.46
860.51,7509.99,5230.30,4453.04,6279.06,4909.12
4239.73,7583.43,6290.41,5269.13,780.05,4600.37
1318.95,2235.87,4509.46,9102.42,2345.02,2413.80
7272.36,7772.95,1761.31,5437.97,6273.87,3461.04
3782.15,6083.40,2815.71,3650.58,5425.95,2776.97
9766.64,6394.59,26.75,6249.68,2136.04,8333.72
4431.71,7074.10,2689.30,7161.69,1660.18,9193.62
277.91,3225.16,5710.72,4465.48,2892.54,5645.44
2827.14,6557.68,3123.52,2881.30,7659.97,3647.60
4525.59,7667.89,4673.35,1741.91,597.37,6194.77
998.20,7245.16,9335.27,4523.95,473.77,6679.80
3986.45,2801.70,9492.37,9607.28,645.98,8026.56
3388.44,2961.90,6339.52,2824.33,9693.58,2471.07
6055.09,6428.14,6290.53,5972.89,3139.70,8612.72
2892.81,897.72,5077.10,9770.53,7685.83,4146.09
5641.91,3471.07,1117.05,2382.09,1078.38,3502.52
9493.10,1292.23,1823.73,9714.67,3974.10,7836.94
865.91,8166.77,5727.25,4547.74,9567.55,5611.60
6027.03,8259.30,4326.95,6474.67,9704.20,1882.85
2229.31,8839.16,4965.74,2993.43,9108.56,3754.72
1126.08,6320.48,7378.46,3111.67,4256.16,3332.45
9496.78,4974.41,8146.42,7273.58,1846.32,8713.31
5022.14,5129.38,641.12,4807.05,6968.09,6341.60
4906.40,2713.88,4278.01,5253.21,6828.74,5699.73
3112.45,9276.63,4602.09,4441.39,51.78,9477.37
2791.44,6914.23,9756.90,3031.17,5698.27,3551.11
3723.11,3292.92,2253.80,7242.75,3942.46,996.52
9150.00,5320.47,6990.52,5898.30,7528.30,4418.65
9615.91,1496.19,4948.74,3817.41,644.06,3578.68
3884.02,809.67,2362.36,6275.17,1441.34,6657.94
663.82,2466.10,4940.49,4611.36,9056.22,4194.51
963.50,8827.43,2990.91,9182.52,1606.40,7139.53
6004.67,6496.13,6424.87,5504.22,5001.71,8781.00
9690.35,9497.76,4048.20,2387.30,6441.89,9968.62
4957.99,2388.29,4236.51,5340.05,4121.57,3265.07
8259.14,4237.19,1698.11,5228.87,3088.03,3899.03
6032.48,7228.36,8542.43,903.90,865.95,3005.10
6622.28,2304.64,1141.36,3751.62,9487.74,9592.34
9286.05,1871.93,9774.23,6606.72,6471.98,4167.66
8617.28,6892.14,6112.07,9422.50,8055.62,5940.61
1243.21,411.26,1502.29,8886.45,6852.69,7441.67
4550.19,8153.58,1282.04,5380.10,3743.76,3345.51
3975.48,2797.09,9251.88,2182.53,3920.49,181.06
3839.29,562.06,4730.33,3240.33,8852.67,243.09
3106.27,2245.55,8761.63,8668.71,6951.48,6113.27
6217.58,387.23,9687.16,5478.09,2823.15,6633.37
6432.89,6114.31,3757.42,1176.45,5474.29,7283.36
2254.45,6265.64,4528.63,2525.65,419.26,7574.40
5876.89,2188.64,4436.49,9250.28,2784.34,2640.09
4826.49,6135.87,4798.99,2012.18,2242.83,7330.36
8389.23,2955.65,4160.25,6605.34,9460.51,829.39
517.41,7417.14,26.38,7818.20,4600.76,3113.09
3792.85,9607.21,5178.96,1597.33,8114.68,9761.41
8825.80,4583.06,9865.83,9232.61,1686.09,863.93
7733.96,4784.69,9516.52,3705.56,9098.94,940.63
4765.30,1517.75,1467.03,6099.74,2344.91,1526.96
3658.12,1587.40,3791.19,9964.29,4866.57,9426.33
7931.42,1002.13,9604.02,5110.29,210.73,6726.30
181.54,4292.66,4600.89,1479.09,7462.34,6012.52
2212.59,2411.18,7430.95,1497.09,5708.61,1072.17
9943.06,7614.76,1423.07,5554.86,9699.72,4504.79
5871.96,1733.65,8739.25,3746.60,5059.25,5382.30
8876.97,8892.20,7256.25,9085.33,3876.71,8814.67
8031.05,2150.60,1595.90,5121.36,7508.01,5458.47
5617.41,3321.65,6228.47,107.72,1221.97,8200.17
9742.30,2658.36,5318.43,4459.32,2740.10,5952.19
8750.57,2685.80,375.10,3105.03,2709.85,8042.60
7471.35,6093.05,1735.49,1954.09,3235.81,1256.69
9808.94,1726.25,7601.19,1892.15,6510.20,7328.41
135.42,4417.58,1357.09,5784.15,6113.66,1400.29
9565.75,4297.42,7815.48,5618.06,8254.36,2643.26
8808.06,4018.17,227.45,9851.10,9887.46,3558.30
4924.67,442.62,9952.14,9632.26,6327.53,5620.31
2152.23,4685.90,5646.09,6519.97,1364.33,3518.60
2709.78,6028.20,366.02,7490.96,3798.63,4443.96
6960.74,577.22,8057.77,5414.20,8259.73,9959.82
4624.71,9981.39,9099.29,636.15,7420.19,3172.03
8816.88,8167.46,117.99,9115.55,2734.64,4742.31
7907.09,7130.53,1191.08,2413.98,1653.67,8016.62
6389.60,7150.62,2846.94,930.08,8812.70,3598.32
6936.13,9264.43,90.18,5482.48,7834.18,6297.98
87.82,5326.97,7826.72,6745.06,3785.56,7045.73
3853.82,925.75,8226.89,2708.41,770.55,437.88
6234.30,1192.63,4024.17,4405.07,3744.53,4359.26
2344.88,4710.34,8600.34,9951.46,8219.21,6802.20
5281.21,1977.02,7004.49,5106.25,2242.97,9012.31
4196.99,1017.61,1957.66,3950.67,6909.70,610.91
7788.40,5914.92,5764.03,566.08,1272.85,1993.11
3389.26,8319.87,6360.38,659.72,1428.89,4973.41
3814.14,1749.02,8779.30,1799.65,2059.82,8014.78
602.05,2361.46,3267.57,6828.90,2850.92,4585.46
3983.16,2384.38,6248.79,4904.69,5543.50,2760.29
1881.64,7307.94,3563.13,8268.07,5703.93,4520.13
17.35,8414.14,7419.70,5050.34,4435.20,7011.63
4045.00,2461.80,2234.79,4619.89,3208.05,6436.98
9422.86,8893.02,5675.74,3722.21,1694.48,8261.72
2866.83,4936.47,3084.38,7017.73,4001.42,8728.34
9121.99,4578.41,6842.48,3793.38,6538.06,6296.31
4028.86,8629.00,818.25,8635.75,3609.14,8401.64
1454.46,2483.72,6932.18,1721.50,2701.23,9103.88
6784.35,1801.30,7800.00,3308.71,3976.68,9227.89
2402.33,8550.40,9653.56,5402.07,1327.52,4538.86
7117.94,8190.92,7970.31,9940.48,1404.03,1291.22
1342.68,6394.57,7509.47,7867.54,4269.49,1753.85
7079.74,3300.60,7282.15,3580.09,2081.70,5074.88
1851.09,9791.36,45.91,460.17,1473.10,571.49
838.72,4324.23,2051.72,6170.98,8068.13,9345.45
7332.09,5048.02,9700.58,4445.21,9565.36,8218.76
8372.35,6148.08,9388.01,6680.48,1612.93,1696.57
7565.24,4249.13,2011.08,2076.03,4628.53,765.88
4093.39,7465.25,8257.57,677.25,4044.75,7516.27
3118.72,1943.28,7217.64,7489.27,3014.66,8328.81
7717.44,6338.61,9276.85,3069.40,7042.00,8979.16
1781.52,9597.64,6109.95,4749.05,2970.38,2694.36
4985.30,5488.27,3383.65,9833.41,8888.45,2073.31
3176.08,7443.08,9797.99,5933.29,4775.37,2387.29
1089.94,7301.07,9145.64,5520.56,2719.65,9632.91
7649.79,5821.15,2058.21,5159.97,5747.70,2570.94
3138.03,2495.02,671.33,7111.25,518.93,4082.14
3531.08,266.44,1813.51,1529.17,328.67,2068.43
340.71,9320.17,1908.78,747.14,7416.28,3465.76
7827.60,9650.74,1228.97,1619.15,9070.17,3707.23
1397.54,6059.93,4252.30,8209.19,6680.02,6086.17
5683.13,2009.27,1038.29,2102.13,8826.25,6015.46
9307.46,6359.04,8916.10,5989.91,3892.88,1472.31
6372.27,5815.68,2320.65,9152.60,4959.82,6861.61
2476.39,4415.20,746.47,5008.99,4580.36,1954.94
1792.67,974.11,8805.23,1448.48,9771.91,155.47
6692.31,1689.68,1456.83,5380.81,5059.13,1710.43
8280.24,8241.30,4914.75,4725.36,5882.22,7330.35
4320.11,3177.92,9038.57,7451.08,1551.04,9669.16
5113.97,2948.07,9293.50,2035.83,2472.61,1561.63
311.57,1553.87,6675.41,2538.08,9597.10,2533.17
2672.23,9778.98,6268.25,3017.25,5373.85,8260.39
6514.88,3699.15,2593.65,960.67,9094.61,2326.13
4469.24,4434.52,6540.20,7608.05,8176.72,5875.67
9137.99,8378.32,1970.56,1949.72,517.53,1891.30
9921.62,7546.09,8473.96,2321.54,5385.57,3223.75
929.55,3611.16,988.79,8858.61,9146.20,2480.78
646.10,8599.91,7521.51,8604.19,6468.21,9347.87
9254.09,1128.99,4632.74,3409.69,5714.13,7754.48
932.21,8610.75,3048.26,2640.97,8165.51,3472.55
462.84,9668.85,1899.87,1170.77,2947.51,8171.55
2812.80,911.98,2694.25,3878.70,7340.18,7194.79
2566.17,3237.09,195.94,7274.99,6450.09,646.88
4029.31,8106.19,3416.28,1631.13,3304.58,4886.89
5105.58,3882.00,3779.96,5238.72,9228.09,9139.10
8520.07,9761.58,9746.23,1265.71,2635.67,536.54
9180.76,3076.41,6254.21,5642.50,770.86,8859.33
6761.72,8426.14,8319.41,2575.62,5129.15,8932.63
3692.43,1812.62,1940.31,6460.24,1156.72,9310.00
5153.06,7453.04,5577.31,5730.82,8318.27,1178.75
3117.22,8232.86,2752.43,5151.92,6751.12,7569.70
2338.34,7727.16,9530.77,3178.44,6193.12,8304.17
5461.36,6724.26,6832.54,730.33,831.70,3246.27
4314.77,5066.53,8085.41,2668.60,760.50,5005.40
2190.97,3052.80,2824.74,3848.68,5691.17,5665.75
5227.36,9807.67,6188.18,1759.53,671.44,9506.32
5614.05,2826.77,8872.01,4922.12,8887.82,6323.14
7111.98,1465.61,6341.47,6392.36,1733.00,5902.17
3084.66,9493.07,3336.69,3826.11,587.38,1476.16
4423.52,3367.51,7062.06,4186.61,3945.29,1995.93
8293.72,7867.70,8435.75,6967.38,5107.64,6042.51
5994.66,3334.71,841.20,2874.67,4472.56,5343.34
3305.74,8063.01,666.28,6311.67,5966.32,8227.30
4819.00,1727.31,7750.05,9501.69,7939.70,1219.90
7389.05,3247.97,4532.18,2939.80,9535.89,8804.68
6888.66,5379.65,8078.29,7588.42,296.03,5916.34
429.46,3220.65,9778.73,5813.52,7704.64,321.22
42.17,7234.53,9093.37,629.80,4196.30,4084.58
716.43,2139.64,9933.54,3980.20,6188.32,5222.80
6721.70,2544.39,5672.54,877.86,937.42,9398.29
2225.40,7597.14,2894.61,4574.50,2449.66,543.87
3862.44,1329.19,9533.62,8733.25,2441.91,6051.34
509.58,2339.70,7456.79,182.72,9437.23,9910.37
4007.47,6320.16,8032.46,6865.90,7194.73,9175.73
1137.44,2605.96,6077.55,9256.62,9097.47,1230.54
7475.35,5063.12,6561.39,7709.81,5482.71,6192.68
2362.07,409.30,3696.58,9551.79,8716.18,9148.74
2172.05,6939.04,4983.70,1525.14,2191.92,3121.86
8848.04,1804.34,3569.92,9917.87,4604.61,9222.89
1821.21,874.00,7163.17,2406.22,3685.37,4073.75
126.51,2497.00,1202.51,7500.05,4847.09,8110.57
2317.39,3021.91,7776.82,5884.29,4830.82,2995.25
5344.33,7976.77,6629.14,5088.50,1112.35,9166.08
354.36,4085.16,4762.93,658.55,1706.88,4009.35
1602.86,723.59,4379.71,1083.44,299.45,1430.80
90.06,3361.45,7158.17,4035.35,7544.09,9816.52
9438.50,7601.14,4334.46,8909.12,3409.67,4716.43
6646.12,1288.79,3466.24,5149.70,8966.23,3002.52
4182.85,4119.27,8276.54,2937.74,2889.40,453.28
5158.86,1797.48,6266.71,1602.13,7330.50,3107.51
7377.07,8441.92,7393.25,5386.60,7891.79,9709.66
547.06,4092.31,1267.14,8151.44,4695.05,5224.26
8861.30,6908.80,317.47,7881.84,3324.42,7221.04
4806.13,9263.16,6109.49,4690.46,3472.39,6130.47
7990.45,2406.38,3902.41,8324.09,9909.12,1035.56
1828.50,7828.14,9884.24,1153.20,5549.51,5381.28
1503.90,7973.32,2845.32,987.80,9855.00,7363.71
7468.24,9012.96,2500.14,2285.47,6121.84,2125.62
7340.34,2358.68,6484.97,7185.80,448.69,6742.42
1337.18,9241.30,7622.41,7406.50,9757.42,4706.66
8504.41,7903.67,6721.52,4777.82,5210.47,5379.33
7642.52,6728.63,2550.43,8964.75,5679.12,4476.13
1016.38,73.31,2125.27,267.44,9942.09,2477.85
5379.36,7426.76,5360.56,6161.63,4851.14,9905.56
6144.26,5305.26,9454.79,86.21,300.01,7962.37
4594.66,8958.94,2547.21,2.83,5681.90,1027.58
6784.17,8489.26,7011.82,8413.65,8531.79,1163.11
1256.59,7029.64,5539.22,1883.69,642.96,6866.64
6588.98,5327.14,5734.13,4500.42,5693.85,1508.65
3246.62,8994.20,2687.46,1914.05,4759.29,3727.41
1405.26,6504.90,2673.84,4027.41,5944.31,1823.91
9847.37,3355.81,6486.46,3179.75,3389.20,8592.55
841.15,3069.87,3774.85,9349.65,4998.92,7329.48
362.66,8335.70,8844.95,7718.18,7765.19,3204.80
6440.32,410.27,2757.56,5043.31,3022.28,1942.67
6579.15,998.89,150.92,5542.38,4893.75,2734.49
3931.09,8610.76,742.79,6243.75,5206.02,3601.42
3847.82,2879.74,6579.72,6424.47,2438.96,4448.50
794.86,1637.59,7070.83,2973.66,5913.89,9440.33
4155.66,4378.62,461.98,4529.74,1878.60,3476.82
4607.07,9026.32,9876.87,4468.85,8725.35,5798.26
9670.15,9118.31,5483.52,9917.30,5819.41,2853.32
7787.64,5725.88,3407.33,1026.42,4792.07,3168.83
5228.68,3302.86,3155.38,5334.88,2894.42,1740.88
3182.71,9803.09,863.51,8689.87,5374.51,7658.82
6718.17,531.32,2421.91,2067.98,7361.06,3400.83
6117.00,1674.84,7868.65,183.89,7555.28,591.51
3493.70,4201.57,1530.53,2413.67,228.27,1966.24
2034.56,4493.79,2810.93,6512.59,1883.17,4757.52
5055.65,9389.44,265.50,4372.22,5742.21,8814.89
9397.14,884.34,8362.05,4073.46,6065.71,5143.93
6912.67,1525.28,8664.30,9079.00,241.05,3900.89
947.43,255.22,6380.97,404.95,2885.61,1507.93
875.16,6538.88,1598.33,2991.65,9989.71,1299.42
6173.41,2826.66,5952.28,1421.69,9493.87,8051.55
6357.90,6138.54,5052.83,4975.88,1962.20,5250.43
6252.92,7114.98,3915.05,5931.09,6532.67,4598.85
3229.81,339.75,1195.98,8749.35,6613.04,4772.51
9589.78,5544.34,458.44,4457.45,5635.15,4808.94
9767.36,6934.09,7977.35,7034.39,5402.01,434.24
6704.42,4632.23,7771.72,7184.97,3935.19,1650.39
8502.89,5659.43,6478.78,1682.33,669.10,6835.69
2324.14,5591.89,2400.71,5330.93,5316.58,9449.68
2837.72,3875.93,6310.80,7497.26,6920.05,6108.31
4261.66,7407.87,2327.74,223.49,1096.85,1754.93
9699.43,6523.83,7042.28,8138.29,2251.05,1288.02
5725.83,2481.52,3636.56,7852.99,5682.88,5952.20
2028.72,8603.43,9022.99,7453.54,3471.40,9780.55
7212.92,6532.28,7734.98,3841.60,5249.74,2355.48
1971.24,9856.60,556.28,8912.60,5967.16,4775.84
129.48,8432.47,9108.69,8481.74,4460.45,9643.41
9233.74,3709.72,7355.02,9601.72,7341.44,6942.73
4018.44,25.00,5013.95,2826.58,3144.23,4316.37
8612.85,4783.81,8987.05,5254.04,4750.25,591.37
4412.12,192.11,8546.71,723.87,1284.64,2802.43
417.31,4504.56,6606.33,4430.37,2524.15,3472.55
1550.81,3588.51,1609.60,8068.30,6032.41,487.82
710.38,610.20,7583.27,8142.20,7621.81,6725.37
6105.92,5602.31,469.64,5641.98,9993.09,9682.29
7246.08,3934.93,3555.99,2045.77,9299.29,5566.37
4436.00,390.49,7892.62,9995.12,3329.66,3897.51
1997.91,3569.03,9782.39,7187.52,6258.51,4430.30
4859.25,9198.56,3044.95,2579.20,1758.20,2187.29
2947.09,5230.62,8425.16,9400.03,2026.38,9453.64
56.42,8979.09,257.38,2055.25,8920.85,8497.72
9706.37,7866.27,3052.46,8475.55,8757.30,673.51
3005.17,5285.08,5580.81,4554.52,6613.30,8159.31
7593.97,5508.40,4134.68,7513.02,9745.64,3899.67
2468.44,3539.93,4077.25,8277.11,508.17,4297.94
7578.61,8316.10,7298.39,9677.41,5009.27,7342.90
8461.49,6910.55,8948.30,4313.25,7061.32,7986.08
9433.77,6765.15,8419.58,1430.18,6393.93,6912.55
5264.49,8015.08,6021.02,2741.86,2947.30,7924.41
11.51,9972.45,9566.65,3210.24,8970.62,7298.99
2768.38,4382.51,8885.02,2389.20,5058.02,4807.01
564.81,9333.25,2114.59,1047.63,2676.60,6637.98
9483.91,6436.73,8546.31,4777.77,7238.23,1491.06
7672.79,475.82,6865.23,8809.78,6781.09,2060.19
8251.04,2010.94,6447.33,7057.05,3818.17,6646.37
6071.74,5143.44,4397.52,630.20,1151.49,3004.19
9309.83,9883.92,710.99,8589.60,4586.39,4115.14
2563.61,352.54,2736.05,6044.04,459.73,2909.61
8206.09,1530.66,7622.94,8759.49,291.89,3709.64
5291.06,4438.44,6801.68,8919.65,6483.30,7670.40
2901.19,7336.95,8945.38,1629.90,7341.08,7613.01
1217.45,7580.78,3942.12,5532.95,6298.28,1467.73
4889.19,8476.79,1236.32,6407.01,979.90,5079.19
9515.63,6636.55,704.90,7996.08,2949.41,9752.88
8406.33,398.58,2426.87,3166.85,4227.53,1461.62
1374.33,1208.97,4138.98,139.93,2208.42,6426.71
2975.19,3354.17,9076.71,2673.29,3992.66,8463.82
6815.86,6358.13,7107.29,5114.92,2493.66,9339.35
4212.50,4879.55,8875.31,2739.19,4884.48,1137.70
7268.67,4426.30,2.67,9638.25,706.36,443.58
1738.89,8262.71,1110.17,1784.40,1843.58,985.75
4300.25,1900.64,8812.39,2921.23,144.71,8001.57
4487.81,8373.22,4710.48,1267.37,7422.59,9442.05
229.07,905.68,5322.72,1215.17,4579.21,1858.36
6053.45,410.54,8865.38,464.97,9417.17,9530.89
9342.65,4219.45,5073.95,5701.88,3308.19,3273.99
9546.46,8180.60,9020.25,9122.65,1118.29,785.02
4479.16,7861.04,7014.34,2060.34,3048.94,9997.24
901.25,1364.90,53.72,9346.40,8113.79,6457.31
5184.28,7496.15,676.29,2747.19,4064.52,2958.33
7006.61,2464.61,5659.59,6966.72,3491.68,2564.38
1115.16,7209.86,4900.59,9268.28,3992.31,3750.74
2083.39,4789.85,4898.52,4003.55,6488.55,3813.19
8557.69,3056.29,6945.01,2582.53,7277.18,910.69
2360.59,2113.61,5478.27,4537.43,1842.64,4785.41
3791.00,8923.77,845.90,3364.79,4525.23,6491.71
9403.12,478.20,7656.24,123.49,2712.35,1686.98
6837.81,1940.11,6943.14,5678.76,1460.33,6741.78
6138.41,4254.60,1861.22,3135.72,2527.64,9918.52
6729.14,7243.36,6523.54,240.92,6219.93,8311.23
3817.01,3239.19,3851.54,6934.26,3072.13,3066.29
1129.29,6713.66,4233.87,3828.35,4804.50,8769.22
9606.40,4477.18,6008.34,9305.94,2373.04,3253.53
6794.64,8542.33,2978.89,4515.15,3612.73,4965.20
7230.14,5016.95,6554.79,2802.36,7921.39,7695.09
7452.28,747.87,4750.75,5781.37,5172.73,8852.64
8735.79,2900.32,1846.93,8677.67,4271.78,1124.24
5365.71,8829.73,1830.80,3419.24,4575.01,6052.37
166.20,6235.77,762.05,209.85,3689.03,8810.34
5936.39,7234.46,3832.71,7456.77,2370.24,7376.71
3185.80,175.15,5970.45,9931.65,1954.20,1649.02
6581.19,8322.36,2869.40,4347.22,7376.79,3363.74
2416.28,2952.33,6848.71,9254.80,6586.02,9323.98
7711.93,1976.79,6311.64,2648.16,8417.69,7149.08
8556.98,3461.87,5805.02,7324.92,2893.31,8074.83
5455.50,5291.66,2867.09,9793.81,6011.72,7351.12
9890.72,4742.12,8345.23,2869.05,1755.91,2979.13
9326.74,6560.50,8551.90,2052.25,4844.60,3544.25
9698.96,9115.77,7741.86,9759.49,4105.80,1701.46
7539.18,2696.59,9451.72,281.91,6314.29,5678.91
2352.41,550.08,5857.28,4754.45,1259.58,1749.35
6451.30,1487.41,7404.01,6456.94,6722.26,1628.77
309.64,9076.20,237.01,2071.67,2233.32,173.85
8092.67,197.22,5977.39,7064.64,1221.75,1511.91
7897.35,1466.32,331.84,3976.18,5848.50,9264.96
5688.56,498.67,6150.95,190.32,6559.96,6646.53
7398.71,5920.57,3471.04,1968.38,7229.58,8498.79
3561.21,8293.61,3745.14,4127.38,7425.49,4042.26
2977.53,1222.46,4256.46,5221.71,5099.00,1055.64
911.13,1463.74,284.91,3446.50,4844.74,6572.22
6130.47,116.33,1485.83,371.98,9332.46,339.90
3737.09,4393.59,4981.37,7823.33,1455.61,1284.77
8639.54,3035.10,6637.99,1844.20,6754.11,379.14
4199.52,2484.32,225.07,4704.10,8252.43,7039.02
8492.85,7811.97,5798.12,9662.76,2895.08,1494.87
8435.09,361.01,7319.80,7688.86,4021.46,9164.24
9864.35,4598.16,6559.86,9513.25,3574.70,6403.51
9189.49,9719.55,3272.31,2965.39,2991.51,8552.30
9780.24,8083.89,1509.21,7081.90,6177.58,1302.10
2505.73,50.81,9442.38,187.57,4568.06,7455.62
9888.12,665.46,8988.33,60.92,321.85,9312.07
7401.62,237.67,4406.85,8951.84,1563.52,3033.19
6551.93,7792.70,8239.58,1571.22,8934.87,7088.85
1733.83,1242.04,6488.26,9908.88,3047.97,4913.78
2435.12,2929.24,2812.81,1713.82,4526.86,6062.37
5653.76,4293.44,5672.25,8222.09,9049.36,4020.21
4330.06,976.77,526.65,4562.17,1395.45,1383.08
4644.34,819.00,6721.34,5174.30,7249.80,6329.87
6295.65,3406.95,2953.37,7544.67,168.72,3957.11
9694.69,9503.65,2008.13,3709.87,5283.97,8720.67
4758.36,6651.72,9503.33,3273.69,298.50,5561.69
8542.22,228.44,7114.61,76.47,7619.95,9291.02
23.06,525.61,5969.38,34.39,5922.60,8479.90
1003.38,3676.36,8063.02,1868.96,5191.80,2376.51
8388.35,7774.79,4642.72,1905.36,4608.07,8686.29
6466.59,1181.94,2118.69,7122.11,8695.96,9587.30
5592.87,7112.12,5401.90,196.67,9608.22,9924.08
9696.99,1479.48,3921.44,6711.53,5562.67,7319.75
4002.22,1250.87,6510.76,3474.99,6870.99,3629.93
8066.34,992.20,8921.87,9534.51,5887.48,856.15
1025.63,502.09,7891.15,7753.49,6879.12,1184.67
5976.66,5435.01,880.81,9558.08,3444.29,4417.59
5754.87,4226.09,2576.02,8345.41,8505.67,7648.41
7450.50,3909.53,2355.99,1847.87,9858.24,3542.07
7187.27,3368.50,6460.40,5041.52,6853.74,4324.37
4166.30,1439.60,5811.27,1195.77,2174.63,9531.57
6180.26,4798.16,562.32,5871.48,708.26,5547.94
3633.56,1490.06,690.37,3340.13,5717.21,2644.03
3601.89,5979.44,9131.98,4350.56,4633.96,389.98
415.68,9603.28,5681.43,9163.66,4563.33,780.98
98.44,1586.15,820.23,8918.22,597.65,3363.53
8535.72,4166.11,1280.79,7266.30,3918.98,4460.70
4113.94,6619.98,9224.16,8145.86,3157.92,7812.58
6371.50,1853.31,8087.07,3372.92,2825.47,7215.42
9532.64,214.82,3668.47,214.49,8185.66,4445.87
6322.34,8196.26,8646.02,3625.01,6685.03,8021.00
2691.85,2233.72,9727.94,5025.05,9684.60,7333.80
9098.00,1883.06,3442.33,6877.53,2687.30,1527.03
7524.48,9017.10,3085.03,1345.66,5478.62,8711.05
4404.53,2073.61,1952.27,6195.68,4145.22,9801.74
6364.76,2458.50,918.97,9543.75,6106.44,538.48
4576.68,9125.24,2900.09,167.60,9963.58,9364.64
7073.53,2737.89,1404.05,1327.00,8638.70,4138.59
7168.12,2210.86,313.42,6081.37,5703.70,415.99
1788.83,3384.33,3903.69,8885.39,7493.13,6871.84
7360.81,7700.37,7197.13,6398.41,3807.26,6403.46
4835.93,6192.56,4271.25,397.26,1997.06,6452.06
9941.45,4163.62,464.92,1281.73,1076.49,21.94
2012.60,3877.38,6713.50,6037.69,5963.18,1875.43
365.15,707.68,3147.67,7857.21,2433.90,2175.78
1737.33,4532.73,4712.73,1003.72,7607.04,1764.18
1434.48,1319.16,336.01,4211.50,8990.70,7092.99
3436.84,3246.08,1800.31,6457.02,1711.14,1595.24
4282.01,9885.42,4611.44,7630.12,8366.85,4313.93
7810.20,3529.62,1227.07,5409.02,1027.95,9259.62
173.84,4747.61,7580.33,4572.04,3832.53,6691.09
8176.38,9379.98,434.49,7693.52,1299.84,2058.20
4470.70,6183.74,6860.99,5871.49,9727.12,8095.71
8707.10,1061.08,7926.03,1182.45,4140.79,2033.74
4058.39,471.25,5125.68,6495.25,741.14,3482.78
2324.21,1825.64,8972.43,9496.87,1569.73,4461.62
892.39,7795.31,9542.60,987.73,9709.63,4476.91
8465.57,1035.61,6559.44,5918.59,7375.82,2561.88
993.88,2595.81,8710.02,2905.48,4712.48,315.75
4151.09,6923.08,2671.00,3826.87,1768.47,3991.08
8246.66,7016.26,5961.70,7651.12,2657.12,3793.50
135.32,4743.69,2066.10,335.61,6127.50,4914.73
901.10,1368.13,589.17,764.81,6142.30,9683.32
747.37,7081.84,3315.62,5652.90,4045.74,4362.87
8488.09,6034.05,5499.11,1734.69,8610.73,8340.72
3900.87,1294.64,221.16,93.47,3075.14,2916.54
3283.44,9684.04,1874.59,2490.82,2410.72,8995.56
7821.18,7716.77,7313.52,5119.17,8591.18,350.91
9333.89,6896.70,9182.02,7409.99,9113.56,8668.84
6510.96,8586.79,3654.99,5649.77,538.62,2957.70
7212.26,445.25,5754.02,8249.22,6940.04,2292.51
3899.08,7793.81,9854.19,2320.48,6518.48,9761.74
5553.29,1700.54,3093.47,2003.90,9127.87,3742.97
2548.20,230.99,4169.35,9490.07,6450.57,1348.66
8258.28,2138.32,583.15,8337.80,9067.86,8360.96
7154.58,7454.38,1269.79,5288.11,5958.40,6940.82
6966.32,2974.69,7412.78,7646.86,5122.89,8235.26
6129.61,6993.40,9237.91,6785.81,5941.28,5009.68
8432.21,4078.05,6850.40,3877.35,3129.54,9026.03
8252.83,7112.79,1696.55,3214.69,2789.31,3567.12
4622.40,1276.00,8833.35,4726.37,8375.10,6203.19
630.71,6460.63,4623.67,2278.73,9892.82,5348.09
5482.97,2082.55,3975.10,9845.51,1296.14,3289.85
1659.94,8640.65,1080.55,7912.81,7169.76,353.12
9269.86,2318.90,448.56,754.53,8113.36,4510.35
288.66,9975.56,2558.03,5739.15,4970.75,3453.97
3819.84,1500.35,4383.26,3046.26,3579.45,2272.34
3302.37,9718.56,6922.83,6403.43,71.88,2852.43
9052.67,2652.38,6960.15,9513.46,7969.99,460.03
3740.94,1037.55,2728.96,2124.79,66.70,6847.71
221.53,7044.22,5060.81,2990.43,4442.12,3126.20
2656.69,7958.10,978.53,2549.61,7896.63,3464.62
4627.09,8941.70,9856.46,9743.14,5281.77,4915.88
47.94,8400.67,9618.23,9374.01,7292.67,1310.31
5734.51,9640.39,7370.61,9267.00,4154.33,1295.31
8149.34,2341.59,7184.55,2333.30,1454.94,2663.37
5281.61,1147.76,4866.80,8788.48,1098.72,4927.31
7311.58,2887.91,8257.48,4469.70,977.82,2760.55
5081.79,9550.11,9691.92,7268.70,125.56,4792.71
2786.61,6686.54,3221.12,9173.46,1829.55,1627.09
6263.13,9873.71,973.79,5107.50,3810.81,4372.49
5566.78,798.88,5934.07,4942.04,2890.17,6048.10
3656.08,8327.35,716.46,9777.33,9462.78,9950.97
4690.68,5688.93,1552.70,4813.99,629.39,7366.70
4983.80,2100.06,8197.72,1409.08,1499.66,4117.21
1143.15,5443.74,2466.87,5137.95,5079.71,9062.32
7187.44,5698.64,4343.75,6449.77,2165.31,1227.44
4494.12,1813.50,1381.21,9144.76,9805.97,9651.05
3519.50,4469.74,8716.31,226.17,9719.27,3557.17
5240.10,5893.93,5996.79,5178.47,8763.39,7670.41
8539.16,5516.37,472.08,6930.86,7897.23,6193.89
54.51,2144.48,1847.87,1654.06,4106.84,878.60
599.94,5588.12,3541.54,1043.91,4217.29,3891.26
8494.47,9935.21,9477.63,6102.57,5603.63,4128.56
1779.82,4975.56,1711.11,3579.09,8678.97,7127.19
8203.29,4866.62,473.64,970.12,927.69,8444.32
8175.90,6702.05,5295.85,5921.75,3242.94,7891.89
3580.41,5727.42,4400.88,780.52,6857.23,9369.32
2861.68,9148.06,1129.81,3333.12,1810.33,5033.99
8206.86,6692.76,4333.09,50.49,3868.85,6494.05
8774.05,7135.43,3909.07,7019.91,9116.39,5693.63
5391.78,8180.42,8439.42,3848.16,4930.48,8374.84
9892.46,7637.75,4677.20,6358.75,5819.48,7276.88
9621.53,5165.00,7542.37,7287.15,8336.57,9458.94
5868.24,496.14,9749.05,5548.56,7773.65,5814.03
4219.60,1827.90,8371.91,6917.71,68.01,1779.07
6470.55,1087.64,7302.99,9230.94,976.93,6816.74
3389.46,5719.92,6137.23,6423.55,3314.90,6523.51
3787.42,942.82,2450.31,7103.71,1119.99,9617.55
8403.19,292.10,2944.38,3401.75,6127.18,3495.89
9681.82,6228.84,3803.14,9993.64,4122.17,3100.84
6330.12,8172.23,6600.62,6226.55,699.26,6541.26
3588.68,6856.30,5240.50,5089.92,1321.36,1066.81
4242.33,2363.41,9287.44,9419.21,7628.26,422.77
7355.01,7421.68,4866.06,1422.14,9296.32,4784.26
176.41,4372.44,3772.63,2501.19,7785.48,8944.54
968.14,1245.82,4358.30,2472.88,7620.97,9953.47
7915.29,6986.03,2660.58,2647.55,9511.83,3532.96
1001.49,7563.00,1732.27,2223.09,4306.02,2014.32
2204.15,6909.50,8619.35,7435.50,1324.96,9418.98
102.43,1067.00,7793.54,2751.44,6203.02,4368.52
5916.21,1500.39,9013.85,3215.67,8360.18,1247.20
1186.57,9352.65,1192.63,5730.66,9760.45,3588.42
2538.05,421.65,1465.55,6328.85,6434.83,5130.47
2642.42,874.44,6711.65,2370.17,4624.32,9924.33
4203.17,4333.00,5320.94,9817.03,2806.74,129.96
5405.01,1808.34,646.83,8666.57,3158.98,1510.30
273.13,41.51,4490.00,8530.97,7374.17,2398.75
7632.24,867.29,8888.59,1526.08,4816.31,5367.90
6487.11,9366.84,5249.36,6352.37,7486.39,7710.12
5902.70,2629.10,1321.34,5755.32,8616.50,7373.81
8826.20,5759.27,5944.59,2730.98,5353.69,8388.85
4535.56,1018.12,7380.76,4956.46,4952.53,9097.94
1842.39,2709.45,2125.34,9049.22,789.58,2234.04
4846.47,9610.64,9782.14,7526.51,4137.76,5213.87
5195.88,5256.54,213.79,3121.95,5055.15,7062.84
2459.26,379.04,973.34,3001.67,3286.89,1786.65
5370.99,3437.11,9952.89,5597.33,9217.29,1364.40
8489.65,1270.97,7558.31,9790.67,2668.00,4200.45
2784.62,597.16,1426.84,7404.92,6856.53,2197.95
7001.04,4548.66,7272.78,8874.60,7668.12,7000.90
6560.90,6120.33,7702.36,7937.13,9829.62,4978.65
894.99,2480.17,5561.42,904.92,8909.35,956.04
2763.02,4254.19,9744.31,1460.99,786.43,6294.62
351.97,8676.00,1058.48,9676.61,451.61,9134.31
8365.13,6795.91,9222.90,4874.37,5125.78,8444.62
5566.68,9512.60,4693.32,2246.51,8450.20,7577.36
8591.85,2202.32,798.77,6485.01,6752.07,4593.05
217.50,7462.58,2271.92,7979.38,9193.87,4108.23
716.53,7775.99,3419.59,2061.36,5709.17,4729.75
142.81,8318.12,76.35,7541.53,5826.52,4693.08
5725.66,6947.56,8561.08,9980.11,3391.36,474.08
3909.08,7311.10,6253.72,9436.58,2408.09,2621.04
6488.07,7044.98,177.87,6139.32,6890.47,4427.11
1136.72,6672.29,5839.72,4462.80,9726.74,1828.34
4378.85,2327.67,2732.40,5664.06,8102.24,6759.35
1385.67,3631.98,2252.39,7052.57,2185.12,6236.15
3981.40,8172.34,1708.94,17.71,1597.10,4422.17
9260.79,7961.16,8926.19,3655.48,8215.07,3940.18
7652.84,638.46,7171.06,3289.00,1242.47,315.40
4116.11,8581.16,4173.91,9659.91,9175.37,3124.43
8391.46,3818.12,7725.68,7900.16,5245.11,5105.01
6501.63,1468.86,2939.08,146.24,9910.62,8979.52
1618.23,2706.13,6161.64,9217.06,2437.66,8071.73
3644.86,431.59,2387.22,4722.00,3488.45,9246.15
7716.30,2346.78,273.72,2539.22,2978.77,1936.48
2593.67,5075.04,7529.44,9918.46,6569.65,2540.05
9654.27,2661.55,937.03,5664.07,7989.85,3963.32
2438.24,3428.11,6935.70,1769.07,5378.11,8625.64
2155.45,4137.32,5511.81,7775.11,77.77,257.44
6949.71,9168.82,1217.46,7377.94,8756.32,4556.20
5449.31,8092.61,9030.88,3181.93,5166.46,6149.72
1121.04,4737.72,9123.56,667.86,9111.94,9557.73
6029.04,5060.90,3363.61,2645.96,9226.61,8069.03
8333.22,9863.58,5005.65,2809.93,1638.00,8165.06
3562.22,2755.81,5247.80,7171.77,8348.15,9309.51
8947.43,3993.22,5772.60,3621.02,7669.80,6886.52
8168.63,9328.19,3540.53,6672.84,9064.36,2049.94
2893.86,3362.33,4478.58,8241.15,3321.73,694.06
5160.86,9055.44,8861.57,7121.44,6089.57,8121.69
6429.44,1465.55,9766.47,3566.42,2484.27,9938.42
9052.91,5770.88,8359.80,1891.40,3869.74,2572.65
5514.68,2985.23,2443.81,5296.84,9417.79,6286.40
9149.04,7271.48,8705.69,9705.97,6911.40,1088.96
2664.54,6377.67,3946.14,1908.26,9937.79,4674.75
9790.41,9048.17,4837.87,9240.82,8443.37,691.59
3810.01,6122.45,5446.46,2412.75,8021.45,1499.43
1885.95,3292.44,5304.22,4481.39,6842.86,1242.23
6452.44,8034.55,5413.51,2739.48,1248.81,1074.83
7604.59,6919.06,4395.02,1509.43,6239.40,1527.11
5287.17,9121.26,5896.88,4642.95,1694.22,875.80
8376.96,2991.11,7984.17,2732.64,4473.21,3285.90
8865.29,7360.69,4080.57,4104.09,3702.37,8390.66
5328.60,4822.07,7272.45,3761.70,9945.98,8625.57
5887.95,994.09,4384.72,5863.75,653.05,6237.07
8005.18,6578.28,1889.71,5454.21,6381.98,6191.03
1660.40,5706.22,7130.15,2833.41,1227.43,6910.75
3858.54,9418.03,667.78,1095.39,8163.70,1768.20
5681.94,4586.86,2863.23,8546.90,5016.95,4851.74
1117.84,4477.55,8676.73,8717.32,9281.73,9356.62
4791.38,8415.39,2733.60,6476.13,8695.05,6846.90
4310.76,7662.73,2927.80,6865.99,8616.50,248.63
3182.00,8226.01,9362.35,2078.65,9385.57,5715.30
6340.15,6373.17,5636.84,3497.18,1032.01,726.39
6675.64,2566.79,9916.24,2202.28,1584.63,5184.75
4619.50,2480.09,3945.67,3966.30,5142.79,7314.62
8852.35,4797.01,4554.98,571.78,8840.14,337.98
2054.66,1643.93,2323.61,4495.28,4258.21,126.45
246.22,6898.92,2651.38,9035.37,62.61,3178.18
9101.07,2075.79,8351.45,4466.11,925.62,5963.73
9802.49,7222.38,7678.14,889.90,4815.38,3559.10
8236.09,6851.03,9866.65,9725.15,7404.56,5316.44
6986.38,8291.58,1397.53,3580.33,996.66,2098.33
6319.06,736.03,16.40,109.28,9722.73,3613.09
3683.72,6144.01,5470.90,8486.65,3449.09,1625.44
2205.77,1702.66,9426.81,8588.68,5923.52,18.76
2430.80,8930.40,6464.83,6534.55,4228.94,5143.93
356.26,1766.16,7379.77,5489.81,6917.93,4294.36
1396.76,4179.29,948.42,713.08,4221.13,6319.48
2547.95,9911.49,3265.44,3203.04,1481.67,4214.03
4495.17,448.93,438.92,2396.15,4029.08,5233.76
5108.77,2973.22,3882.80,7630.99,1710.90,2478.15
4861.00,4749.73,824.07,1968.91,2642.49,9615.02
3605.24,4594.44,7526.73,6658.06,4526.59,6909.25
8255.28,3834.87,3741.90,2838.34,6316.47,8899.56
765.61,9939.18,591.06,7694.47,7315.23,557.67
4636.20,492.20,8188.48,2837.66,5923.54,593.25
2426.48,3640.57,3821.84,6115.02,8413.02,1317.77
3175.07,4602.11,2662.93,531.12,4003.47,1827.56
3358.32,1485.07,1784.16,422.01,9380.95,151.14
9343.46,6297.59,8150.88,7662.34,2905.86,2771.23
2472.99,4806.05,5244.44,6532.35,4582.87,2957.02
4811.17,3302.87,6154.03,6025.48,3644.48,9914.36
1436.73,1103.34,2203.23,5617.74,4358.68,2748.86
4205.75,4928.42,6406.25,9806.89,9878.03,5220.18
3001.22,1521.54,1267.05,3822.94,7995.21,222.65
1208.60,7840.65,6546.66,1789.09,7626.02,1591.81
5884.92,9258.89,7169.10,9362.10,7138.06,941.62
6651.31,552.99,3595.32,6263.92,4314.69,8281.27
1747.84,3563.01,920.54,686.07,2449.91,9617.11
7866.80,6989.65,5566.81,2960.47,7898.10,95.62
9650.45,4218.89,6864.51,1981.62,7673.77,4107.28
9123.06,667.16,7309.47,303.89,6794.62,6060.02
6324.68,9175.91,7177.53,9681.27,5409.28,2044.85
4598.24,5580.22,6925.19,1694.42,2958.87,1034.89
776.16,4381.00,4410.31,9236.65,3980.66,2724.55
1290.50,5773.07,8249.30,1737.12,307.74,4851.97
7741.73,469.48,8697.71,1378.73,4440.33,706.79
9996.69,9694.56,4497.38,46.78,5408.87,6686.02
2191.34,5111.95,1672.63,9340.96,9612.67,2427.42
1814.97,3956.31,6839.19,140.63,2049.03,1790.57
6133.04,3863.15,7326.39,2551.59,4107.88,2769.62
3250.30,7734.72,3392.28,8755.75,8898.63,4287.44
1323.28,4054.64,1560.76,929.32,8216.24,7146.20
849.11,5880.81,235.91,9686.17,9512.66,9474.24
6330.62,7855.60,440.13,8335.83,9639.35,4434.24
1597.96,4530.22,3186.50,1992.31,5973.93,9486.29
8665.97,7786.15,5800.85,6415.17,8602.95,5653.60
1317.51,2833.05,1008.13,8365.55,8273.57,757.11
6175.49,651.27,5584.03,9835.95,8004.12,3531.03
835.85,4291.39,7399.85,2002.81,5357.31,5009.10
5740.46,3276.62,8034.46,7761.81,64.21,5500.37
1380.31,1097.87,9660.27,1565.78,9222.15,2589.13
852.62,9282.92,6568.82,7184.60,3816.69,7806.40
6355.33,180.37,8044.91,7900.56,150.61,9734.37
1672.90,8587.09,163.80,2952.33,5647.92,1159.05
8613.27,856.12,3183.90,8968.37,1335.44,612.79
7623.86,612.85,632.94,8836.57,3315.69,1210.89
940.13,2676.98,8668.20,4973.03,48.34,163.05
9135.31,708.94,4176.39,6011.77,2136.33,7442.67
9386.45,9215.46,5107.76,6408.73,324.99,3275.04
2264.37,8047.91,8242.67,789.39,9871.35,2020.80
4910.82,8582.49,8336.60,4267.31,3498.42,4435.58
8803.48,2675.09,7883.73,6941.27,2358.85,2716.73
2893.69,3622.87,5283.32,5456.79,4700.54,7447.71
2935.76,5432.92,1034.22,3269.44,5718.13,1907.27
6879.96,7521.33,9683.84,7747.98,9785.95,5065.80
2379.08,481.42,2966.97,4238.30,3608.18,5439.92
404.77,5525.39,4429.12,1396.82,1957.36,5357.46
4001.34,1139.09,7600.44,2970.16,7432.62,814.01
8655.20,5186.48,3412.52,850.01,2146.18,8411.60
995.12,3695.08,9242.83,5364.16,3435.91,4963.89
2724.88,8700.42,5415.89,7733.38,9574.99,4010.54
6005.38,6462.76,1821.32,4025.84,7388.27,8655.10
9745.07,1342.10,9728.84,3647.73,3813.17,7622.10
8150.11,8198.07,86.40,2789.53,3430.89,442.33
6788.77,1159.75,9179.45,6409.31,2839.06,9639.89
7409.02,1672.79,8147.57,4290.24,5847.63,7631.93
8824.58,528.07,9976.11,2645.42,1360.54,9020.24
418.16,9114.72,6109.31,6261.63,2201.56,4606.15
6678.19,9080.74,9481.90,8325.82,7413.25,3310.20
4661.35,9850.51,2153.05,2330.43,9209.88,1131.38
4333.41,3695.90,4611.28,5906.29,1193.98,413.22
5441.25,6810.66,3409.23,482.32,9507.28,5116.25
9536.42,7258.59,3478.43,6582.65,2027.09,5865.09
698.97,5264.13,3795.71,4216.36,8837.87,384.47
8019.48,4688.65,5624.71,8912.25,3412.94,470.65
1028.94,3744.19,6312.10,1213.69,4603.33,4325.90
9391.85,2877.36,6482.21,6729.66,7360.99,4645.17
2496.43,854.25,580.28,8512.02,2756.83,8739.99
3202.14,8121.47,1425.86,481.75,2403.92,5928.14
6360.87,955.13,2983.92,7835.42,2447.54,8723.14
4668.24,929.08,7335.20,3012.07,3954.03,1783.76
9842.61,1652.00,9243.14,8524.29,5492.30,3869.42
702.22,3738.97,6480.99,6903.54,328.28,6752.36
721.65,9239.43,6863.53,3385.19,5488.23,1665.47
7000.28,6169.35,9070.12,4108.52,4106.53,5035.11
1979.43,8481.75,7437.25,9206.04,5589.69,5738.93
5016.06,4675.74,9802.29,2937.66,327.06,3909.10
8991.39,8273.68,9035.51,8261.72,6336.41,9596.27
3788.91,1162.90,1462.61,2492.04,4311.40,5010.63
7568.47,787.80,8878.63,575.87,9455.07,6723.69
5757.15,6030.29,2271.10,9647.52,9836.77,5466.17
374.16,4599.30,4408.57,3746.19,8513.56,3866.56
1860.40,7918.75,2172.29,1270.70,2021.67,6091.46
1637.04,5490.62,714.52,3220.55,1414.00,9059.09
6330.32,8000.14,4293.52,3153.34,4767.26,6666.89
1593.35,2101.74,7541.05,3101.02,674.93,2559.68
1617.89,3143.01,3564.26,2268.61,6619.94,8636.29
9346.38,815.41,2697.10,7369.76,7663.24,6680.04
8606.74,257.30,7035.62,6405.95,1425.37,3165.79
1698.68,5865.72,3497.23,6162.44,7745.95,750.27
3701.12,5167.88,1366.63,2414.42,9318.09,5315.17
2350.35,7373.61,7243.71,8237.78,6430.21,7520.23
1677.62,2479.83,6440.57,3523.07,7847.28,9663.50
9423.55,5632.74,6732.53,4309.69,4411.34,8779.62
7904.12,543.74,9122.19,3857.92,8479.26,9637.70
702.93,9873.92,320.48,8961.14,7782.90,4537.39
7634.42,1831.80,4347.88,9987.67,5908.12,3342.81
2466.19,7647.90,8635.51,8112.47,3466.26,983.84
1353.20,4984.07,3284.83,870.32,5773.94,965.95
1760.33,8886.41,1813.68,5066.41,1410.31,6422.89
6867.98,6671.68,4689.27,3063.59,7459.24,8158.22
7855.07,4534.71,3683.49,4389.63,9846.13,1553.97
8601.47,328.13,8007.33,9507.59,5333.17,1980.23
8741.67,5301.65,4155.26,308.94,8246.82,7569.60
8174.47,2146.95,5645.50,9690.85,3122.08,2019.58
5538.92,8341.77,8342.91,4277.81,2030.86,8931.04
2701.34,4720.85,4742.28,218.13,738.01,3677.07
7836.50,9382.64,2211.25,7075.88,6638.93,1112.45
4527.54,2301.88,9234.99,4256.11,8027.98,8769.10
9472.45,2302.62,4449.16,1572.68,6056.45,6425.03
89.62,2328.97,6473.56,7061.35,6574.98,6378.44
3774.23,7268.56,3613.84,3809.35,7773.94,3570.56
9145.01,385.64,3208.12,2052.77,3505.94,2415.52
3652.14,8039.00,1372.81,8465.90,6750.93,106.56
6927.63,1396.44,7379.35,7140.32,9739.95,3667.19
9696.27,3387.17,8527.26,2064.70,7692.70,782.90
2796.20,3331.99,8343.62,3959.96,3344.44,380.16
8527.81,5296.18,2416.23,695.12,5609.64,8253.28
8460.75,3313.06,6062.59,1607.52,3963.02,6748.22
6888.01,927.83,2627.31,5991.74,2045.39,6475.82
8556.98,7344.67,9723.50,9488.28,4711.61,4624.92
1904.15,6086.63,9642.14,5032.44,4345.10,6836.13
8716.37,6369.03,8055.37,3042.49,81.68,6272.36
3803.85,8028.21,4604.09,3552.41,4563.25,8791.92
3230.51,771.84,526.46,7763.50,3537.76,7686.38
334.77,6234.61,1307.91,6988.38,953.00,9748.67
5337.31,9600.23,9185.99,4435.70,5428.31,1654.86
7542.43,3271.01,3858.48,6901.86,136.02,2370.07
1514.19,3915.79,2858.18,3506.12,525.74,9488.96
747.38,9250.23,1104.83,4381.45,289.29,2428.89
2139.67,6571.83,4278.89,3966.86,5099.64,5231.16
6586.28,7888.34,7643.20,2282.38,2641.28,8087.07
8303.81,5606.31,792.70,9781.10,2228.14,4255.74
6305.07,3640.43,6941.44,9987.47,2113.65,2890.76
1770.68,4668.15,2925.51,8396.71,8957.86,6043.83
1862.37,5384.07,1779.63,9275.65,7829.47,5274.47
7114.02,2111.95,8187.27,9166.69,9231.83,731.70
3695.97,7108.46,5761.17,3946.27,9676.45,6322.35
5776.64,6798.51,6460.05,4623.16,4666.03,2000.95
5568.47,9886.25,2533.46,1373.78,5714.74,2885.41
6592.90,2540.49,4870.60,6912.36,9649.94,9371.91
482.67,3978.68,998.05,8125.70,5466.73,8107.60
5511.99,7041.03,2670.10,2681.92,91.79,7792.70
7071.29,5208.25,5109.54,7916.24,6888.72,9368.11
3397.67,6125.10,3562.29,5636.66,4453.50,7019.24
8423.91,9566.01,9589.75,7193.55,9205.59,7112.18
7414.79,4716.84,2079.09,4412.88,8697.88,1655.87
7396.49,2667.24,7315.28,1177.29,4314.05,2812.07
7152.36,1222.38,9394.10,9531.84,3773.67,1593.50
597.15,1048.08,4220.81,5983.67,3572.14,5350.73
9130.39,9754.44,6733.08,971.76,26.92,8398.85
7482.30,5361.95,6118.08,7423.97,3703.42,2690.71
190.26,1253.47,4305.92,4798.25,1709.01,8158.73
1654.21,6287.89,8258.29,6997.50,9138.31,2222.19
8760.33,7481.47,2654.54,8172.12,3735.48,6559.86
1590.68,9357.71,590.91,7825.72,643.42,7439.84
7551.36,4289.94,5370.93,8675.97,4040.03,7297.20
3133.27,7566.76,4913.20,958.15,9155.06,6669.01
8916.43,9215.96,9167.79,7221.71,2165.13,5306.21
1698.44,1064.17,7199.42,7455.72,8816.31,3860.90
1914.43,4787.45,1830.76,6040.16,4382.84,4558.53
6155.92,6638.95,8800.48,1869.03,3392.86,9746.62
81.59,824.62,6122.24,719.47,5021.38,2869.96
2999.58,9003.34,5870.04,3919.33,9202.81,2829.60
5477.75,9557.00,3186.79,1394.33,1450.93,236.87
5666.25,3283.47,9904.16,8823.57,7206.34,2575.48
6624.04,7499.65,8202.17,6456.41,7785.43,817.70
2122.53,5179.05,1796.22,8487.90,833.82,8355.92
1372.13,6244.49,2253.11,946.40,9780.33,267.21
1589.05,5301.83,7874.26,9079.11,2453.68,4833.42
4754.86,1904.62,9520.62,8040.60,5465.38,1756.26
1361.55,6138.74,2508.21,2947.44,563.62,8482.10
9402.08,1801.81,7515.32,3839.88,8904.07,6907.93
2253.55,1271.37,1466.28,1990.90,8384.26,8263.19
7570.06,445.00,9590.46,8900.64,8994.96,9095.51
6885.87,6178.27,8869.97,6714.13,8704.81,8546.43
5129.36,4810.35,8010.74,6399.49,5700.34,6006.60
9967.88,7303.20,7846.54,9606.83,2877.57,704.68
5319.93,9574.29,6411.03,3516.77,1263.01,7942.64
1703.48,3558.21,4296.47,7576.49,8158.44,5950.09
7834.89,3405.23,7203.44,5837.77,5211.86,6463.75
2121.23,1005.37,2913.43,2651.81,7395.53,5409.16
7341.76,5121.83,4372.07,7926.59,3848.75,6477.39
2985.61,4492.32,1562.63,4441.47,9024.99,4386.59
9311.05,7675.29,9622.93,3779.00,6404.49,6149.41
9772.88,6206.72,717.64,5912.15,2518.51,2312.48
6111.77,3805.64,6385.67,6490.93,5174.36,2493.96
4138.89,3654.42,4304.54,8958.32,8739.41,7567.19
9619.43,8108.99,2317.90,3787.24,187.03,5757.44
97.90,8824.02,9476.30,9390.84,2926.57,9017.46
3609.45,1743.90,8857.87,7147.18,7924.16,8690.34
3948.11,8679.22,2167.99,4595.11,2.88,4009.78
3994.45,2823.11,5593.81,7001.37,4854.17,1295.89
1048.76,3762.25,9455.42,7295.02,7240.67,2743.03
7970.38,4880.16,1317.12,8092.60,402.06,8611.59
7095.73,2895.54,6973.60,9032.29,8223.37,7306.53
4233.75,5461.09,8223.06,4779.53,3849.15,509.03
5697.15,4394.27,31.68,8967.26,9201.13,904.05
8188.41,4729.72,7537.94,9811.36,7166.92,409.87
9536.12,7115.40,682.81,4026.26,1901.21,411.38
3547.86,19.14,6977.74,2128.25,3446.47,3232.29
2944.26,1457.79,6707.79,8728.07,5998.35,3395.49
4065.32,2804.95,5255.87,7964.99,5497.98,6756.46
9861.42,2974.27,6406.23,4406.66,7464.59,4751.92
5872.87,8725.50,9374.82,8805.54,5823.97,7086.64
5972.47,5110.58,8996.56,2590.87,1008.52,1508.16
3726.89,9136.23,9746.60,7528.58,4943.35,8812.25
9576.53,3832.31,850.88,3188.50,3191.92,3630.03
4795.64,1886.06,3847.06,3735.41,7996.55,2003.88
6164.47,3202.34,496.91,3438.36,3939.17,908.51
1300.63,898.23,1312.80,8170.77,6624.31,5279.66
956.68,915.47,9086.12,5269.42,9217.63,1969.63
4299.91,3578.20,3162.79,6049.69,1151.35,7234.96
2723.63,7357.09,2904.42,6061.51,1605.02,1352.18
3094.71,6905.37,2350.42,8861.49,1980.38,2317.22
6246.99,3856.80,3737.36,1666.36,9509.31,8779.85
7732.79,6445.27,2791.15,8184.74,650.38,159.73
1504.08,3772.11,9240.13,801.41,9127.25,6362.98
5912.59,7741.37,6471.39,3055.53,5865.25,8409.71
2034.16,2042.55,733.91,5386.69,3517.87,5610.68
4441.18,7659.19,5275.08,8431.85,9990.47,5032.07
1251.60,4855.41,9177.20,4821.88,3832.71,1309.21
6921.21,574.56,7315.42,4193.42,8940.62,3211.11
1405.50,4925.48,2309.25,884.88,9057.43,3857.51
9039.56,6997.37,345.52,1518.59,2109.08,802.31
3925.82,6115.81,6515.70,3188.66,6277.31,5149.89
7811.10,2998.66,1223.26,857.76,9413.97,1428.90
5674.38,116.29,4450.12,1144.33,8872.85,5291.84
6496.85,1615.32,1040.85,9680.14,1549.12,9911.28
3609.84,4882.27,9663.11,3246.78,5402.14,8672.50
6792.82,5179.54,8215.45,6346.16,4817.89,3121.35
9496.66,5156.48,2087.85,4921.90,8992.88,6070.96
2854.90,627.73,2180.40,5781.12,8705.95,9345.03
6185.54,7770.89,9098.42,1674.29,6981.03,6778.50
1741.26,5347.11,63.89,198.64,2391.83,1049.29
5758.29,8422.26,5723.12,6594.88,274.43,1650.86
104.29,744.49,4243.55,4607.14,2515.76,9458.49
222.10,6129.39,539.46,9414.56,779.47,7660.45
7593.06,7065.97,9491.84,4207.04,5045.05,3683.50
2651.58,1398.17,7720.11,6828.85,8199.98,5548.76
2296.10,6934.23,1611.26,1875.83,3257.00,9564.91
2251.20,2773.29,818.00,1703.65,9489.76,6426.12
8151.44,8741.73,3207.04,7301.54,1080.17,1197.04
8544.89,562.73,3480.19,3444.74,6856.78,1536.79
3836.59,5904.30,5621.28,2046.70,4047.69,3755.54
963.28,3628.45,7087.12,3608.73,8397.45,543.77
1809.57,9943.98,6174.40,6687.13,6074.13,9940.08
543.11,1553.82,66.39,4759.40,936.76,911.19
9533.20,1943.45,544.39,5239.86,2049.33,4994.56
8853.39,2179.99,2966.52,5837.08,1993.65,8960.46
4274.45,8307.15,4711.74,4663.92,1432.18,919.25
5552.84,6355.62,2661.27,1108.08,8906.83,3173.39
6439.56,7511.53,5911.10,4188.51,8667.73,9564.15
7076.13,2220.90,3192.76,9772.26,3696.85,1779.06
2015.58,2001.57,4876.13,3538.43,2889.09,1042.99
5187.56,1091.47,7071.65,2010.70,8830.18,5355.50
2624.83,3575.04,7805.73,3129.70,1428.84,2904.83
8988.55,8333.21,3191.15,216.95,4286.35,9267.56
7803.63,7143.13,7479.71,578.64,222.43,5943.41
9780.25,536.12,4927.28,7488.84,9296.56,7442.40
4997.88,9347.06,5201.93,9698.53,7472.62,7733.11
7207.33,1867.93,1445.66,87.62,2050.64,7339.88
2068.75,6746.63,3112.96,970.28,9086.06,4983.86
3354.67,2107.98,2267.38,6994.54,4023.29,293.53
5621.76,4648.30,636.39,2197.29,4606.97,1124.13
6932.11,1237.25,3815.46,5884.07,7727.18,2724.83