3757.57,7300.47,9429.34,5507.68,654.57,8966.49
9854.36,1979.14,1277.42,1697.94,20.82,9450.43
4704.74,4380.13,3435.39,8210.16,6799.75,558.44
9988.18,9447.67,1250.69,8952.84,4504.99,8129.12
8983.57,2753.01,7195.32,3575.84,9247.49,1449.48
2916.61,1046.68,6449.71,5243.39,3076.12,2828.15
9084.74,554.00,7721.75,4336.82,4375.01,2760.89
1965.82,8150.49,2044.83,8155.51,6919.51,7288.43
9657.86,9004.45,8871.77,8292.06,874.47,4694.74
8356.89,7110.19,4709.90,8030.87,6483.01,4605.62
5868.66,7832.20,2260.41,1323.36,4370.38,6986.20
9127.75,7281.72,2751.11,7561.98,1172.43,1595.49
9862.95,3296.78,2137.82,1731.77,4863.59,9242.55
8835.87,6157.05,181.25,5702.18,2706.54,8140.95
5912.34,1001.83,6805.60,4106.08,5418.07,4544.87
8475.03,2090.78,1138.11,9481.22,9242.62,5065.24
4619.63,956.89,8965.41,3339.98,7466.31,9527.49
3540.04,4449.48,4126.60,6344.37,7017.27,2317.02
202.31,8698.20,7918.51,8219.50,1115.56,7848.44
138.95,4413.25,9178.52,8118.57,8725.89,6839.58
753.65,2587.81,4476.36,6454.43,5747.99,5361.20
2845.08,5325.73,5738.47,2155.23,6943.57,6065.98
9953.36,1947.63,981.77,8549.61,2253.41,7407.60
5866.47,3408.65,7560.01,2316.87,8109.18,3766.30
1125.92,9409.39,8007.71,5131.98,9593.85,8430.09
4527.93,1719.94,5002.86,3307.11,6231.84,9321.00
270.58,7357.53,6875.80,540.39,7721.22,1892.80
2995.38,7939.48,2912.38,592.51,9831.84,7188.18
2816.18,2441.00,9256.01,6956.63,8725.87,1463.75
2958.85,2856.49,7533.80,1584.43,278.71,8895.47
4428.88,2010.82,8768.22,5462.11,6933.96,2071.97
1279.94,2130.29,5848.90,4976.27,8764.66,1519.15
905.64,689.53,9722.47,6532.67,8608.17,362.17
1062.99,3101.34,276.56,8504.74,8801.88,4742.31
851.86,9052.45,3730.91,5025.86,9593.81,6219.93
5601.18,7305.47,4515.54,9261.31,9661.47,9205.58
63.19,2619.02,4074.90,6709.46,7368.85,1701.01
5710.89,221.24,5943.84,3999.54,5185.25,2293.09
6084.90,404.76,4779.84,308.59,3534.28,2527.42
1940.24,7806.78,4392.97,6213.92,4204.23,7961.09
1197.44,9615.36,9602.30,2685.24,2545.18,6249.79
5020.02,5465.36,2768.98,9740.67,6219.29,4757.01
469.96,8722.04,6102.04,9522.22,7008.23,6867.63
468.49,9430.36,6682.59,923.43,6828.09,2028.94
6422.69,3651.45,1407.62,2731.45,6789.55,5761.10
7257.50,1252.05,2213.75,9130.78,4386.31,6293.56
6130.22,8356.09,9710.31,7074.74,1072.12,3325.62
7180.50,3327.44,7483.40,7762.84,3792.75,1937.26
9262.31,8796.42,7246.11,4092.31,8502.38,9030.45
5062.15,8763.61,3946.85,6799.33,2173.39,204.50
5376.47,7460.49,6826.49,8041.37,9117.13,842.77
2296.81,8099.15,3273.51,1901.16,6554.44,4502.52
1041.33,3829.61,1588.81,2427.43,6428.51,2922.95
3395.32,5260.88,5310.27,1129.85,8828.87,5915.67
5583.05,9204.08,7401.96,8887.21,6894.95,5305.56
7186.96,5143.97,4898.11,751.64,1950.72,6505.66
9866.64,1914.32,7805.11,2430.29,8577.51,2274.21
3008.77,3708.26,8792.67,9006.94,7209.33,2900.79
8440.52,8858.24,4191.09,3654.86,1450.76,4073.66
1239.67,3266.47,572.10,6994.38,1388.82,8755.09
8724.57,2237.71,1283.45,3391.93,6567.09,6512.61
813.58,6490.05,9351.32,4622.41,1800.42,6170.14
6271.73,7403.99,6266.09,2168.31,4036.81,1747.55
5753.31,3936.70,6543.77,9972.23,4340.59,4520.81
2449.22,5533.30,1352.55,9323.80,2992.11,485.27
2223.22,5621.71,5092.71,8667.50,270.26,6201.18
7054.80,5773.60,7131.24,8868.01,4339.30,1998.82
9483.96,3119.40,9569.64,4111.78,1503.99,8130.95
8711.12,6656.42,7058.02,863.55,673.38,2299.59
3344.60,1717.78,2029.39,966.63,5134.38,1237.03
5294.23,6872.46,2554.79,1295.12,6523.11,2482.46
4806.94,5761.65,4054.51,140.66,7901.51,3263.18
1240.00,6765.78,2382.89,5857.19,9566.57,9778.41
9795.78,8660.98,3226.62,3250.76,9508.79,3227.23
4230.11,8808.17,3270.43,8838.47,6888.89,9903.65
3504.26,2150.83,2789.28,1273.73,4470.34,3296.32
8239.34,7274.78,9135.59,6979.08,1556.03,5531.18
1527.96,3508.94,9634.43,4434.67,4162.74,543.65
7074.82,3869.34,1253.37,3453.79,4903.53,2572.70
9862.89,3117.67,2619.75,822.16,8542.61,7270.11
2966.12,3045.09,342.54,1990.58,21.68,3473.90
809.52,4351.98,3787.19,2063.65,5985.36,5676.56
9933.51,4653.90,4797.31,2930.62,1229.25,5416.52
3069.68,9104.12,6485.54,5645.77,277.44,9614.69
3094.63,7333.30,9370.06,8193.39,848.64,8903.52
5670.74,9441.80,4983.68,5640.23,8134.32,783.14
5550.15,5700.66,1084.06,3345.37,9986.33,7180.05
5061.95,9790.86,6099.66,6200.42,2055.62,8800.24
4744.36,2658.33,1211.51,3849.05,5815.72,5251.51
6000.03,6345.85,9825.54,771.67,7007.53,5216.46
2573.59,1981.65,308.65,1753.85,6918.45,2553.55
2058.61,4050.04,1476.78,3785.42,5925.88,576.75
5987.57,2248.70,3134.79,401.52,4026.34,8757.24
7463.92,1588.19,7844.61,9396.68,9809.60,5230.83
4380.94,6526.22,8253.12,5969.13,6643.09,7457.89
311.95,9392.56,2156.03,3483.25,222.76,5812.10
6848.54,4029.05,3478.24,4601.31,2366.16,75.65
9040.50,6100.24,3307.70,1659.58,5907.39,4461.69
8892.84,2637.48,8105.37,5165.28,1383.47,2061.42
2525.97,7815.44,3056.16,9995.80,7201.43,3965.40
1757.04,7251.82,5232.16,2838.31,2596.06,3665.07
4980.43,376.26,567.51,2597.42,7063.11,2027.56
4807.20,7098.06,2752.20,7420.53,3511.17,64.00
6970.82,5079.23,5378.84,7702.52,6792.10,3977.76
5911.26,4495.11,6802.57,4749.69,6108.88,5682.63
6286.98,7656.40,1499.38,8273.95,3687.59,5159.83
3135.13,376.39,6046.13,9018.49,7838.13,3879.89
1805.12,6807.99,7978.23,156.22,585.88,4514.39
6631.67,9587.96,7886.27,67.31,3886.78,6257.39
7208.19,1973.01,3490.29,8982.56,5682.73,5293.08
6660.27,5479.31,992.41,575.66,2455.51,4217.11
3948.22,6391.84,318.97,6466.62,850.05,1045.40
2267.32,8570.01,6421.01,9452.01,5758.64,502.66
7324.26,4950.23,5316.39,3737.61,5884.14,1913.93
8667.12,6691.45,3872.00,44.82,1678.39,2462.82
5469.17,9124.90,1114.32,5305.16,5804.60,6203.84
38.77,4123.47,3648.94,2332.14,3049.61,7658.85
40.07,3176.94,6533.83,4276.02,3670.15,4167.17
2402.21,6388.66,3054.67,5853.31,8663.42,1650.73
8598.17,9162.87,3246.29,8728.10,9734.68,1091.67
9978.61,6611.51,1725.78,2110.83,2242.20,51.61
9665.83,8127.64,2088.87,504.94,4097.63,7619.95
2575.04,1779.89,1458.38,7089.08,6273.78,6998.68
9221.87,6324.84,981.54,4875.01,3623.68,8710.33
1431.41,822.93,7396.09,1845.61,4387.13,606.16
2316.46,5280.18,216.77,379.24,6114.26,3896.25
1865.16,2127.05,1633.88,5395.50,1430.66,2866.64
8428.22,8423.65,9707.10,7802.17,3959.60,8128.18
9985.01,5173.59,3516.19,2874.68,7907.95,2725.76
4659.29,7261.98,9904.93,7287.40,4768.53,6388.04
5542.15,2865.69,9420.72,1437.35,8585.93,4021.21
5369.87,9466.92,1746.00,5334.52,1499.53,1368.28
197.08,6106.02,8188.17,9063.98,281.59,7009.79
769.55,8826.26,4742.47,9795.43,3068.74,6844.13
8392.66,5744.60,8033.24,9512.77,3023.13,9104.24
3469.91,8789.62,2671.30,4264.21,8929.33,7775.94
6042.66,3316.19,5786.35,2667.40,263.51,1887.98
2531.84,2814.01,2076.39,6456.65,8840.92,2288.65
9624.58,2767.73,9852.79,5981.16,2350.26,4656.97
3258.57,3900.16,7883.94,5531.27,3590.62,7576.64
511.27,9793.24,4706.63,9525.06,8327.09,8482.55
3800.78,1194.10,2490.15,545.38,9269.31,49.96
1136.03,3764.59,1881.67,5791.39,7047.30,6972.70
7530.14,1212.44,2401.28,570.75,260.96,4358.20
6168.25,6116.08,2692.38,5113.76,2525.12,1193.80
9275.99,5750.42,3476.65,7233.89,5871.10,6526.99
2628.35,374.70,296.07,6615.40,658.37,8862.37
8626.64,5405.31,5662.56,8553.28,1994.76,1770.23
2555.24,6210.96,4676.07,9426.37,3809.78,1248.18
2920.69,6716.32,2429.30,8931.90,5516.02,8315.67
1710.93,5831.41,3391.31,5360.78,8533.35,5197.51
1166.48,2577.37,1866.41,2006.22,9616.26,8252.30
6806.97,331.20,9882.61,2330.07,6669.03,922.98
2080.19,5203.01,9568.96,8804.56,793.24,9952.83
6632.69,4188.45,7662.82,5771.74,3379.95,4856.22
3620.38,9171.15,6379.21,1467.33,2586.25,7814.01
7390.63,4399.54,8785.89,9831.34,9130.71,7863.43
5078.89,6868.44,9243.80,5334.80,1157.05,2604.94
2734.81,2449.57,6303.38,6475.72,9867.32,3040.51
896.68,3959.12,1194.32,6442.74,4320.40,7083.00
3138.17,2559.28,3388.70,545.63,5539.48,9788.75
1418.54,9591.77,331.33,2378.01,4362.24,1382.18
654.37,2108.19,9345.56,9867.41,1754.20,5850.90
7592.37,3527.96,6673.06,7348.31,11.36,1818.80
2282.24,3645.57,995.93,9291.87,6640.81,1500.57
1479.91,3179.49,1527.52,7630.46,1191.46,3515.46
4117.40,3380.20,5846.32,5046.80,612.99,2666.42
2523.08,4097.81,3795.63,2139.67,8525.16,7432.98
3744.94,6896.32,3954.51,4477.63,5836.19,5580.48
4376.15,8368.65,7777.66,2942.47,9228.82,6102.02
2271.83,5631.75,1996.00,9192.90,6857.47,3338.18
3147.56,5222.71,7319.93,3435.35,762.12,7614.45
3317.76,359.26,6551.75,1370.57,5680.04,5074.80
7538.55,1403.81,7409.11,1850.21,1893.26,6514.78
4773.03,7616.03,4634.77,3664.42,2659.71,869.64
4853.85,5485.82,9138.95,3518.27,1874.73,7085.26
2757.31,1981.51,6601.78,284.19,865.00,2899.98
8497.79,5525.38,999.97,7038.44,1847.45,2242.69
4658.44,5452.56,672.92,6500.29,2940.00,7451.88
8249.04,4316.85,9741.34,4072.69,2532.36,7761.42
7676.11,5275.05,4091.57,6257.48,5971.25,6682.70
1601.92,322.17,1352.48,238.64,9123.08,6914.53
819.66,4156.61,2384.88,2155.53,5793.23,9486.26
7619.53,6602.38,242.76,1946.30,3477.15,5752.14
6492.42,1334.02,3628.72,8410.09,3961.10,8228.92
1071.38,4685.03,3315.91,3822.02,9870.43,1867.55
2607.52,7191.64,565.39,3863.16,7755.54,2902.69
601.47,7249.18,8568.17,8633.47,5940.49,6853.08
608.36,1024.17,156.17,8993.15,6456.96,2026.47
877.28,7886.82,952.93,9381.04,2737.52,9619.16
4731.56,717.44,1047.44,6604.11,7546.78,7685.89
4757.35,8776.91,7752.71,7758.88,4815.79,4212.85
2307.17,813.93,4053.72,4139.63,727.13,8928.54
4289.24,9894.18,9773.31,937.28,1322.67,8933.88
5705.09,7857.89,851.86,9342.75,9751.22,2150.20
2460.29,5997.19,3380.00,5524.04,8894.15,9253.26
280.88,4868.31,2637.61,2382.72,6253.27,964.71
537.15,6324.15,9881.93,3277.78,9058.07,7793.90
4104.18,4292.93,4063.03,8881.88,1878.26,1825.85
1873.08,6770.61,6820.72,1460.41,1415.38,8816.58
5156.61,8492.40,6111.18,2190.58,6751.24,5595.46
8782.32,2223.44,5142.72,2575.49,6952.82,6657.89
5128.30,3100.06,9992.91,6574.48,1802.59,9409.03
4331.36,1924.14,5859.69,5976.36,5156.68,9517.50
7395.05,6702.97,6407.92,7083.98,9526.16,8537.76
6736.09,6463.03,547.91,6965.20,4233.52,9474.06
8423.13,5446.58,7436.58,4686.85,477.72,9238.22
1811.81,6203.30,3940.11,4049.20,5948.92,8343.44
8819.91,7152.55,8714.93,5974.29,5817.90,1436.46
7718.16,3261.66,1758.81,4282.20,2642.96,8444.26
2685.16,8450.96,5357.04,773.34,3600.68,8727.50
2975.40,8943.22,9362.71,3964.49,4303.25,2200.99
5494.08,4357.16,2329.19,745.77,2931.02,2602.90
8036.50,4434.38,9133.55,2496.57,6866.09,3296.36
9140.64,4921.40,3386.97,366.59,971.39,6962.30
3186.57,6282.73,4028.16,8270.48,5910.85,2551.19
5838.43,2139.89,5693.26,6978.05,822.37,1676.11
1025.15,5239.69,3842.75,8084.44,5456.97,5019.70
1872.64,4669.88,4296.94,5145.86,3139.02,9455.66
201.67,1731.60,1862.85,6990.22,6660.12,1151.82
5331.24,6227.36,6716.63,4553.51,1048.56,5839.28
2164.94,6112.00,5291.58,8493.04,5009.40,59.07
7870.26,5564.27,5918.17,8400.17,2928.55,9459.70
30.91,7426.16,887.42,2856.38,7631.93,9155.53
9303.88,7891.59,401.18,7965.14,949.42,9981.83
1253.02,5163.21,7004.10,9479.48,3220.22,7267.25
7895.22,5406.49,1734.49,9883.05,3873.43,1453.59
3986.59,3418.46,9428.05,6955.92,9781.37,2441.98
2748.61,1638.47,9004.96,7946.17,6295.36,219.51
6754.02,5996.77,7292.50,8915.51,3423.36,8809.71
8382.36,602.48,3086.47,8724.76,4081.93,3519.23
6314.24,2598.44,1970.63,6906.05,7179.72,9387.71
5548.62,2250.89,8774.31,6812.84,7670.25,1585.20
3432.25,1838.41,8084.57,2940.39,1775.62,2049.25
4452.02,8243.30,7951.74,5680.69,6752.71,7017.84
7898.02,5508.81,2164.55,1200.61,9031.67,3096.81
6957.10,7188.98,2352.52,2782.29,5421.04,3719.41
6033.37,8779.55,4629.54,5870.15,5821.26,7493.02
3764.77,7774.78,7650.21,5460.12,1045.60,7545.74
4494.75,6132.44,6551.71,4769.46,1629.60,2413.12
8627.95,3578.04,1216.92,346.16,2333.88,2434.41
781.85,449.03,5136.32,9887.24,8073.89,2169.41
6947.12,9708.94,1870.83,6704.77,4769.60,492.90
4941.48,7367.25,9556.80,6776.71,1369.04,1089.20
5259.43,4992.01,2001.53,1743.38,1813.90,8569.20
5234.59,963.42,5786.97,4928.85,413.64,2081.14
4841.12,3916.33,4310.92,9407.26,8842.93,8554.49
5155.85,5051.17,3779.95,9265.94,1666.56,2116.36
1407.66,7862.14,1371.96,2895.65,4661.74,3123.81
2478.87,8492.98,493.35,3444.41,2543.56,1536.43
4844.94,5907.85,3343.61,1477.88,7078.81,4876.99
1248.87,5180.21,4381.49,5012.03,9190.64,9365.42
6080.02,676.45,1622.66,7972.76,1843.59,2604.32
5937.96,8068.64,1642.01,9875.10,3864.50,2485.32
9824.61,9021.48,3146.72,8568.39,3555.08,9902.69
3686.32,4641.67,3674.20,3011.57,3530.43,8039.72
3089.98,963.38,7749.06,2600.93,1501.78,1506.38
5501.98,8344.55,1825.55,6632.40,3589.82,9931.12
25.59,2567.38,5982.46,4313.36,1903.92,7191.70
8820.61,6169.08,974.27,4214.25,8679.90,1700.26
32.25,5583.02,9211.94,1243.91,9971.03,2447.77
7330.17,1206.57,6543.45,7819.42,1311.12,4084.84
5597.77,10.84,9830.72,890.31,1335.61,5594.66
9754.99,477.78,7797.30,9400.54,6140.66,9366.94
8203.86,3257.56,3468.58,4963.28,9189.01,48.70
2401.40,634.10,1554.71,2791.53,3511.00,3189.08
9503.00,4667.30,9408.02,6734.59,8782.79,1336.21
1516.03,1017.00,3476.30,8067.29,338.42,7516.61
7763.99,1407.92,2307.84,5994.21,7898.10,3733.98
2685.14,2297.68,4580.34,2659.77,4704.83,4308.96
6612.17,2185.56,61.53,3428.99,186.49,8040.19
610.77,1020.41,2024.57,3098.20,6509.38,2104.54
1056.52,5170.84,9871.70,8469.42,9693.11,5321.35
2171.84,1954.05,6808.15,1657.47,575.88,3609.67
8084.68,8544.42,9376.33,18.72,4302.12,6206.77
4629.62,7932.94,3915.52,9290.74,1659.63,2843.57
2522.05,7968.06,997.29,8013.82,300.86,9736.32
7936.21,942.48,2546.31,9405.74,7257.17,6090.20
4649.03,9087.06,118.54,2701.86,4184.51,7826.97
8120.91,970.40,9015.83,9366.16,7976.81,7762.52
1704.62,5903.87,5519.88,589.29,3384.93,8576.98
4776.50,8371.15,724.14,63.79,5811.11,1699.34
3746.41,4325.42,393.75,3082.01,4655.42,7596.66
4138.65,2141.11,6978.03,6156.99,6952.85,7781.96
5638.05,9592.18,7177.17,3776.52,8901.33,2277.00
4104.31,9599.05,8175.66,9882.97,5779.64,3144.51
9395.82,2770.78,9656.57,7643.09,8676.70,2237.21
8821.57,9816.36,5914.05,9974.27,2086.00,9441.37
4639.30,946.26,2844.50,3675.89,1380.69,7838.42
3227.07,5822.43,3373.86,9307.23,4370.99,2349.34
1428.63,1598.04,1996.23,5859.98,1841.33,6330.41
8225.79,7335.81,491.36,8335.08,1054.49,2326.46
4660.07,6049.52,3892.86,9674.19,164.12,3871.26
9716.91,4479.51,4028.52,8516.75,627.43,6884.61
8869.57,8006.38,1103.32,5743.11,748.06,4533.85
1408.00,4233.16,3280.43,5685.02,8719.09,3342.67
7491.08,8387.35,2940.08,4066.02,5943.11,8573.70
4654.63,4891.05,9986.84,9218.52,2789.10,8348.21
8638.38,1494.92,1009.56,3038.79,339.41,5880.79
3381.64,8096.20,4865.78,9019.37,8833.00,1487.75
4205.95,5709.40,9200.43,5991.30,3711.58,4802.81
4518.65,4621.36,2355.01,1762.09,5753.02,949.38
3914.14,1491.88,7956.68,6505.36,7608.01,906.82
3309.06,8987.69,4011.74,5051.74,8423.96,216.88
3804.08,4698.74,789.85,2280.96,7715.63,5245.37
7057.43,9616.26,8250.20,1172.80,417.83,1286.85
8328.54,1317.11,8819.92,6080.78,4218.34,6664.36
887.29,9719.83,1335.10,2604.43,7159.33,5652.63
2780.47,5259.17,5536.21,5842.45,7213.64,9403.46
2000.68,5265.63,9797.90,9438.61,4096.90,505.02
8523.14,1671.03,2219.37,4367.95,622.83,9384.23
1925.23,2534.48,2154.94,9812.71,7547.21,9820.91
8388.95,1610.05,5110.18,94.23,224.71,6056.89
8758.76,1887.09,9732.09,1854.82,5683.52,4057.51
4661.19,5316.68,798.21,3043.54,6174.35,6957.69
37.85,7548.28,5930.67,7847.21,2866.83,9440.65
4355.64,7838.43,3074.32,8403.16,4791.28,7820.18
2999.24,6650.66,7056.84,6791.18,6660.76,6028.84
2247.39,9284.56,1635.85,7041.05,2320.72,5295.52
1815.42,3080.09,9363.50,5406.48,2251.03,1122.33
7503.71,983.28,7444.27,4157.38,4031.75,7100.48
9877.30,9345.68,3760.65,9463.53,7244.08,3309.17
8765.42,1266.00,3218.61,5077.31,1467.75,3600.60
3494.93,1239.25,4795.63,6237.18,6984.93,8337.88
9725.13,7127.41,6813.83,1070.13,9761.61,8668.08
8834.01,4432.11,8137.97,1544.40,5750.32,664.03
5854.78,5906.75,862.03,2232.13,6541.51,8198.99
5796.01,2875.26,5576.07,3558.14,2363.62,603.03
8302.90,167.06,1568.57,8542.52,5833.34,6257.54
2351.60,1401.65,7579.57,9504.81,8358.93,2778.10
9868.46,6270.31,9074.33,705.55,3687.30,3867.79
5217.88,4235.91,6755.09,6290.23,8374.93,6204.55
7117.87,8197.02,5200.31,1017.05,8215.84,8996.39
8328.69,9461.92,5748.82,7537.88,7282.73,5290.94
3940.06,7964.12,2891.12,5745.77,295.14,1457.82
9070.55,8036.51,2147.35,8328.63,8096.30,3046.74
681.64,3189.61,1987.57,8512.67,6715.37,9622.28
4373.30,1055.79,5334.71,6273.62,5491.85,9904.34
3872.70,6478.60,1914.59,5115.31,8309.08,8625.76
3491.75,2182.06,3205.79,6412.58,714.41,6863.12
1893.70,9657.98,7027.91,4347.79,2952.50,3025.44
9554.55,2264.27,2898.73,9327.40,3419.11,6141.06
5057.63,266.54,9848.74,7310.75,2016.82,2878.57
8423.35,6605.20,1676.81,9346.03,5626.16,4756.43
2705.11,2637.93,3875.90,4884.50,5107.02,5788.29
4178.92,206.33,6720.84,9638.27,3824.83,9678.16
5840.11,8073.96,9890.83,8936.16,8630.05,8234.07
9645.11,2670.50,3123.91,5645.75,7570.83,2012.07
1602.96,6294.81,4820.41,9024.53,1468.31,9787.40
2881.72,5669.16,6236.61,5152.90,3764.84,9686.98
2791.07,6472.79,103.65,5544.06,5794.26,5661.50
5935.60,5741.80,9894.64,4340.18,9533.47,6416.11
3350.01,3196.76,4632.34,9380.12,9009.46,5631.37
5604.96,4410.58,3632.44,4475.08,9586.51,9230.78
6400.81,9084.83,7208.11,3017.73,1817.19,4256.01
5238.80,4252.63,5116.02,5888.29,933.17,8783.99
1997.63,9724.71,9616.60,8936.13,979.97,171.93
4770.02,4047.48,1882.46,3157.14,2096.44,3595.44
9369.51,9342.30,531.91,3338.54,2665.16,5963.60
9397.49,3041.51,4352.30,4817.08,5352.88,4678.44
5358.00,9934.65,7267.91,4059.79,5959.06,4047.75
7416.25,3828.29,7106.18,4396.56,66.64,7235.21
948.13,9518.25,1807.14,7588.96,3047.54,9323.32
5329.53,6625.89,6697.40,2267.36,3113.03,1395.03
2007.07,7306.22,8228.74,8909.59,5778.90,7839.12
471.41,7621.71,9699.26,2302.86,5578.94,1928.96
9812.06,6727.32,408.19,3494.05,4489.61,758.36
2062.39,3713.53,6846.37,3596.31,1556.23,197.24
9460.91,3303.87,316.02,109.46,2592.79,354.46
8140.56,754.51,1516.64,7685.82,5876.68,6107.45
2998.68,2278.02,8681.91,5738.87,9408.43,3353.09
399.53,7657.83,546.16,6928.47,8444.13,8287.22
6673.89,815.48,9219.43,2899.60,3472.43,4491.84
592.36,2083.55,2068.86,9268.04,6035.54,1482.37
10.02,3452.57,9895.33,4376.80,4180.07,5114.73
410.03,1008.52,4998.04,7623.23,107.75,4565.22
5918.50,3426.57,8367.76,3012.91,3308.91,9207.31
1632.57,7532.77,8380.56,3353.82,9406.57,7575.55
6791.30,837.58,107.58,588.40,1176.82,4235.35
3147.66,6660.79,3186.96,284.65,6145.51,9610.99
6397.20,3248.09,1631.15,3380.65,3088.67,3495.61
705.44,337.71,362.58,77.51,5931.10,7567.48
9898.21,1878.77,8449.30,3620.27,3205.48,4841.64
8630.76,5981.16,6642.28,5036.72,2582.08,4144.27
1394.07,9811.19,1681.56,8653.25,6995.27,2588.15
1303.38,9541.52,6778.54,8943.19,2962.80,6942.92
4224.05,2071.39,3423.63,3654.00,7705.09,8528.03
2212.45,7624.65,6272.89,342.09,1613.04,5729.88
118.89,3768.80,9334.01,8324.68,6286.44,2146.22
3618.32,6065.25,9042.27,3395.82,2445.33,9982.15
7578.39,19.34,754.78,1490.38,5705.22,1544.47
8399.67,3752.35,3618.71,6839.66,3689.00,9382.30
1207.29,8671.09,5649.10,8287.81,8673.99,8484.05
111.80,4933.15,9717.57,8640.40,9485.72,1891.31
5894.44,9464.35,8113.26,7656.23,6983.94,1386.52
5619.68,3992.75,9891.54,4942.43,6648.69,7223.19
130.01,4055.62,4545.16,318.45,4732.07,1961.12
2560.91,5238.71,9803.10,3069.65,7579.36,641.05
743.85,3251.37,6182.84,5633.71,7405.90,4833.59
6465.19,5056.03,4979.81,7978.80,2604.60,6126.10
2176.88,3242.17,4296.30,7857.58,3556.80,7734.18
2113.60,2507.61,6710.75,3209.39,3489.17,8243.43
7915.70,6511.26,1720.22,4599.05,7353.20,5621.37
9831.86,1156.66,8103.94,9632.92,6756.22,2262.23
9078.03,4758.14,3025.02,6910.66,7170.00,828.10
7730.18,4021.04,6586.59,6211.14,3710.35,8466.00
455.37,5626.16,1617.53,6398.36,1257.65,5190.43
2671.52,2024.16,6586.93,253.72,6673.78,5409.13
1564.06,7041.29,3147.09,9201.01,5373.33,2149.78
7143.91,4584.80,4644.84,1067.93,3987.03,8165.94
4401.12,9815.24,730.01,431.31,8710.82,4989.20
7690.70,7413.00,3920.50,765.29,8909.60,2488.45
6619.91,8430.87,4411.72,1967.79,5041.69,6939.15
2525.90,5021.05,5211.94,308.01,6083.09,8415.65
594.75,9955.41,7463.08,6861.83,8002.56,666.79
2334.14,9515.49,6783.27,2848.64,9013.62,7718.11
6093.93,6589.14,3440.96,7417.32,3620.59,2665.57
8249.82,1380.50,195.37,1886.19,9423.94,7997.68
7380.15,6829.07,9607.90,795.54,1990.75,5823.24
8943.12,1159.06,49.51,3365.32,7669.53,1027.46
9960.35,6210.07,4709.78,9801.90,7177.70,448.93
94.12,780.76,4268.69,6046.30,5015.54,7164.95
917.75,7473.33,5319.52,3573.94,227.90,2893.14
752.09,2471.76,1272.09,5133.31,8382.86,8850.52
5580.85,4654.69,5648.93,9701.86,8169.75,7418.51
1427.40,7792.42,5368.32,5345.37,7186.50,9551.68
3439.76,6002.74,2953.59,4757.98,3549.51,5068.19
64.34,2964.69,2820.53,2943.84,709.15,295.03
4172.68,8458.70,7367.50,8281.74,1231.71,5946.08
6027.72,1875.04,3375.35,3431.12,7173.96,8177.48
9441.39,591.01,5462.67,2205.61,4907.08,2063.27
6757.20,5642.71,3915.61,8281.72,582.66,7502.05
8842.51,8480.26,6909.65,3576.86,2702.89,7287.86
3749.18,561.62,1320.49,3409.22,861.84,9996.34
866.77,5733.37,4725.98,2610.77,2726.59,1133.37
8752.79,3556.49,4023.74,6547.00,1781.46,149.56
4281.87,5419.48,5605.73,9625.90,3072.59,1989.71
2612.47,7725.98,4291.08,4530.91,985.40,1128.49
4946.33,8915.87,5121.37,7957.09,8847.10,157.98
9966.51,6999.66,4403.16,9422.51,6516.34,4165.86
3117.36,2633.01,9704.12,7099.54,3080.42,9847.55
7759.22,7820.44,4410.59,2573.31,6657.10,6078.68
9705.65,6023.58,8221.82,1810.76,3213.96,6340.24
6018.09,1370.68,7781.25,418.43,4067.07,4543.62
5921.97,1013.28,8450.91,1690.92,4048.23,2326.12
1678.43,2357.94,7801.88,619.59,868.13,6318.48
7259.40,9433.34,1034.73,5408.66,5758.47,6006.22
7023.20,1750.25,4152.28,7030.55,6775.40,2389.19
8954.86,3178.84,4740.64,132.38,5703.61,9019.21
7582.65,2407.46,4046.52,9154.58,7671.70,4768.81
3595.29,1759.70,6171.59,415.02,5840.39,4119.71
4953.38,4075.89,5275.10,6997.04,8524.75,7909.38
9433.30,8478.83,8352.36,9648.41,2776.00,7.98
7224.57,1530.46,2524.88,4938.49,7116.20,2273.20
5077.47,7296.00,7438.68,9099.25,5663.99,375.33
5359.36,5395.75,814.75,2239.91,1091.66,2339.63
7493.63,3945.97,4401.15,2585.78,4250.43,6416.76
9495.69,9522.07,6207.68,7026.95,7530.96,5424.65
4225.14,1500.05,9307.85,8680.58,7179.09,3997.74
9974.22,2593.00,3083.83,6110.89,7777.06,4306.47
7901.27,9284.63,9245.98,2571.64,5951.77,5997.98
1857.00,2528.12,472.97,5871.80,8443.52,3980.50
5343.01,3431.32,3417.62,7198.88,6185.71,5987.38
555.69,3702.71,9583.53,8557.79,9352.51,7678.01
2549.04,7173.21,5716.53,546.92,8159.51,1832.70
6998.08,3442.66,1140.83,2094.06,4377.92,4265.43
6519.22,3855.37,3271.34,365.51,3676.64,5731.56
8605.25,4704.99,8859.04,8440.79,749.63,1349.54
1256.66,7460.93,4962.59,708.22,5141.72,1810.49
6251.83,2090.65,7889.27,862.82,5039.75,2644.28
7377.14,3590.77,1672.26,4434.80,8475.48,1111.33
9896.72,9265.09,3999.43,3809.07,8306.03,3125.14
2262.21,6843.49,1221.63,1642.40,9419.39,112.60
4196.62,601.36,2584.43,6029.49,3846.82,7168.33
9578.15,5925.97,8941.01,1333.56,9055.68,9310.90
4047.61,2014.53,3713.95,8705.95,6471.43,3637.25
4892.03,2467.08,9965.83,3597.31,2866.11,4433.07
6084.31,6860.33,1320.19,7765.63,9875.73,7731.13
817.20,2194.16,8196.81,6977.13,7973.04,4885.25
714.03,7556.33,1385.26,8037.94,5864.64,7356.29
7584.20,8463.05,3109.61,2334.74,8286.52,1679.71
3714.16,6944.89,3436.86,4198.50,9659.32,9591.13
4561.19,677.51,3226.73,4215.08,3571.26,152.48
9708.45,2042.88,9035.10,6426.39,9143.66,514.63
9924.29,6323.81,1425.03,4875.92,1598.35,8559.39
906.49,2046.76,905.44,6567.16,90.87,653.51
3745.48,9428.86,8646.56,2576.66,8318.12,5104.87
7167.16,7164.06,3368.39,5213.45,6322.91,845.40
4972.33,440.47,1207.48,7048.01,9289.99,9306.72
2670.20,9428.97,7714.26,2564.08,4320.21,2391.77
2908.07,8983.37,4698.34,79.04,4028.66,6494.60
6837.20,5263.87,7908.04,7662.54,9270.57,4344.04
6540.70,8158.31,9351.40,4389.31,7083.48,2801.91
6003.10,3336.69,9905.35,2338.86,7559.64,791.54
9077.96,2229.98,1931.61,1201.95,1702.43,8920.53
9414.99,90.76,4583.25,9339.35,1278.78,4524.23
3030.74,4208.95,8406.03,6132.63,5147.27,3686.22
4313.96,632.49,7337.02,2907.23,666.66,2883.27
23.24,4333.20,1703.04,1304.52,3757.77,6143.50
3016.96,9438.50,226.26,9376.51,8875.31,2974.34
3797.79,7226.37,3603.77,1685.82,8164.01,9214.84
1698.71,2219.49,1885.94,4250.30,2741.47,1314.19
794.76,7492.49,1901.93,8466.39,859.28,5161.13
2095.34,8949.99,3644.94,2246.37,5626.33,8483.42
2001.92,716.97,5489.58,5565.81,7268.76,332.81
3475.75,8495.53,8862.51,3892.76,6683.74,5186.46
8482.99,9223.72,6901.68,6077.20,6449.24,1136.41
1955.50,6467.76,8680.35,5345.26,3171.43,3473.10
8199.73,1799.41,6375.23,6870.16,3200.02,2699.14
3480.41,5898.70,8010.62,502.91,6179.66,8070.33
9448.98,2945.43,2788.44,713.51,1840.93,5504.85
5458.44,1942.34,9576.85,8460.09,9119.74,2679.29
9762.76,4515.77,9909.42,873.57,197.65,7275.16
3714.18,7474.33,3837.11,2945.79,4153.34,9922.24
972.36,9660.83,6875.62,1979.78,1935.39,9753.09
6795.11,9015.07,3681.09,9020.86,8385.94,121.30
5118.30,3303.59,1002.03,7950.43,1300.25,2122.05
3226.06,1577.62,3965.64,3321.72,9277.87,54.28
7331.78,2050.22,3351.55,4513.19,356.85,2750.49
7974.79,9385.21,4951.61,7280.32,6926.77,9622.28
4443.68,3391.40,5669.81,3459.19,2239.83,3291.76
6000.45,2290.54,7888.07,9432.70,9742.03,8081.23
7581.80,8242.91,7525.64,6103.18,6119.36,6170.45
2821.18,7137.74,3096.32,3022.87,4602.51,5255.61
408.88,6914.01,6218.51,7213.69,6221.37,1337.60
4777.80,5804.43,8497.58,8443.64,2067.64,3070.01
954.94,4122.65,5593.11,3859.62,9162.92,3175.22
5325.29,318.51,1299.57,4607.78,6718.53,8420.69
255.26,6501.69,4784.47,7229.00,1824.73,9109.17
5675.99,5930.03,9829.17,256.13,6492.55,8604.53
4699.25,2782.86,7836.58,4551.57,4601.05,1920.46
4001.59,1514.67,9259.70,5008.11,6076.84,175.32
9568.56,4332.33,9493.92,7871.83,8488.01,5316.22
3407.58,7794.34,4755.05,5497.02,6234.76,6295.54
1401.73,1951.38,5581.62,2271.13,2213.78,9477.80
1802.98,8653.09,2329.29,9501.11,4277.38,2586.31
5002.16,349.95,8351.57,5225.92,1962.79,8856.43
5613.95,2409.82,5192.35,2462.21,1350.47,4169.14
458.79,3525.21,1573.14,1528.69,1078.71,5970.27
744.72,4597.66,1435.79,4530.99,8905.33,9952.92
23.55,8561.04,1040.84,6685.22,886.56,1394.62
9571.48,8077.41,1799.87,3550.24,4370.89,6955.30
2999.88,2662.36,8683.05,9530.22,6664.80,5304.61
5529.63,2749.41,5669.65,4536.00,3768.95,755.85
1118.92,2974.96,5067.09,8990.89,1304.09,7721.44
8698.21,300.53,9868.24,6022.49,4974.73,8434.89
8114.15,1496.64,3614.50,5165.03,4044.33,1017.05
7374.96,8270.21,5187.22,6127.28,9207.73,1.51
8099.70,6542.67,4319.10,9524.30,9996.35,5032.16
8915.83,3454.81,7055.38,4122.22,619.65,4796.32
3254.44,3625.49,4733.40,6652.24,7921.40,3287.92
1127.38,1542.79,6559.44,2694.57,1334.84,4434.89
6088.72,9276.31,3925.52,7143.99,8861.26,1168.87
1071.51,5503.97,291.05,7842.53,765.38,9253.32
9842.69,6716.28,5403.23,2296.60,2019.82,6714.81
9504.76,8664.11,5869.47,2176.01,6759.07,627.24
6086.95,5823.59,6880.52,3195.07,5266.76,8839.76
9291.38,7926.68,7920.80,6558.02,5250.47,2809.10
6046.50,1228.62,9768.94,7107.77,6579.97,7047.02
877.79,6834.32,5105.40,3324.71,8145.93,185.31
5083.65,2064.17,7735.79,4062.58,9197.31,7594.54
6068.54,6508.93,5485.28,9719.10,3356.53,6435.21
8969.96,6194.00,692.75,700.97,8354.70,9434.12
2790.15,9361.60,1562.13,6993.87,4435.30,9225.50
6598.93,6925.07,7294.24,6961.71,467.30,5070.93
5567.85,6191.22,7978.64,5696.61,3743.45,1148.93
9897.62,1422.43,3157.28,4997.52,6103.46,6038.94
9846.24,2834.02,4089.51,6588.89,4362.82,9843.26
127.83,926.31,941.52,931.84,8470.03,9238.39
2705.72,4438.03,4568.17,9998.61,9499.32,8034.66
1297.08,7337.18,6739.27,6152.42,9513.16,9682.12
7775.91,6508.84,2288.61,6355.66,7330.76,913.62
757.56,5953.01,993.76,2008.52,6695.58,8475.92
4361.45,1736.51,4362.65,1639.20,9848.59,1712.33
3372.31,1289.02,7411.83,2618.93,4112.48,8328.37
1445.96,8377.57,3128.62,8925.74,2345.16,9096.23
9091.32,9541.18,6251.65,5568.45,3764.82,574.26
9567.71,6309.34,7732.27,6019.86,7741.98,2748.95
4482.33,9923.26,5139.81,6935.27,6158.40,1963.26
2412.99,4461.58,731.50,2956.95,4674.01,3980.37
4039.76,6909.12,8616.92,1927.59,2312.36,9243.82
909.59,4494.80,7867.42,3213.29,4708.26,4931.41
1023.35,2440.52,387.54,9627.50,3267.38,4719.43
5732.86,3198.59,4266.61,7151.49,5966.22,2698.51
1138.59,4347.91,3859.58,1840.10,8397.83,15.44
1707.57,5230.13,6022.31,4321.50,5355.05,544.04
1086.74,3200.67,1817.80,5442.80,6383.23,4867.78
3841.19,14.00,9450.98,3068.75,5536.08,2488.60
3315.89,9942.68,6237.84,8478.42,5339.67,5316.35
404.86,4764.24,5807.20,3668.38,7517.77,1892.33
7614.91,1628.55,3100.73,4344.86,4890.91,4041.25
6490.27,9235.58,4725.97,3347.28,9193.26,2748.71
230.57,7526.34,1249.42,1919.90,192.66,1060.34
2336.40,1922.71,6436.25,9743.71,1070.88,1050.41
1163.30,9027.06,2028.45,5111.29,3621.64,6826.92
8685.17,7137.33,5924.94,6583.91,290.48,85.11
1512.43,4557.65,6409.13,9175.19,9098.34,1195.27
4707.56,1914.20,2999.43,270.55,5654.07,5384.27
2411.51,3084.07,426.99,8826.58,1470.86,9038.72
5522.64,5840.85,603.63,7435.83,8554.55,6924.88
2546.74,7674.89,4011.62,5698.44,9167.24,2295.20
2423.58,1037.82,2110.79,5483.56,7869.64,7447.25
8101.54,9827.43,9815.47,7923.85,7917.54,6065.54
7496.23,9089.58,1889.76,3925.78,6641.90,2709.17
6363.34,5879.84,5191.04,1219.18,4729.21,1458.97
6846.84,9536.07,3860.58,48.17,544.94,1200.56
7816.81,8164.36,2089.75,7176.72,2583.26,1170.10
3879.44,7921.84,5254.06,5912.24,2622.06,8049.38
4288.49,3816.97,3668.99,8343.31,9567.04,2168.15
1161.34,5250.38,8126.07,293.28,5987.17,7538.12
3370.03,5797.40,2735.51,9572.00,9575.89,2637.55
2263.18,2406.34,5184.87,3158.40,1410.53,6403.28
9570.47,4455.64,2876.38,2545.47,5007.38,8361.72
1278.09,6428.17,997.13,7327.69,554.25,3196.77
373.49,6397.61,4460.43,4958.45,5430.96,3742.02
6111.40,9752.74,1147.94,7508.99,3089.89,816.18
7054.31,1389.21,5545.22,9158.35,1626.55,4517.48
9750.90,3073.56,1724.13,4498.90,3845.77,3832.77
2648.16,265.75,4620.83,7651.47,2172.32,3868.87
5211.46,2960.58,7017.56,497.78,4950.96,9296.65
5109.08,1160.86,9540.38,4690.64,5473.34,7085.16
2121.71,5320.53,477.56,6845.93,582.74,2903.67
6366.81,5790.95,5793.14,2424.18,3297.81,2607.35
9889.67,4825.63,1595.57,9492.20,7713.64,8227.23
8084.54,194.04,5632.84,6418.05,9650.98,6465.89
6792.51,5742.78,7167.62,7405.85,3958.22,3932.69
4488.67,9103.50,188.47,231.85,2701.35,2799.09
4465.97,3008.44,3282.12,1549.64,6292.30,8115.31
7933.10,7748.47,9371.97,9490.34,4108.17,7449.79
288.71,8272.01,9965.36,6113.62,7733.14,2345.93
4598.46,4225.67,9984.09,8718.86,2719.62,8484.80
1698.73,8114.20,4791.11,9862.29,8770.14,823.33
1462.84,902.43,1.83,5204.54,7804.57,4641.86
1165.66,5579.19,3054.97,2026.41,9673.21,451.85
3759.99,7366.40,2499.61,2913.56,9025.54,6269.00
8750.47,3894.73,1064.43,5006.15,9996.02,5652.50
9788.59,4155.35,2375.37,7771.71,1966.87,327.82
5533.88,328.33,26.49,7239.53,9307.94,9404.39
5291.48,4485.75,7312.46,5994.73,9613.10,9382.17
5388.33,5165.85,8039.69,9178.34,744.45,4902.93
2857.29,4612.36,6132.95,3476.78,4305.71,8577.48
4029.95,6412.17,8375.20,8178.66,2403.50,1721.28
6278.92,2679.44,2208.22,4753.59,2157.94,1854.08
8626.75,7470.46,3613.21,1751.56,5990.61,5314.54
6667.46,4989.78,7883.74,7058.56,1987.35,8782.11
2363.88,8328.25,3110.85,4312.11,498.75,211.19
8823.24,5103.40,6095.81,4803.30,6342.95,5840.85
5483.47,6346.73,9210.11,2265.10,2182.01,8776.35
614.23,8830.28,8047.33,6039.76,7905.91,7931.24
4894.30,1395.51,7407.94,1257.54,5042.82,5060.88
1071.30,4947.55,6778.33,6601.91,8898.98,433.88
9267.29,7798.75,6170.26,5364.02,1351.45,4972.57
470.45,5096.64,2702.53,1215.33,4123.41,613.91
6832.49,1965.20,6416.93,198.66,4620.21,1957.36
3097.71,1007.76,6608.43,693.85,3754.45,2004.91
2298.04,6620.75,3755.15,7017.35,9234.71,1675.92
5386.06,6235.05,9114.43,9274.40,6999.98,7865.60
7099.16,2594.13,3824.61,7284.25,4474.00,7361.14
4402.63,2724.30,8847.57,4084.99,8810.13,9556.21
3374.06,6291.64,4005.02,4206.69,1082.49,8462.25
7264.21,2657.62,1093.50,3194.14,7163.43,7710.75
5316.99,2412.19,6431.51,8155.46,674.93,8369.69
1350.63,6814.05,6809.85,816.66,2307.38,8122.66
5449.81,3902.75,4000.28,7816.84,4329.37,3694.83
5602.43,48.90,3526.91,7459.66,2258.76,3346.69
3833.95,1479.27,2552.68,1379.91,9373.77,4230.17
1735.99,6091.94,1140.66,789.96,7394.43,8364.03
5.01,3865.22,5020.73,6128.50,734.24,8905.66
4663.58,4416.63,5296.46,4965.89,3288.64,8360.28
5521.99,3027.41,9417.67,9774.67,2264.58,5972.04
8853.30,7467.11,8602.02,327.24,1526.31,8405.55
6846.81,8506.15,5920.42,7763.11,4500.57,3016.76
8180.98,4270.58,6640.05,22.96,1858.07,2994.62
9137.97,7503.38,6286.35,5578.81,4657.69,5471.52
8454.13,3019.59,1121.63,5689.58,2143.08,672.15
7219.33,2907.12,3683.83,6115.32,4260.49,973.03
5052.46,8102.73,126.02,5945.17,9139.26,3959.44
4875.90,5687.83,9693.50,5471.79,8974.22,3273.79
6063.01,3439.49,2625.03,8641.28,9044.15,1429.82
2668.72,6777.65,9565.26,8783.72,2273.69,5974.42
9056.60,5349.18,9655.44,4643.91,1751.73,6747.94
510.48,7354.92,4557.69,3494.52,9156.18,8240.46
2489.27,1749.34,4990.13,1587.12,2036.56,3226.83
2836.98,2377.10,5567.38,3620.98,2541.04,7878.02
8586.40,7493.99,4833.93,9338.68,3652.62,8786.27
4855.24,9895.43,4992.93,7086.84,6333.88,2307.74
6822.08,9617.08,1197.09,7870.20,3524.16,9397.60
4667.02,2267.57,8335.54,1630.30,9077.74,1631.46
1725.59,6373.60,6568.87,5087.92,2539.92,1354.22
8311.85,8609.42,7772.64,76.04,1874.38,7678.27
2523.53,9097.65,6824.17,733.85,6467.26,4353.21
1959.40,8808.40,4161.69,6785.81,8847.62,57.53
7051.86,7965.47,5910.50,2302.71,8865.17,1757.37
1430.02,3134.36,3813.27,6051.41,462.32,8849.17
5476.72,2503.42,5664.22,9131.88,6903.95,8153.01
3173.43,1425.77,5632.32,8747.68,6829.19,883.17
2772.13,139.33,4667.77,4742.73,7436.90,6973.87
6520.62,7636.31,7463.75,9506.62,4828.32,3479.38
2842.86,3347.89,5463.44,6458.68,8883.69,4348.81
6811.68,9750.26,8553.26,3323.05,6994.02,5362.76
7412.87,3443.00,2780.07,6316.69,1978.57,1876.69
364.86,3159.15,720.75,2050.81,9998.73,6363.84
6465.84,9801.06,8939.22,8598.74,9712.24,4642.79
289.37,467.81,2284.65,3105.42,8957.53,7259.48
823.66,4250.75,1648.00,6049.31,6842.37,1101.27
8973.35,6385.46,8801.10,722.11,5067.09,112.90
2164.76,8676.75,4513.75,4973.15,532.91,8078.32
5317.28,9411.29,5760.27,1748.05,4352.26,2377.03
4809.72,2593.03,6194.30,6420.75,3371.31,5316.87
3526.50,4275.21,5346.57,5514.29,4913.69,9489.18
6864.63,4977.57,4757.35,4171.26,4901.45,6240.98
7796.94,4359.93,2063.46,3246.48,7574.86,1085.82
7673.98,2809.87,2516.83,3285.19,7525.43,3450.04
5942.59,9936.48,1138.46,2006.66,1847.84,9451.75
3206.55,4985.00,6852.00,8130.38,9734.31,4777.73
8167.96,655.31,9262.73,836.25,2488.74,309.83
358.60,1112.14,4163.29,1029.24,1192.77,4840.87
7562.98,5443.71,9545.03,2192.40,8895.40,6525.98
5000.36,1549.48,868.86,814.91,29.61,4070.23
7486.44,5441.99,2093.39,7661.36,8855.05,4283.91
1746.28,7903.26,1463.45,4325.92,9597.81,824.37
5363.78,6340.03,3314.51,9125.19,5359.94,4133.64
819.27,3309.39,9951.77,2149.58,5609.99,1779.48
6994.96,7158.28,8896.86,4477.72,3936.48,7786.20
6028.93,6038.94,4396.76,9578.17,9823.18,6258.34
1103.53,2457.16,8759.94,2266.78,5578.37,1438.90
7795.03,6188.20,169.74,5814.16,5239.73,2114.93
7347.56,3185.66,8529.82,684.83,7826.43,5885.33
2713.14,3206.16,4945.18,597.30,6583.71,6183.66
3638.28,8841.93,8986.18,6633.81,3298.45,5822.61
992.93,4417.84,14.04,5176.17,4719.11,7474.29
7119.27,3375.41,9424.19,6026.49,4317.09,8704.54
888.34,9298.81,9722.57,114.58,5706.79,8398.96
4140.36,9135.02,1569.42,6529.48,6892.16,9172.01
6978.58,8291.58,7867.69,3513.80,5950.56,4365.58
6394.57,112.10,4495.61,8322.86,4403.61,3865.95
7979.74,4836.91,4915.10,689.64,4353.52,6055.79
4939.85,1532.15,2337.82,6661.54,407.15,3829.18
2821.72,1875.85,7463.48,5902.08,6947.08,6078.01
797.05,101.75,87.37,1943.27,6820.18,1712.50
3894.58,340.88,82.47,4603.28,891.38,1680.32
2934.40,8968.53,3156.57,9194.62,2722.41,3866.42
332.40,2589.35,1991.30,9834.87,9522.95,1173.73
800.95,9549.62,9054.12,6909.37,7746.74,6128.75
6433.50,935.37,9529.83,2320.60,9944.40,375.27
3850.74,8024.24,3473.69,9121.97,9761.04,3849.22
7147.49,1725.31,937.19,6762.00,3565.58,8024.17
1727.72,497.99,3174.63,9261.39,7681.11,206.12
4783.33,2637.77,8708.32,7645.71,9695.52,3065.99
3385.21,9126.10,9722.37,2298.07,9549.05,6646.79
5364.36,1988.64,6549.82,7412.82,8847.78,9040.22
9434.61,3077.14,6159.78,7685.78,2190.99,7479.78
5296.43,2835.08,6557.12,1054.11,9408.68,3224.00
345.07,2870.99,4905.34,2631.75,2689.02,9202.81
2138.81,3826.93,7965.38,9013.41,606.39,7937.61
9812.35,7109.39,2957.19,1739.83,4449.01,8025.56
6818.07,8884.47,1716.78,2569.57,2249.80,434.78
5244.78,7861.31,3345.84,5362.85,7099.65,7860.36
2756.16,890.47,1694.62,4631.35,272.96,3418.17
2452.65,8285.49,3403.46,4784.95,4841.66,2424.35
2938.92,6746.22,5174.27,9162.06,5039.24,2265.46
9244.90,288.08,6254.38,7833.56,6951.30,4642.97
3952.42,3764.47,2409.33,3692.08,6500.49,7125.40
90.48,5932.07,3568.22,4036.28,4238.58,8402.02
2221.49,6853.13,1480.60,4865.88,926.09,3357.25
6148.06,9147.43,694.00,5932.50,8765.81,9429.38
2486.56,7285.09,505.33,600.62,6846.02,2845.42
1075.24,5196.78,5101.48,3071.78,294.29,8469.43
1630.22,6910.90,8904.43,8184.91,9218.10,6062.80
5426.37,531.60,1264.92,8295.48,739.46,9458.81
4461.41,2154.56,2907.56,2140.39,2341.98,3024.38
7876.44,1463.18,8151.53,5723.49,9508.85,5240.47
7867.24,504.90,5373.56,5282.95,6729.95,2180.76
3961.19,9603.54,2249.63,4145.64,4262.30,9988.95
715.27,8922.44,1594.34,3795.47,7103.60,6331.88
3601.97,2934.82,7721.91,859.80,636.12,5933.82
1847.96,2916.44,1668.96,3358.45,8193.08,3484.17
8727.06,9302.52,7137.02,3249.49,8189.93,8709.32
6665.77,3973.85,8455.61,2342.68,5655.74,7453.99
9262.92,285.64,512.26,7045.16,6239.86,6597.04
4379.15,5305.54,691.85,683.83,1005.57,5981.87
420.75,730.48,9275.03,9865.73,1816.04,6554.58
5897.19,1227.66,8713.47,5743.96,1937.64,26.81
6191.63,3504.45,3503.44,2443.79,4214.45,9891.77
8086.36,4814.17,7691.71,8013.73,2234.98,3279.36
2900.11,5402.23,1867.82,6108.55,8181.11,7499.72
9030.65,7609.39,7468.19,50.06,4194.13,2062.06
595.68,3162.81,7390.92,5496.67,6727.60,7881.12
3140.97,1996.60,2308.99,6684.13,78.69,6194.77
9484.57,9891.38,558.40,2101.99,4642.06,6098.19
7022.33,6253.28,3228.67,4642.00,5702.14,8736.61
7290.57,8007.98,6014.40,3892.97,1115.68,2814.33
3620.49,2852.36,3489.97,7467.34,7125.14,878.40
3638.37,766.35,1724.01,4374.41,2048.78,2000.61
3664.12,8927.74,9690.21,1677.19,8023.87,6140.50
5390.56,1533.61,3108.56,5094.87,619.90,3322.53
8528.65,7537.39,6283.51,539.87,7399.42,4759.50
8875.57,9461.76,3511.76,247.61,1603.32,9622.73
4479.65,1879.54,4319.91,5116.23,9245.38,4125.62
1010.10,5145.99,6175.04,1205.49,4342.63,2400.53
6816.36,6149.66,4515.87,8246.65,6714.64,968.73
3520.62,9683.73,3557.89,7795.52,5809.71,3102.22
4711.68,2506.75,7647.83,4123.94,6231.80,8522.83
498.66,7073.23,98.46,2625.04,4445.17,2861.67
4066.52,987.29,5374.16,9598.51,1389.86,5217.93
9520.97,3212.20,9582.77,607.58,2312.28,8594.36
878.72,4846.16,9988.62,4012.95,2109.18,5084.98
7545.14,5113.78,7071.43,7808.84,7465.97,9320.92
3546.95,6108.34,2707.40,7687.08,184.07,3154.03
1862.59,7071.51,3221.09,5426.82,9737.26,5385.77
3427.66,8117.69,8222.91,9905.02,896.43,5008.67
6966.95,6487.94,929.88,2345.36,1965.69,6719.93
7758.02,1793.55,2643.95,3645.04,8832.66,9960.54
6345.32,4754.36,9261.89,6584.88,8102.87,6657.34
6612.46,957.50,7539.57,6531.31,8920.70,7504.58
213.82,3416.98,9069.21,5776.99,969.53,7228.71
5207.94,4713.97,3655.42,140.37,3365.87,3832.22
8747.87,3415.43,9741.09,7630.57,6139.59,5913.69
1080.78,7853.76,2657.13,7725.43,6253.12,6608.98
2153.97,3163.60,5041.79,293.78,3484.25,4868.33
6758.03,739.45,8287.88,929.72,6136.77,2951.31
5524.41,6598.42,4493.74,7767.33,6537.90,7408.34
6384.19,8210.35,5322.54,778.09,8841.03,8052.84
4661.02,1074.39,5747.72,3475.84,5538.81,1512.43
9490.48,4553.18,1952.08,6868.34,7246.67,2942.03
6177.35,6298.74,9424.52,3027.99,4330.22,1088.37
2714.65,4411.66,564.02,7708.94,798.53,2625.09
2986.74,4498.12,6609.19,1692.65,1779.89,9093.24
4091.82,2808.83,7120.18,2931.18,6367.99,7077.28
3823.07,9553.70,7523.43,9098.56,6906.09,4430.96
6709.03,150.58,3988.25,4539.45,7734.52,6641.22
3693.41,9654.76,1057.65,4364.59,908.35,4715.93
7400.66,131.58,4936.51,8668.00,5696.80,6119.65
5270.92,4378.18,7793.70,6648.85,2087.98,5140.88
9388.26,8802.90,2255.70,7950.52,3464.81,2955.11
8466.96,3302.26,6797.65,6366.24,1417.74,6287.13
3895.08,4732.57,3254.21,6272.46,6208.60,8390.44
8177.78,3853.07,3613.02,4209.37,8915.55,445.06
7629.59,2937.52,5910.02,3626.01,3107.78,6106.13
4245.64,9046.02,4766.63,8191.28,3431.41,8389.04
613.17,2884.02,5222.54,6047.45,7696.48,1532.65
9012.60,7096.87,2098.97,6186.24,1336.27,8788.27
8721.82,4962.29,6120.68,5163.49,841.81,9556.18
720.50,4662.36,3036.62,305.72,2121.17,7974.72
9888.88,6721.94,8413.53,9630.38,5336.79,9679.31
4792.38,1234.83,292.11,8178.03,6588.88,7097.41
4127.53,539.07,4553.31,9024.05,67.45,6201.81
6315.92,3052.05,5396.77,4434.70,6336.57,5504.42
2635.74,6089.06,3381.20,6344.10,8702.79,6801.17
5674.94,4151.72,768.65,1490.12,9944.50,3966.22
8562.56,3721.95,8768.77,4299.14,2591.92,9047.02
1245.46,2295.83,951.38,4879.80,658.95,3014.44
5259.17,7964.23,3680.05,7716.04,9398.40,916.00
398.67,8639.31,3846.00,8110.50,8541.84,6530.82
3386.45,8182.69,5773.34,4284.78,6785.57,8082.34
8384.23,1347.41,7002.16,2914.93,6514.32,2548.69
3838.86,7740.32,5739.36,6983.16,2350.73,5115.16
7708.36,2770.21,1071.86,1219.31,6165.74,7103.22
4836.94,9749.31,3533.20,194.17,3815.95,5168.25
977.82,7579.66,4975.37,6736.17,5667.44,5452.73
6138.12,1883.53,1699.04,2039.69,9702.61,5918.92
1103.67,3671.01,7356.64,4363.93,2001.09,721.10
4758.04,9302.06,7456.42,945.60,9252.35,9702.03
5552.92,9807.68,4514.79,2957.69,9360.30,4914.09
3115.67,1143.86,7830.70,1275.43,664.31,1731.32
5573.22,8259.14,9464.10,5788.79,5350.55,5175.41
9291.80,7175.02,7815.74,4818.49,2869.85,5197.86
2753.85,1914.20,5928.00,4521.85,3592.68,4759.26
2679.03,5992.90,481.62,2509.39,3930.37,1598.13
7497.16,9431.33,755.66,4648.60,9164.03,9469.40
3227.96,4186.73,7415.42,3581.79,4576.44,8428.60
7585.06,7822.29,6906.32,9411.55,2912.48,7363.79
8417.67,7862.13,8052.71,5070.29,5660.49,1471.79
7687.77,5414.63,101.28,249.69,526.58,2984.44
1559.83,3280.75,7889.04,9910.30,1956.71,5338.44
1624.58,6052.23,408.19,969.50,9083.18,8880.09
7034.34,5533.25,9984.62,7719.32,5076.18,2205.44
9025.17,9344.28,6954.26,4145.31,8665.55,776.30
8167.87,4040.54,4545.82,6247.96,2211.27,3500.06
4013.13,6574.70,3410.86,5559.33,4123.50,5996.22
7940.57,758.33,2052.33,1450.90,3003.41,8827.43
8284.91,2782.43,1664.25,3956.88,9264.55,4077.57
8646.41,8270.12,1345.02,1688.63,2278.96,588.32
8648.42,9140.03,8521.63,1764.64,681.22,8030.15
5792.74,4207.06,6829.93,7679.19,1707.29,9998.93
8648.38,1518.10,525.41,1228.89,9904.13,9539.39
589.63,3674.30,1774.64,6766.90,5206.57,308.69
4583.58,6634.35,4088.27,5069.71,8167.23,6690.83
1301.26,5391.79,9909.73,1838.45,7427.57,7649.79
7925.52,8226.55,1368.93,4190.38,9170.71,4086.53
1032.84,3934.59,1736.83,2580.41,3769.46,9621.69
9677.73,3739.54,7343.19,4336.35,8949.43,2619.15
4211.25,5284.78,2132.81,1567.04,8069.28,2067.31
5437.82,1167.25,8969.81,5076.12,344.54,1486.12
6767.49,9577.12,695.93,7844.67,6310.87,9850.33
402.09,6310.31,7400.90,143.08,3791.69,6364.00
3458.84,8038.21,5606.27,2316.94,6090.67,6179.83
7804.98,8626.77,841.73,8756.75,3716.24,1683.16
6276.84,3444.43,3410.41,154.52,5585.38,5876.34
6958.08,942.83,9296.12,4863.68,8963.30,9684.96
684.06,6843.03,3131.01,9150.91,628.07,1646.40
8153.89,4032.41,2593.29,4840.24,2251.49,9523.98
240.95,5211.30,9099.86,7760.76,7391.33,2797.77
9452.69,5892.48,7426.50,6402.53,8661.41,2233.42
2362.15,8103.64,2087.42,914.40,6676.42,3838.27
8899.56,4701.80,5895.50,2054.51,3595.13,7551.43
3924.54,1002.08,2205.53,7380.79,2849.95,6233.15
3814.99,6960.89,1331.95,2089.73,645.15,233.62
2332.39,6193.31,9226.62,2426.15,3522.89,5485.90
3348.59,9063.16,5143.47,5201.64,9.04,6725.73
7501.65,1951.27,8994.09,2963.94,1140.86,876.93
9213.33,7560.25,2863.56,2049.57,5542.35,4676.30
3799.00,309.00,3161.23,7209.24,6917.66,2794.17
1439.61,497.22,6759.25,5795.43,487.63,60.45
3214.40,7916.12,9334.24,380.14,4940.43,8861.22
2447.50,5932.78,6741.00,5882.22,9815.53,8286.61
1838.08,1761.36,6142.32,2839.08,3980.67,4076.62
9694.31,3691.35,275.34,1412.99,3910.47,154.57
5072.23,4395.29,6861.68,4737.61,5957.87,7286.49
9351.02,3580.19,8370.12,7185.98,4611.82,868.59
2042.73,3910.53,1204.09,941.51,1026.27,3411.85
3442.44,1331.52,681.54,2038.44,6520.19,8135.75
6679.10,1507.83,6902.38,4746.70,1746.91,1716.64
8846.58,3875.54,4944.49,4625.93,3123.63,4759.45
4134.72,5801.51,8287.06,8920.56,7683.57,9485.24
4896.80,2623.44,7127.19,2362.24,6066.60,4924.11
7981.35,6199.45,5035.35,6863.41,8586.87,4548.82
8911.26,4923.68,3557.99,2408.93,5354.48,9283.86
7414.10,359.30,8142.25,4438.01,948.86,5377.86
8452.74,3412.83,9319.40,7446.39,7818.31,8445.11
3320.44,8326.67,990.16,5152.39,4299.22,6227.24
2918.89,1251.70,4411.30,2749.59,5633.38,8409.74
9537.85,5500.11,8261.79,982.17,4298.48,3631.94
9781.62,8135.75,1552.95,665.16,7772.68,3510.15
4310.63,1201.02,3017.03,5095.05,2341.46,4861.40
5152.76,2565.01,1754.25,6660.46,2722.40,9248.63
1876.34,5853.80,7714.86,2464.31,8042.19,5068.55
9586.56,6890.50,7154.97,3931.00,4603.21,938.81
5853.86,8301.36,3062.72,4597.15,7665.78,1321.12
7561.84,8950.47,2387.02,7729.58,2663.40,63.79
896.86,1161.65,4058.72,4136.65,6866.72,9061.99
4304.44,7501.93,5454.03,1278.83,1009.16,9303.90
4455.51,1300.89,6601.48,9624.81,6628.92,1178.91
5227.72,4726.80,8515.14,3803.85,9135.25,763.43
6236.77,1711.81,5218.64,9177.79,5414.14,4632.82
7611.63,7732.62,3581.94,5154.98,4277.67,6465.26
9745.41,736.29,8804.07,2724.96,3539.41,1684.11
5627.42,6310.99,4541.75,1091.58,1505.26,9876.13
5597.29,5341.37,9730.56,4304.53,2241.95,1050.96
5739.10,8169.24,5545.68,9920.70,5215.92,3943.02
3142.92,9827.16,4988.19,6524.90,5737.13,8843.39
4517.53,503.52,18.08,7684.51,8376.31,2067.40
5451.07,6243.15,2038.89,8354.10,6742.08,2785.21
7730.28,6364.55,9728.26,1730.54,4096.66,7151.86
1635.23,2222.02,1524.13,2082.60,8107.52,4982.09
7730.67,838.12,5075.20,7475.51,4310.82,6758.15
6158.73,5530.64,2207.24,5959.78,7781.57,589.50
7423.86,5494.93,5600.12,7608.99,4676.65,9183.56
6497.35,7778.04,9237.71,7801.57,402.40,9180.27
8149.06,672.87,5341.71,9909.81,4351.71,6227.31
6899.44,7264.85,7214.06,7481.48,6354.73,6972.13
1176.56,1985.78,3628.22,4195.85,153.47,9890.82
1731.97,2297.43,5393.79,8965.55,9232.93,3782.98
3819.62,6353.19,9320.35,1900.99,9276.13,6247.14
7281.83,7398.29,3763.99,5274.34,3777.55,1074.13
2937.65,6502.49,6489.67,9555.45,4153.18,7651.14
1665.22,4412.78,4935.45,1333.09,1253.38,6257.57
2957.86,631.71,9980.46,7622.61,4562.59,4246.77
5883.99,5706.98,5269.03,3358.99,7261.67,8467.51
7480.18,3046.65,1080.20,4059.42,3355.29,4427.74
3246.44,7174.95,1616.48,8124.08,2984.41,4468.05
8245.19,1456.80,7559.87,7887.09,3172.20,859.60
9456.74,5837.35,5751.29,5448.64,4899.68,2634.02
4880.57,7552.48,5438.23,6067.56,9372.58,1578.91
7610.91,6014.08,6879.95,6365.21,2648.17,1616.83
8269.31,8174.44,1498.65,4842.32,6004.08,8261.08
4314.49,6780.00,8062.17,154.56,9137.94,7606.00
6772.48,2906.41,1103.46,4883.17,4011.57,9870.19
9555.60,3042.48,4084.00,3058.20,879.84,8142.53
149.93,5065.10,8340.29,2774.87,1762.36,3631.92
1960.17,6353.22,8105.39,607.99,2493.28,1797.45
3055.97,9422.09,7300.33,7113.39,4717.65,3464.49
4624.63,4641.37,9062.39,6409.54,6600.68,865.43
3723.62,8937.03,3131.35,6338.37,9378.98,3894.64
3523.80,3560.77,4732.46,1110.41,5715.89,8103.92
8.73,6168.77,1080.41,6638.72,8781.75,5056.73
5400.28,7128.90,3106.71,1552.86,5444.42,9838.36
738.10,4639.27,9735.55,809.23,440.91,6725.57
8202.40,8979.79,2715.22,1426.32,9476.37,3438.08
2879.24,9912.23,6915.99,2840.76,2740.67,8434.59
3622.16,5085.37,2170.03,283.70,8820.28,1353.36
7611.99,5495.42,3690.42,8156.29,9879.59,5876.85
6378.03,5264.84,5343.44,9914.06,7784.19,9924.03
5196.13,9525.57,6580.99,8429.82,5098.08,136.19
5648.96,6470.85,9769.43,847.79,1714.07,2822.37
6095.23,6245.65,3177.02,1799.05,8832.60,8228.04
9332.41,7800.46,514.81,7847.71,2474.14,5615.10
4710.01,7490.74,5880.07,8676.53,6461.00,8865.33
6727.23,9596.43,1532.84,7733.11,4544.25,8035.80
6296.14,8212.41,4819.14,604.13,7100.35,1473.77
6162.12,5230.60,8740.17,8931.19,3866.89,2995.07
7815.71,8362.45,4145.59,5195.33,8765.21,7518.52
7755.47,4656.55,3246.16,3329.23,3407.19,3078.13
1319.47,9654.20,1037.63,8305.70,455.04,5098.50
8683.85,6938.76,9691.34,8119.73,9896.59,128.14
6868.62,2807.20,9602.20,2473.89,2706.39,2198.86
1641.74,1740.25,5703.41,8698.53,7921.59,8918.33
171.29,2886.08,2103.81,2039.49,2353.89,4518.82
7111.22,145.77,1901.49,4119.88,8383.31,1573.45
5271.86,7674.12,4162.26,1477.22,7047.98,9041.38
4528.88,7879.48,2174.57,8803.11,4495.41,3229.49
9061.24,7606.89,264.53,6507.34,3391.06,6699.39
9608.13,355.54,222.75,9331.83,4792.54,6890.80
4236.60,6214.25,8983.32,7015.98,9195.53,3566.63
1367.98,7374.24,3002.01,1038.16,5349.06,701.18
5316.73,8060.93,4378.43,9459.20,4997.27,4228.38
4438.47,9198.93,880.40,1401.60,5239.06,8468.27
5360.00,7886.66,1461.43,2843.17,4267.77,3219.58
5211.39,3188.06,4307.67,5932.98,950.92,7477.90
8522.95,1393.16,4582.96,847.29,9473.25,7984.86
220.76,5961.83,3332.40,5582.68,7573.59,6106.08
9795.04,8207.89,5657.11,7318.43,3729.82,6996.48
7675.83,75.97,2415.07,4292.64,6153.37,4191.36
3225.51,2418.89,1518.14,2146.66,6748.90,3119.19
8564.36,5982.94,1158.33,1807.75,5118.51,4479.91
2584.59,1384.27,4059.07,9530.34,1576.46,5485.83
8442.66,5953.54,4163.97,3797.04,6743.26,3800.61
8399.82,9620.59,5995.05,7060.81,387.00,6459.29
7261.38,7485.47,9213.87,7704.44,1549.02,5937.14
8803.34,2064.49,7.49,6224.66,2872.86,6016.65
3614.47,489.95,7013.56,344.78,7481.84,4772.85
7007.45,5452.25,5267.89,2567.13,4582.87,6883.25
9225.52,5404.85,5776.55,4434.41,3132.98,1090.26
9987.47,5582.92,9838.56,8672.00,7132.40,5716.22
4294.31,9876.80,8243.42,4778.72,8584.89,3608.41
6996.94,2935.48,5204.39,1546.16,6996.29,6901.45
322.80,1552.75,3020.22,6257.79,2181.42,7703.11
5708.47,5414.62,4782.89,9429.16,2261.88,5102.52
9506.61,3865.95,2113.38,3129.34,4102.21,449.93
8631.17,7018.06,4605.22,608.09,9361.83,8982.91
7889.90,7628.94,6204.69,3575.67,8475.32,2211.26
746.57,3998.76,1830.62,5819.08,301.59,5424.56
8097.40,4439.87,3101.70,2140.71,5240.37,2735.76
9849.82,5771.54,4804.10,7685.20,4332.74,5752.78
4370.39,4757.67,4283.92,1027.10,3565.54,1389.75
1119.32,6723.49,8297.59,5553.34,1939.27,7264.15
5933.88,4305.95,57.91,8067.73,9328.24,1620.83
6792.52,9244.10,372.28,7897.74,7847.70,3711.99
5020.40,8723.06,1062.90,1373.09,5617.70,3961.15
2257.45,6505.95,5437.75,9167.82,1720.75,6014.87
7697.91,4993.74,3225.68,4589.93,5689.44,2241.22
3302.85,1926.52,6119.50,6862.75,5399.77,6471.03
8105.84,5982.08,7320.29,3839.13,8689.27,1056.31
2765.40,5290.27,2342.89,4797.83,1388.07,5814.64
9605.79,7191.60,8958.50,3193.29,8516.69,3208.24
2874.30,848.22,6439.67,9111.23,8461.11,6131.04
1744.25,6946.69,5402.76,3481.54,6696.22,4321.74
8237.57,3099.16,6848.38,6392.93,2801.74,9277.60
4519.87,1380.52,5613.25,7657.40,4223.62,5888.29
1719.66,6189.96,4597.79,2720.13,3110.61,1828.79
8910.48,7995.58,1845.86,808.17,9170.18,1642.89
8079.86,2742.85,7260.29,280.55,4716.01,1613.58
9043.08,25.25,5888.27,8970.37,9261.75,2585.63
6533.54,1166.34,3558.93,937.42,9358.89,7381.04
6955.19,5577.98,4696.68,9930.70,5790.35,3910.20
7585.58,885.48,8213.72,393.20,9463.88,474.34
8963.74,7785.94,1304.74,9879.50,9005.29,7071.52
7272.15,6917.39,5737.80,4189.68,2065.82,3037.09
1388.44,8610.81,3445.73,9821.64,6615.22,5444.36
3523.02,3002.55,398.65,741.46,141.24,9767.09
7172.67,7449.23,8714.88,7574.72,6574.20,4934.61
9422.46,5406.74,6777.30,2626.69,3741.08,4130.72
8930.31,9604.13,8149.78,8287.04,7273.99,2708.43
146.39,5185.80,9496.51,9897.70,8128.23,5069.28
4667.38,7454.07,9296.38,3065.07,312.65,468.30
8027.58,9683.23,4407.46,7874.67,500.41,3722.14
5090.87,3283.60,9696.15,6347.46,8547.98,234.44
5581.16,7560.38,525.04,8507.58,6611.60,7255.79
7470.55,8078.06,6461.39,9676.15,5556.47,5877.70
8698.83,1327.32,6190.28,7903.96,3276.58,6782.49
6742.84,6884.48,3554.76,4324.66,3233.29,4435.40
2839.98,9587.85,935.84,2516.35,4603.40,8514.70
9313.46,5227.86,7056.61,4285.59,6103.20,1581.99
4468.80,9901.87,8574.99,5821.49,5054.56,7216.97
3636.49,3144.08,2105.05,9260.68,4021.09,8460.03
4688.30,461.74,9842.42,1490.88,4806.46,9253.85
9076.83,5525.95,3939.83,6327.34,1907.28,8449.80
5788.98,9773.60,6329.14,3009.57,7983.60,4881.18
5137.67,7661.67,1188.11,5860.86,1662.96,9003.45
348.11,5510.28,2451.03,1551.11,6269.25,5058.87
3735.30,1052.45,3209.97,4529.38,2161.78,9003.40
9850.99,9304.07,5926.22,4361.05,63.57,4131.80
6437.61,8571.01,8971.63,8934.42,7013.64,5609.78
5204.26,5431.84,5747.96,7778.34,3283.31,7795.59
1331.54,7866.94,9947.37,2909.81,4069.32,8829.76
706.06,8163.35,4897.99,5062.32,168.32,3606.50
8967.65,8874.39,7050.80,3114.49,5073.80,8607.21
5477.12,5080.57,4907.08,7943.42,4205.70,9862.35
3113.63,7732.50,2588.51,7616.25,1955.69,5749.57
2236.01,3003.24,144.37,122.25,4872.75,7909.47
6358.47,6087.47,5282.93,8116.33,486.13,6949.33
2546.47,687.19,5696.67,3612.78,4535.47,5425.86
5327.38,2267.69,612.46,2843.33,2293.04,6600.11
8311.06,7566.96,4507.04,1602.11,6440.39,649.39
2398.93,2966.41,9172.24,7191.51,4338.69,8782.39
7938.20,151.69,9138.11,546.85,7346.45,3721.32
8263.04,3665.96,9417.59,4720.01,2924.64,9075.26
4554.14,6135.48,8666.74,2084.91,8139.14,4249.81
6157.49,445.87,2843.15,2266.51,5804.81,677.59
3654.19,5781.90,9242.55,2158.22,2387.28,9684.55
1230.91,7158.77,6170.04,2405.22,8314.38,8338.49
7288.64,7304.04,9912.38,355.21,3559.23,5188.05
2850.86,1583.81,8802.87,7581.99,296.81,1551.09
5353.41,7757.75,8415.48,8449.08,4661.09,4667.64
7480.08,4094.61,1336.87,6302.41,4593.07,9996.71
842.81,2631.14,2072.33,3315.84,7485.37,3156.40
5945.13,2844.78,829.00,1512.18,6801.77,1107.32
643.22,3800.11,450.48,790.37,2062.97,8384.80
6953.78,7165.21,8881.42,435.45,4861.27,6911.22
8613.37,4301.90,2536.96,4946.84,6161.06,7008.96
7729.16,5195.22,1125.03,5970.59,4618.31,2783.85
2968.22,3749.33,422.72,9168.41,8320.52,2738.11
3794.66,829.69,6782.20,4689.77,4488.18,3346.04
242.39,5613.95,4594.97,8106.35,3577.87,6958.75
4960.36,5716.02,9986.50,7934.50,9939.73,1440.00
9757.63,5752.63,6922.03,5689.94,7244.49,4311.07
2357.27,9510.40,2098.83,8701.11,1358.85,4545.39
4647.02,5504.74,4002.25,1146.48,4448.25,8508.34
6434.66,2508.17,5355.34,3927.09,9328.12,2589.80
6145.49,7814.92,8330.10,8812.81,9486.12,9269.60
3529.30,8506.86,6978.49,1498.57,6471.61,5517.51
4821.49,7691.93,572.44,945.24,2065.70,2864.81
9520.47,1028.01,2514.03,8202.16,7242.82,3276.73
2479.54,6263.37,5192.76,5033.95,3413.92,4620.51
1863.61,6678.71,8518.52,1693.25,5503.10,7197.79
4238.67,2013.03,4097.97,9571.52,8245.99,4350.51
2301.27,1993.47,1155.83,1062.78,7250.03,1007.52
9497.60,5203.15,1969.39,7242.20,2103.85,6684.42
2289.92,6081.86,5466.20,3144.75,6511.10,9322.54
8597.13,1851.38,1113.33,850.57,3743.31,5437.65
7724.20,3836.32,4440.36,8222.35,9265.52,1882.31
3339.87,7583.30,3409.61,5166.57,5023.41,1003.38
8213.72,3502.26,6318.74,960.33,1131.87,6634.12
9618.70,468.94,22.86,521.67,5323.79,8474.94
5387.19,6528.72,7680.68,5428.10,9719.36,7126.93
9774.37,1557.21,7796.89,2616.49,4521.79,5386.51
4598.09,7257.98,2714.29,1178.06,1528.18,6393.61
5511.23,4052.41,2176.51,8527.70,3836.89,7267.86
8319.70,3619.44,8637.54,9973.81,666.64,666.02
1130.66,8160.68,5725.23,1482.79,8753.34,9789.21
9433.72,2511.11,8391.83,4361.18,8721.78,1002.62
5532.56,8005.64,6390.63,3314.60,9217.95,9387.23
2578.94,6044.43,839.90,7550.20,1196.02,7994.29
9269.94,5729.61,2577.75,1864.85,5734.31,4844.34
9975.79,7753.60,9303.02,5179.36,3684.80,1582.36
1776.40,5425.27,8830.55,5871.12,9978.20,878.99
6357.15,9602.50,1123.28,5404.47,5894.36,8887.63
1988.66,8358.97,7554.10,831.33,3761.58,511.02
1205.53,4489.56,2155.76,7231.38,5188.10,3176.84
7343.51,7567.96,5461.52,1025.90,271.95,5673.10
2347.86,2893.94,8056.23,3510.56,4872.31,3646.08
7925.93,9869.14,9106.91,4587.15,7961.13,5905.18
6046.17,7500.22,6067.01,7416.78,8712.96,4439.25
9863.81,4298.87,7937.98,7556.19,7209.99,7617.70
346.17,9687.09,8900.59,5090.82,1729.75,5793.13
1159.49,8865.51,1234.76,7691.18,5405.93,1421.38
2853.14,1497.48,3820.79,286.38,1983.82,9281.22
5271.05,713.05,2817.46,9501.72,425.17,7452.19
6213.61,7383.50,7641.50,4956.08,8678.67,1040.84
494.39,1994.46,6762.53,2114.34,8850.27,5137.18
3767.95,8590.03,3100.68,5002.17,4629.20,3838.59
6194.42,5508.62,7324.93,7560.53,9707.65,3812.93
9524.16,3412.28,9376.97,5948.22,5672.90,7440.13
1087.85,4512.32,6668.32,2669.20,4565.54,3182.51
8085.32,8211.58,2227.67,3672.74,3970.35,6519.61
5170.41,2318.72,6783.27,6404.26,6593.28,248.69
1221.16,2724.17,3262.98,5330.68,4026.28,2663.20
8799.60,3233.20,1879.43,6528.07,2107.21,9861.59
4060.36,1757.48,156.47,8852.30,9582.05,8471.81
5748.77,412.35,3902.41,8948.15,9974.86,1319.99
6148.94,2907.23,3352.59,4977.81,4340.16,5869.65
885.93,6146.62,706.28,8784.33,9297.27,9288.53
2126.79,3288.51,1601.13,638.34,1313.75,9348.06
7049.34,6508.23,9166.34,3524.52,4965.14,2470.46
5262.96,5500.71,7055.39,5888.02,6957.42,6460.59
1961.20,5077.16,554.98,1281.46,4692.07,1724.37
5971.20,2435.91,3459.39,1398.14,4136.68,2317.37
7930.43,3207.65,785.63,8816.85,7096.21,4384.62
7464.19,4398.71,4945.46,7214.19,4405.54,4581.54
6493.90,2133.31,8554.14,1295.92,1321.86,5697.68
4835.94,5725.43,7438.80,9668.99,2706.05,1181.80
9802.68,5705.66,2908.71,320.43,5.53,3042.59
6309.68,1901.62,8575.18,8550.91,7489.51,9620.83
8623.93,8900.33,2196.58,6946.85,6538.05,7482.51
7570.16,2289.64,7706.36,2619.38,2434.58,8575.11
9602.16,2607.52,6975.64,9689.92,9255.20,6083.33
6114.26,3694.45,1054.13,8310.25,2580.02,396.26
6375.53,80.25,6871.42,768.68,5600.97,7870.09
2797.50,7855.93,6313.54,1534.81,6585.72,392.67
1962.96,8044.38,5812.85,1626.47,9336.64,4877.39
9883.77,1606.91,3652.36,8688.07,9919.10,476.31
2743.97,8873.20,7365.36,5736.40,232.44,9929.67
3874.53,291.69,6320.96,4855.62,1196.98,6716.69
7405.01,4216.14,5071.20,1833.60,5716.87,8547.71
9667.05,5468.90,6762.48,5461.42,9679.12,6493.94
1612.84,7862.34,6420.12,199.60,8628.76,2977.96
7404.59,3652.20,124.58,8968.06,6040.12,2691.61
2795.87,3160.40,51.44,9034.92,6651.47,3082.77
6032.66,4850.64,8463.88,6031.63,1008.51,6746.66
9523.57,1391.66,9503.00,5684.79,1836.54,1736.37
7967.27,9218.49,2220.82,2260.23,8144.64,3543.31
390.08,4549.02,9263.44,1169.36,7892.21,8890.24
2356.41,7832.38,7103.98,4247.13,2557.98,8981.26
613.74,6656.83,5820.45,7465.60,8333.75,8887.84
2964.58,244.69,5263.66,3563.89,2584.52,9004.19
1594.99,6671.52,7862.87,7209.05,6997.72,8384.79
7686.80,1021.54,7924.89,2031.49,7889.77,4110.16
4703.79,2046.85,1103.70,1366.18,3148.81,369.65
3454.17,6746.85,4159.65,877.86,8959.72,3147.21
4348.64,1814.24,5954.97,9308.41,3632.53,4826.74
606.87,9789.72,5643.66,4039.14,0.18,9389.07
6018.01,3590.04,4426.31,6048.84,4783.52,7096.72
8372.13,1473.36,2211.48,3365.42,7702.97,7019.43
2383.27,5728.25,234.66,3470.96,8747.30,713.80
9715.44,5039.14,1711.36,8304.35,722.83,4080.05
8625.84,385.44,4928.64,8863.18,7972.40,3302.17
809.12,7119.71,855.40,3761.30,9127.72,3944.27
2170.48,2990.14,6738.84,589.30,6073.59,6796.19
3730.69,309.69,9923.49,2664.13,2312.74,4984.89
7180.74,638.14,8029.72,9803.60,4336.10,1277.90
9024.71,7382.44,2789.00,4196.85,9119.74,8121.16
4052.46,247.34,7301.45,2039.12,967.64,3602.57
9992.77,2696.91,1179.63,8600.12,35.60,9519.48
5076.94,9827.02,8523.73,7980.12,7306.89,1763.10
9184.26,4408.70,4800.56,724.85,5154.69,6289.93
1753.30,6708.83,236.71,8130.72,3893.69,2436.74
770.92,5859.25,6363.85,2166.00,3446.40,123.45
3625.97,6570.79,8616.49,1088.28,4064.80,2504.39
4202.17,7187.13,1921.95,5928.11,7240.22,9614.17
7728.87,8983.78,2509.47,1858.77,5209.61,4186.41
6790.22,1015.76,1786.46,4665.20,9975.90,8704.92
8099.73,594.92,4198.73,5096.21,4608.84,4772.99
8953.25,4991.72,9427.61,4168.16,1696.65,6977.31
4523.13,7394.68,898.60,5276.94,1825.49,4493.42
1848.16,8448.55,1419.56,7438.03,7783.33,9652.12
7652.87,8411.98,5941.19,1314.92,3836.71,4128.56
2954.17,7449.34,9415.16,1458.54,3541.37,5006.56
9313.83,8490.55,5484.71,2619.33,5664.60,6017.80
482.96,2177.16,224.83,3882.31,8827.52,5024.44
4726.26,2929.13,9897.11,1479.43,4748.89,3961.85
2592.30,3572.87,7370.34,5882.69,1477.98,5482.32
8576.94,227.90,8388.07,5996.96,3017.42,2785.55
6676.29,9187.54,9234.76,5882.76,1244.40,979.97
2758.63,3219.65,9455.82,1684.66,7704.37,1689.61
2522.08,7816.11,2228.85,4268.36,1013.75,2586.76
9917.86,1114.97,1347.21,7864.23,3640.49,7107.61
5313.14,9669.78,2047.61,824.75,5015.97,4229.93
5871.42,1594.15,2736.42,47.83,4966.41,2636.55
2724.77,542.71,3175.58,8963.53,7900.11,1460.33
4455.17,5684.97,2710.59,8687.33,2696.00,7154.50
6006.21,2601.43,295.74,7372.59,981.99,3748.60
5640.38,7329.43,7743.20,3094.69,9643.31,1038.50
9997.10,6416.10,5529.64,1399.23,255.32,993.16
6262.67,2702.00,2732.85,1088.87,7577.26,3532.75
8109.47,7763.44,9367.03,500.66,2518.55,7182.20
1801.81,638.94,3044.33,7047.94,3359.59,7001.95
7606.05,76.07,6312.45,4244.55,4074.36,2092.65
1685.97,6092.85,4593.43,3276.05,8698.78,1905.37
381.15,6826.59,9316.69,9324.06,8713.71,9470.24
4813.64,4667.01,1228.63,5113.43,4864.73,3953.42
7464.52,3290.67,996.78,8303.71,95.37,1687.10
5811.30,8098.56,8695.63,2190.93,5741.82,3973.85
1549.90,324.05,4871.71,8038.05,7815.53,4605.53
9977.80,3847.37,137.72,3752.27,6595.61,2682.88
9389.69,1271.65,7585.39,3837.64,4674.96,4263.06
5169.50,7550.48,6126.99,7714.14,8452.35,5536.69
5431.91,632.17,2355.44,4417.25,259.39,1322.40
2927.43,6254.78,6219.84,8633.76,5250.77,1830.25
4166.62,9015.54,9104.16,5960.11,8578.57,1857.37
8493.12,6590.77,3342.26,3842.69,6492.62,7247.33
8578.35,5713.11,58.64,6951.61,1364.21,1573.01
6823.52,4701.67,2519.44,484.95,2858.95,9888.89
2404.35,151.04,7574.97,5982.06,7173.43,1842.95
1125.83,5813.03,9529.60,7207.90,232.64,2654.90
2566.95,2350.15,1924.80,8669.14,1894.69,7160.84
5146.64,5208.23,1631.16,9003.15,5771.88,2439.08
9888.07,9206.17,4260.27,1058.77,9156.73,8218.30
2761.63,3899.73,771.62,6281.05,1758.28,1938.20
4521.82,630.27,539.22,8911.84,3619.16,8108.55
378.03,1587.63,4530.95,2785.12,5604.54,4972.94
1253.91,4517.98,2725.87,2965.39,7694.21,6755.08
3949.39,8474.07,4257.95,8377.69,5969.86,3194.21
2163.67,3860.04,6596.95,125.71,3034.24,6188.73
8883.34,1542.81,7074.41,989.36,4121.28,7274.38
5439.62,5733.68,2850.63,3727.05,2033.94,7458.71
7978.51,9849.16,8362.62,4122.35,6648.90,7220.18
4108.12,6406.89,6570.05,1613.35,9375.69,1772.70
6155.52,4057.07,9000.79,3746.20,2822.40,8385.16
8394.91,6700.96,3422.67,9056.75,4657.21,7749.44
6151.70,6520.06,3539.71,8869.94,8813.92,4467.29
3828.73,6351.95,9447.09,9750.14,8678.80,8664.86
1823.79,8546.58,6836.83,9854.95,6059.04,5228.87
1449.01,1045.64,3196.27,6606.39,8924.73,9527.09
8492.17,8816.66,710.48,8866.06,5344.03,4120.91
9529.89,1368.05,7699.00,4904.31,4177.48,210.25
7556.23,3394.92,2117.97,3628.30,2547.89,8737.09
1509.82,4003.81,7510.01,3163.75,8318.47,9946.24
1299.68,2525.21,5139.69,7964.30,8653.98,2427.36
84.89,1601.04,1003.19,36.39,7348.90,5234.20
5924.88,8348.14,3543.37,8356.82,8467.16,4644.64
8021.76,1099.13,5535.33,9568.61,4506.56,3679.57
1108.03,1203.14,4204.41,8234.41,3096.32,3413.08
4651.01,2773.48,1687.36,4991.06,3260.76,8958.39
612.35,1264.92,9026.22,8695.31,8835.10,3885.54
1363.45,393.94,8667.69,9619.42,6969.87,1314.77
4469.08,2717.50,6398.04,2129.36,8545.90,2160.62
1965.16,4020.13,2260.00,1837.14,1379.67,1923.53
1428.52,4459.27,308.02,1856.23,1825.59,646.84
260.57,2921.34,7984.84,846.13,3278.28,1481.87
5202.57,7845.56,3618.57,1825.72,3156.93,6851.52
4390.96,9465.42,3545.86,8135.93,7842.46,6606.33
2433.99,4009.67,414.49,1122.50,6801.49,7946.63
5507.97,3438.77,9532.79,1219.91,5105.43,6371.21
9220.75,7959.03,5469.68,7527.90,5700.04,807.26
9252.18,8707.03,5304.07,7846.99,1827.81,7148.73
9175.06,5666.55,6472.40,1938.09,4675.13,7156.33
6582.20,7574.54,7079.49,1783.02,408.43,2209.38
92.39,536.87,5285.14,8050.44,5570.15,5450.33
6580.06,1826.47,3081.96,339.72,4904.88,2644.40
3462.58,8700.63,3086.24,1124.32,5831.44,9286.91
244.89,3194.80,7021.76,2167.36,9904.47,1723.68
5335.24,4449.93,118.70,9616.45,8651.79,3617.21
4309.56,7097.15,8605.55,2656.64,3290.18,7255.70
2326.67,6528.47,4987.16,7591.68,9267.99,4781.96
4016.50,590.28,6046.23,6377.35,1426.66,4346.41
9606.68,7152.32,3423.78,1644.12,3476.63,638.70
954.74,865.67,4136.79,6530.65,3504.64,747.75
6909.83,3667.49,1930.10,1423.53,4794.50,3964.86
8422.21,2437.44,4017.24,3037.80,2774.83,3925.59
8539.61,5563.73,131.07,8297.07,6768.88,1188.65
4614.28,2065.05,6510.07,4794.05,3719.26,2064.57
8075.95,3481.57,7542.99,380.20,9709.18,6459.08
9836.30,9936.14,9623.27,1576.75,4831.23,4759.22
1515.40,6580.37,3634.07,3262.08,1108.26,119.13
2118.90,7226.20,524.90,5096.99,7463.38,9736.51
295.45,9175.44,5533.79,5919.60,2112.24,7486.29
3488.36,6924.67,6522.77,688.73,9228.52,7706.00
231.79,8947.50,463.35,9075.19,8488.30,6287.18
5017.86,9614.85,4002.03,9046.48,2397.32,216.49
2371.44,6305.87,6195.50,9835.39,4230.45,9434.04
7187.57,8180.50,7136.77,5822.75,5782.13,5156.20
3879.25,1125.87,8848.28,3271.67,8787.93,580.80
4635.50,5701.71,3565.04,9152.95,8103.65,2102.07
5143.23,8296.98,6479.71,1817.14,8507.73,8008.87
2120.70,2487.63,8866.32,5973.13,9984.18,7315.28
6556.82,1580.76,9818.32,8319.51,2314.64,4574.10
2562.32,1456.69,3640.98,1076.19,6561.62,8948.39
6633.70,8251.78,242.76,3896.10,9485.69,8056.53
8681.21,9784.15,6616.20,1404.33,2497.34,9226.14
757.18,9881.03,5903.14,341.78,9633.07,827.81
9986.56,9359.90,1238.01,7196.87,8610.80,9288.37
2905.73,5003.22,6448.30,205.03,4553.07,8149.43
1012.35,6037.87,8752.79,4929.89,4546.29,6674.53
9849.09,5947.69,1476.89,3096.95,5786.23,571.89
4941.92,9878.00,5054.18,7698.53,8077.81,9331.51
1251.58,9078.25,622.25,8662.93,6034.38,1257.15
3416.71,6941.51,9598.01,8668.50,4194.60,1012.04
269.98,9479.15,3898.68,5566.59,7567.91,4626.75
6136.91,8719.47,925.00,8273.15,5942.74,6573.36
7846.49,7780.79,1988.18,1496.35,7287.23,3139.31
832.31,5896.13,7811.16,3809.18,79.33,794.43
9362.35,7099.60,5974.64,2739.00,771.76,5314.42
6826.08,7134.72,5422.63,597.60,3353.05,6597.27
37.57,258.44,2222.83,6040.44,9007.92,8480.36
4396.79,5821.76,4067.20,3444.54,3433.57,3478.83
2094.22,3000.87,1171.14,5705.58,5447.00,8126.97
7880.65,149.72,9453.62,2231.52,7408.32,5609.99
5289.25,253.43,4648.81,5457.30,4340.85,2055.91
3822.86,1182.50,2206.28,5435.28,7413.73,3544.83
439.02,9685.81,4545.28,8048.16,199.59,3611.30
3886.33,752.89,1530.02,8953.84,4741.19,4225.05
5564.00,9666.99,6971.06,965.04,9823.50,88.26
809.35,9265.21,7090.81,5478.84,7608.69,4510.88
3484.54,4269.41,1311.42,8681.53,456.76,8055.22
9703.33,1828.35,5504.49,8843.92,5522.07,4236.46
2734.96,8099.95,2071.47,3384.78,9361.26,8173.72
9417.76,6610.90,1934.82,620.55,1306.26,8071.66
9449.88,5442.35,3390.77,5286.53,2597.38,2227.04
2884.42,9375.55,2271.70,8311.82,9440.22,7812.95
452.49,4782.59,7914.51,6293.11,2814.96,1468.79
3092.98,5655.18,661.03,346.89,6448.43,3094.89
7906.19,3368.25,4931.33,1840.59,9842.29,6892.28
6749.17,804.07,2938.26,5244.60,4456.84,6340.10
5139.31,8320.25,6106.60,4501.94,969.08,782.29
7777.63,1975.28,3710.15,8321.15,5061.00,517.36
6604.39,6483.73,9191.74,1109.18,5539.50,7261.13
761.40,8645.29,6450.31,875.22,9610.36,5320.81
7703.32,3156.80,9768.36,9924.55,6561.92,1116.03
4939.36,5992.60,393.86,5895.46,3158.34,1013.85
4018.72,4679.33,5128.38,4816.47,9401.43,2934.11
5686.97,1928.87,1736.74,182.41,6150.90,5146.23
8989.09,4832.78,9022.30,9679.78,7181.11,7497.60
8263.93,5078.37,1011.15,5155.01,8050.21,3108.77
5206.99,1638.64,5295.97,6158.52,1090.74,342.31
2126.88,4222.77,6185.90,6408.51,8583.47,9350.79
433.63,7308.15,1697.21,8415.29,8469.09,6043.29
7048.94,4722.85,9132.64,6854.84,1416.82,1650.26
9795.32,4634.37,6947.52,7403.44,9965.51,1551.52
3817.79,2544.18,2948.59,7140.64,3165.40,7462.21
1171.92,506.06,2575.80,6002.80,6167.66,992.50
6844.90,8683.20,4706.90,5639.08,3232.18,8614.15
3102.14,1313.21,9000.32,2810.23,2487.73,5020.91
5818.89,5794.66,6031.23,1215.56,6668.53,1213.39
8984.98,3540.42,1186.33,5770.87,4846.71,6883.34
9025.12,7782.42,3604.11,2766.84,9569.54,3256.44
5327.87,8348.31,9627.20,7454.08,4065.51,9695.99
8553.65,1249.30,9627.73,4617.41,2865.90,9051.64
3162.10,8759.83,2994.14,9529.16,9297.37,4299.38
9311.50,4713.60,117.57,8425.60,5928.83,7272.71
6224.18,7654.46,7951.37,516.18,8110.32,6201.71
1468.81,1354.77,8307.87,3097.63,7192.48,9610.38
997.86,9371.90,4774.38,3095.65,6777.37,1658.88
2220.61,5733.88,3077.91,9617.04,4939.65,898.13
8409.33,4276.69,1618.58,3408.93,1949.44,7818.74
5312.05,7078.70,3247.26,5403.11,7638.67,4864.11
6776.62,9700.11,16.59,7865.89,4811.20,8342.21
6105.96,163.34,2504.82,5529.30,3225.77,9879.69
2610.63,7372.96,2369.84,7100.53,8953.01,1749.64
2553.22,4211.04,4797.48,6502.67,5468.86,7380.08
5399.07,6054.53,244.10,9987.12,1966.75,6481.76
9638.39,5458.92,9716.99,9441.75,2435.16,5224.28
3290.43,3996.86,764.29,5815.13,576.81,2584.57
8640.24,8679.20,661.92,6434.46,3267.43,5556.69
9990.92,8109.23,5553.54,87.15,2645.52,3340.86
5534.75,1758.52,9531.59,8465.76,5209.54,4379.85
2472.82,399.81,8335.81,7533.95,563.84,2246.84
1648.80,5025.66,6337.58,2326.65,5865.37,3017.89
5317.36,8252.35,8808.38,8253.13,1403.89,4808.45
2491.66,6103.57,9065.35,4668.01,5393.92,2797.34
5830.81,1212.02,385.46,2797.40,6661.56,7706.15
8910.25,9011.89,1705.15,1767.68,4649.57,302.19
4309.81,4161.47,2472.24,6468.22,2271.79,9941.37
870.34,4195.93,4117.12,2518.31,8737.37,1222.09
6444.87,6432.91,5549.22,705.96,5652.17,3604.12
2455.85,6326.89,9927.71,3396.21,7880.62,1875.46
9184.44,4706.25,6317.03,3790.51,164.18,6430.84
8372.63,6705.76,745.94,9975.36,3127.25,3217.44
4958.69,351.07,296.65,7307.40,8489.88,6274.53
9110.54,2436.62,4978.95,3490.44,1076.03,9421.63
1054.47,7269.76,9710.69,9817.46,2460.28,6718.66
1918.13,6160.27,6682.19,4844.22,8781.97,6177.97
9444.27,777.91,180.18,2856.00,9842.17,4164.38
9435.35,7265.49,5904.40,9458.98,9962.60,7583.48
2107.08,9614.38,1669.33,4474.62,6420.77,3636.33
1469.07,1792.93,9848.11,5736.95,2540.94,5158.55
1965.22,7648.49,120.63,2725.23,544.03,1028.45
807.14,6545.58,3232.06,241.99,7131.02,4673.10
1886.75,5896.51,9448.57,479.69,7311.13,8731.07
3440.87,4205.92,8625.98,7590.41,4117.45,4539.56
1473.75,1883.23,2750.59,8263.08,160.57,5581.18
6619.68,5899.48,9140.75,1583.33,2039.94,1726.29
5097.94,7014.84,7400.10,2464.67,7507.54,9843.69
5080.87,2468.76,1765.82,8269.04,6610.26,1935.98
3638.04,5757.53,8553.09,5149.29,4660.92,7950.47
1068.38,9126.97,7381.87,7948.50,9189.88,1894.98
335.27,8631.56,9326.62,693.98,6226.99,4371.41
3215.95,7651.26,2475.78,2193.04,5075.76,45.82
4184.49,1592.06,4682.78,6673.21,4053.80,963.67
2106.14,9800.73,4200.13,5931.52,2285.73,1226.12
1234.96,877.95,6026.06,3738.02,6904.61,8649.84
2740.58,158.19,4965.35,2270.62,8986.24,5948.44
3771.13,905.92,1832.03,8107.70,4433.07,6535.80
7896.04,6225.32,9698.27,8659.85,1258.87,9672.21
8629.30,9402.90,2303.15,8509.86,2848.68,5432.66
7246.19,9086.34,2259.69,4400.34,4325.62,3110.61
9969.82,2010.12,3856.36,2701.10,3454.72,3229.80
4024.97,9045.99,7042.26,124.96,2379.07,5227.69
9510.62,8605.95,1925.15,6055.95,4710.91,8639.87
6274.12,7262.77,9405.09,8858.36,6184.41,590.33
4303.39,6045.02,556.34,5108.49,5218.20,7210.91
530.42,9132.76,1564.87,6486.20,113.69,2179.09
5730.87,3756.09,5214.63,5682.40,4228.04,543.25
8437.43,9511.71,372.26,1528.53,9932.42,3578.63
6958.66,7156.47,114.70,9913.70,1562.23,7573.11
7826.13,8756.64,6019.39,7050.05,1541.95,2099.16
3976.79,9152.59,3862.60,6168.66,2699.06,1735.96
2070.39,2491.19,5674.27,3674.42,1252.34,3938.89
187.68,9671.22,1946.87,750.97,2255.88,1783.64
4860.82,7358.32,6492.41,7255.13,7879.57,3938.07
7002.81,5891.00,272.97,2540.86,8108.52,9095.89
1592.19,2680.65,9811.11,7074.59,1763.28,5003.64
9976.14,9612.15,1418.04,4422.98,8301.32,5074.47
1564.12,9761.00,8515.89,2260.58,5428.64,3534.55
1805.75,1727.62,7386.81,9898.17,9644.06,7000.39
2861.74,9888.57,8117.93,2561.03,5079.03,5846.35
7120.22,1256.04,4077.76,3645.46,3305.75,3299.18
5216.33,6215.69,3098.26,9965.50,3378.65,5188.50
7652.86,5392.70,6913.40,3945.15,1336.72,5731.81
6917.04,3251.04,6956.38,1346.50,9309.79,1725.69
9590.22,8835.29,4191.12,9510.23,1031.56,424.49
1675.67,7942.22,4816.09,7947.40,6762.37,2322.38
168.43,2467.23,4367.95,2353.95,8037.12,702.03
1181.06,3465.22,1462.04,345.28,6964.94,5321.13
1078.66,3164.69,7610.20,3851.21,7328.59,4820.27
2395.20,1496.91,6756.85,2813.66,5086.95,2509.80
1647.01,8842.40,3678.03,5912.38,634.61,680.59
5841.93,2457.25,3817.97,9313.31,5721.29,7340.09
6498.30,94.94,529.44,8375.98,2462.92,2699.11
7573.35,81.31,6074.69,8318.23,8828.38,4619.40
2462.30,5068.46,9428.17,1488.10,3484.86,857.21
647.47,7921.60,9254.17,8240.87,3664.58,9376.65
530.65,2236.81,8663.38,3105.29,8001.77,6574.32
4889.72,1547.55,6686.83,4246.19,9987.00,7515.14
7369.07,2896.70,922.99,6379.57,2608.37,1017.40
2367.65,3335.28,7885.67,9183.54,1370.65,229.53
6602.71,8578.30,7184.73,1653.60,6049.51,9635.31
2550.36,1783.55,6758.85,3189.79,325.97,5643.31
5247.83,5907.40,6739.86,9324.63,7962.65,3342.56
888.58,5920.26,5242.26,7079.33,5155.92,5779.97
8043.92,2088.41,6097.68,46.33,4876.84,3896.94
7898.68,918.85,787.92,2451.58,2045.99,3529.48
6020.08,1244.02,7215.54,2486.06,2761.61,6382.71
8240.28,9124.77,7913.32,1191.08,3659.61,6554.08
7635.20,7845.40,6617.93,6734.95,8301.19,1095.56
9685.73,5538.69,2575.60,1769.69,3842.85,2509.75
7013.29,1712.46,1228.64,4182.57,7644.06,3374.83
5499.33,3601.81,7561.51,5281.19,6651.15,2473.34
6874.66,1651.08,3141.24,3600.47,7818.91,294.98
1714.17,5482.77,7997.31,3871.68,6875.59,7577.26
9242.45,9103.20,4186.17,9978.76,5309.26,7845.85
2165.00,3901.77,4186.63,5113.53,7872.95,1927.19
9763.71,4674.85,8325.11,9659.22,5165.18,7869.48
7082.14,3578.01,2198.55,2140.46,8720.76,2475.22
4392.00,3955.37,3159.94,1445.61,8643.44,520.88
7663.17,9071.61,7592.42,3170.15,5671.98,9975.02
7101.90,2187.26,1976.90,2691.41,8324.41,5840.09
2865.98,3467.69,4391.62,6253.95,3285.82,5368.16
144.99,4622.63,3958.74,8171.17,3134.44,5444.44
2998.12,2958.88,1005.34,5448.03,5043.71,3985.82
2251.62,4363.33,4152.54,5869.17,2560.04,9544.42
4109.21,6575.32,4861.69,2916.36,9949.48,5020.54
4838.84,4865.48,7839.61,1550.04,5438.79,2419.72
6092.96,6060.33,1855.31,712.55,8607.31,1053.84
5433.89,9270.15,4886.65,4885.67,9161.84,7652.56
6746.68,8037.06,2930.22,602.80,7351.15,4625.97
5342.36,3063.11,9318.19,2660.82,2197.11,6638.66
7789.48,3581.46,9107.72,7082.07,9570.38,4775.51
5963.53,1738.39,1782.13,3908.70,4980.04,8242.97
730.65,2731.06,5571.04,6340.08,8300.19,2183.13
3348.91,8159.16,8417.19,3360.48,6958.13,1807.01
8740.45,1434.59,587.24,8575.62,5439.20,3330.04
3338.17,6457.34,2361.86,9053.84,9991.50,5572.35
4293.29,8807.61,5645.87,3104.53,6334.07,7673.73
7508.73,6014.21,2890.50,57.89,4879.00,6728.72
8687.78,2817.16,5868.63,1086.87,6825.73,285.86
7068.62,8591.58,7438.59,6086.65,9110.73,1657.36
6276.13,6318.70,8996.13,9734.77,2008.09,6183.53
4589.03,1260.84,3604.56,5493.97,9318.40,2633.67
7560.78,3356.55,7691.81,2734.28,6761.16,6295.92
6016.19,4040.48,7222.68,1092.67,1333.48,6802.75
9886.77,8303.52,8680.59,9402.70,5268.60,9255.17
4403.85,1663.91,6703.02,5976.44,1532.35,6374.97
224.82,1640.00,7993.60,3242.07,9607.75,9435.44
6008.01,3236.05,6339.35,4545.89,5892.14,1685.23
9443.83,8305.91,2636.53,8476.56,4267.07,4421.30
185.60,4201.85,83.40,4219.47,4729.64,60.55
6182.07,3487.19,4178.33,7329.84,8490.85,5323.22
7783.20,2273.94,2903.95,3044.60,6464.52,8265.65
7622.31,2430.91,3519.92,9230.12,6271.78,7313.29
443.50,9317.60,360.31,9517.57,8547.25,9128.27
3077.15,7391.83,8489.32,4216.06,7221.75,8481.30
8938.03,8318.08,4374.85,1293.52,4976.07,381.54
7418.85,132.16,6001.24,1064.99,372.60,7803.26
8797.43,9407.24,8408.27,7206.18,4068.87,6639.94
3613.11,4739.47,1460.97,9068.94,7812.22,1737.83
5628.79,9939.65,3330.86,3236.22,3040.68,2158.22
2616.56,4339.74,7526.46,2683.09,732.91,1424.76
4029.36,9866.80,9602.07,5297.49,8689.48,432.81
6996.32,2993.26,4274.25,4503.66,2960.35,3925.32
2325.27,2293.89,1640.38,9418.91,1761.88,5016.67
5321.77,6697.90,6094.26,2139.12,2355.57,739.09
3433.41,4450.73,8716.49,7651.58,1582.36,7980.46
9170.81,9283.38,6860.55,4708.07,604.48,5850.81
3968.57,3229.74,8236.91,298.78,1027.53,4074.27
1141.53,5004.81,3108.04,6425.21,2873.17,3294.13
8328.27,6354.14,6270.68,6622.41,2585.53,7201.00
4958.65,5692.21,9484.46,9901.87,1763.15,7669.53
7334.38,3157.16,5965.10,739.98,2470.03,8396.24
7937.28,5658.46,4668.62,9976.90,6196.87,9663.79
5011.22,701.30,2273.38,663.80,938.47,6487.57
9866.30,9225.73,7641.47,2776.34,2215.29,1618.06
5298.56,3903.51,6935.54,1911.31,8310.96,5553.79
1186.82,7450.77,433.09,9004.09,8665.77,4626.66
7422.83,9014.70,1158.13,4996.26,512.24,3470.06
7366.11,9966.65,4698.13,5518.99,3969.23,1151.76
4734.51,8995.42,3272.70,3814.81,62.63,1594.12
4584.70,5224.63,9043.31,6949.11,6105.58,4989.20
4149.94,3159.87,9954.89,4560.22,8641.64,2341.39
8802.54,771.91,8645.17,3956.93,5275.41,4802.65
5149.76,4656.37,6361.31,9278.63,368.54,9236.10
3341.02,7685.60,2248.21,5728.44,2420.32,5088.19
1584.56,1687.71,6733.16,2223.62,2044.75,5449.91
9450.24,2718.33,4600.11,64.07,9633.62,5641.82
83.83,1906.53,3130.36,8615.75,1182.81,6760.03
2337.73,2501.09,5474.40,6076.22,2166.58,3658.62
2842.04,7572.22,802.94,4564.87,2470.60,5116.42
715.38,7685.07,4822.58,9637.80,1765.20,1655.09
568.69,4575.18,7453.05,8591.07,5677.49,9671.50
8732.15,1504.00,5886.27,5003.92,8613.59,9129.48
1747.60,5014.52,1312.78,9414.98,7960.81,5680.76
2716.47,4045.60,8238.92,1701.40,4581.77,3341.87
8276.86,2962.60,2017.87,8920.52,6214.69,2201.96
7957.03,9714.24,243.53,6059.03,1724.70,4271.40
7659.70,1406.34,5143.78,9808.00,5256.81,2114.32
9510.87,7560.84,1414.87,666.67,2895.78,4908.64
6396.93,3964.98,120.07,5054.08,6135.98,9878.81
6567.43,6738.41,1969.69,1639.12,1104.13,3852.46
5728.86,4154.24,2779.65,9581.22,2859.47,2533.68
7825.49,3429.42,4807.58,4530.77,3049.75,7457.88
194.91,2323.20,9656.57,1309.88,8191.61,4715.43
58.58,6888.65,1786.82,5833.91,6545.67,290.25
3383.87,2044.94,3279.96,9706.11,4768.28,7037.53
844.87,527.46,1501.26,1320.57,7988.91,6849.43
4819.21,3371.01,1.46,5061.38,2341.20,70.84
2200.06,7719.67,2269.23,3031.29,309.03,9453.14
8131.83,469.99,3167.81,9840.34,9597.62,136.54
8934.13,7454.77,1966.72,5768.42,1804.12,1548.30
5486.00,1598.98,6908.75,5381.57,4618.85,4316.80
7476.06,7615.96,2522.69,6423.30,1450.34,8607.47
4569.94,1662.82,3708.04,9834.25,4195.72,340.30
6753.90,9690.34,3933.42,4912.89,5405.89,9770.45
5076.00,3993.07,6853.89,542.84,481.68,48.22
2156.91,6510.67,5799.08,6596.28,205.56,595.56
6796.17,1424.07,236.28,9397.42,9923.41,1177.24
4052.71,7752.05,796.88,4524.26,4523.10,2537.57
1564.19,9505.90,1856.97,4540.96,289.80,3708.48
2929.87,309.27,2442.38,3376.82,9568.29,2599.40
7575.50,5636.29,727.34,9537.31,7417.65,7499.66
7443.83,7773.88,3777.20,2439.42,8343.66,9361.24
4841.58,7617.71,9014.69,4746.45,2369.63,9418.53
4755.12,9622.93,8109.56,8056.25,1762.96,9764.54
6513.48,7958.87,6115.36,4623.19,1032.75,9206.77
7599.33,3335.72,7282.15,2116.94,422.71,802.52
7791.46,9592.73,1639.28,4780.23,1001.67,2152.02
6474.58,9150.58,6117.61,420.84,4705.95,6656.27
5177.69,4743.15,6399.25,9079.71,4624.55,6233.24
4284.14,5626.34,2049.52,4868.63,9900.88,3130.70
5550.22,6910.03,2441.31,9078.11,3374.58,7322.52
359.46,3413.47,5210.72,323.95,5504.46,2176.23
9934.49,771.93,7345.11,3859.83,7122.89,9116.49
7235.19,87.76,6714.82,1802.40,8550.18,9283.79
4532.64,5840.91,7541.59,1336.10,7829.25,1649.92
1150.31,5232.02,9156.43,1186.00,5007.02,360.86
8271.84,1942.71,9147.43,8472.24,9626.68,8084.17
6790.91,1064.08,3571.74,8834.44,1490.89,6801.23
2544.91,5847.20,7560.64,8542.29,392.61,1314.85
7871.77,1006.49,7141.44,3025.39,1148.96,4505.45
1337.62,3729.67,3576.67,8316.55,6886.07,8959.82
1602.95,1879.98,9044.41,2212.94,2033.09,130.42
7264.95,6093.34,1001.63,7016.57,4739.00,5732.95
2463.91,9438.24,1390.52,3348.81,4131.43,2689.95
2520.47,9642.18,8277.41,4457.78,8864.51,3299.05
3950.86,2585.83,4953.57,3122.09,9493.33,119.45
3312.38,1690.47,1577.86,3168.99,2064.69,2154.00
4759.85,132.56,4812.71,3613.22,3944.93,9884.16
6290.37,2657.28,9051.09,5499.75,4067.59,6358.07
8466.45,6159.29,624.99,7904.05,8968.11,919.16
3769.16,8787.68,7955.46,9589.89,6665.07,5356.14
6567.43,8177.17,538.91,5609.79,3492.50,1929.47
5680.15,5798.43,6355.45,5285.95,4323.70,5217.17
2694.67,4109.26,4159.49,7828.66,5225.50,8848.69
1757.86,4993.61,4836.42,2517.60,911.05,8267.35
5114.62,6005.13,9503.73,172.12,3506.39,2497.14
1720.31,6495.63,9553.84,5561.01,5920.70,7912.62
1214.78,4164.96,6191.25,2681.03,5450.27,7332.22
5288.80,3977.60,2360.20,6632.68,4700.35,7976.89
6611.50,961.73,3546.43,2371.21,8067.46,5814.27
5132.51,9778.31,8203.10,2778.12,1420.92,2693.31
7569.61,4505.47,8606.43,3092.79,4106.41,5785.22
4090.61,1125.27,5826.19,269.22,231.62,2472.46
3962.92,8595.08,2965.29,1940.99,6104.22,1581.38
7222.02,2918.38,2246.18,7551.24,4442.86,5175.35
1337.10,4505.49,6596.62,592.29,9756.31,7439.50
448.45,9551.42,5469.07,4413.59,6437.47,112.22
1161.23,1724.23,21.25,1808.28,7831.59,5001.93
9336.89,8234.17,1242.15,5056.13,6327.37,7856.44
2103.71,3311.27,2288.04,2764.11,3884.68,4781.77
5839.27,9445.37,4964.82,7729.25,9827.84,9963.29
4906.01,7266.39,9057.18,6192.51,2551.88,3881.81
7290.67,6258.89,8184.58,326.18,7210.31,6257.60
8176.03,8253.72,4339.58,1401.79,6284.17,6311.31
5259.17,5838.04,9520.24,1478.22,7007.53,2102.49
3671.33,946.85,1687.66,698.82,7352.07,6484.07
3516.61,7169.46,6466.86,5722.76,7620.22,4798.77
3321.23,5688.33,593.07,8545.03,7935.59,668.57
6681.59,6249.75,6274.91,607.55,60.47,9848.03
5856.75,3182.04,4828.64,6471.27,2720.93,1827.18
698.35,6798.25,2990.14,9747.81,3695.68,9504.08
2120.84,4340.89,4336.25,1740.81,8117.32,5371.12
347.59,2466.50,4646.19,1024.81,1362.41,8876.16
9839.38,8389.51,6701.29,8128.47,7394.67,2583.96
2307.56,1711.75,9266.01,6042.59,5037.52,7829.18
7428.56,117.14,6731.74,7179.76,3246.27,7380.57
2790.21,921.95,2123.31,9674.19,5802.65,8354.06
9887.19,7626.64,4987.72,4314.69,902.94,6560.37
1094.28,2003.31,5256.02,1791.62,1419.49,6212.39
3855.44,6185.11,546.12,2813.02,6763.35,1419.55
3563.09,8451.85,5593.53,9590.57,5239.45,7513.33
4987.92,6013.24,3290.27,3994.51,6504.55,2978.39
4937.15,5892.02,8769.89,6749.26,3365.60,894.17
5972.28,7997.86,4933.20,4638.24,4609.69,1470.91
3431.17,7744.87,5527.08,860.42,6640.65,2484.06
7111.42,7455.71,1938.53,6132.92,5393.25,7290.70
8628.74,8368.00,4542.04,6141.00,2085.38,3821.00
9602.40,4980.33,5408.22,3745.83,7590.42,1337.90
4300.39,7232.46,4607.46,5082.69,906.57,8441.33
2983.91,2313.98,9761.33,9237.02,6058.85,5498.16
6151.75,7749.55,8174.09,2843.98,1457.20,7220.27
6696.11,5562.69,397.64,4687.81,437.86,9596.17
2404.28,8308.03,4897.91,5603.28,8707.33,7186.24
9591.28,3392.20,257.44,2601.59,3755.55,6965.08
4197.70,2579.44,9453.44,3805.77,3689.83,8364.26
3916.30,7766.39,7360.17,3160.29,2927.23,4195.65
1794.89,3649.26,5356.16,5944.99,5132.62,4860.87
7386.88,5718.74,3921.83,2296.95,9003.48,7530.95
1069.95,1274.67,9099.22,6549.62,7050.21,7520.34
622.17,5093.81,2462.99,3344.88,9411.11,7956.08
5538.27,7861.65,1478.11,6673.75,8225.73,8626.16
561.61,6078.37,4001.11,4109.77,4956.44,8660.75
7699.44,9664.64,5547.70,6320.57,1984.91,5847.76
115.74,7262.22,3543.43,3169.50,8246.66,5376.55
8009.35,373.55,8271.45,17.16,9967.81,2925.97
2457.54,1454.65,1109.19,1944.57,3429.77,9157.40
248.27,6286.18,5711.16,1635.83,2630.07,6955.27
2277.77,7894.99,1243.79,4061.52,8182.60,9365.53
9388.78,4738.46,6051.32,6824.06,9682.70,2450.87
4423.04,5273.96,5582.75,8097.66,2043.54,8882.51
9823.68,3929.20,6757.48,6764.01,4164.23,475.75
9129.11,3623.50,8785.55,2197.37,9746.28,9416.81
1184.82,7611.52,4735.10,6557.77,2703.16,8037.58
4300.85,3218.57,5133.78,2599.69,373.19,8698.20
7253.50,166.38,9542.00,3066.78,2785.29,6807.54
2517.23,3934.20,7849.29,3098.11,875.13,153.82
5580.57,9167.20,6888.55,230.34,387.12,1732.41
5916.46,2839.41,2370.97,959.75,2791.44,5872.40
7315.74,3526.20,4266.54,8556.25,5050.10,7358.19
2594.26,5372.77,7001.24,5521.71,7962.35,2497.92
1564.31,4940.79,5544.02,3743.52,7664.52,4633.96
9775.04,2656.42,3589.16,1149.18,2390.88,3487.65
5186.36,8487.13,4425.98,5070.74,3850.50,5214.39
5871.47,4957.82,3142.81,6595.35,6399.08,1673.15
3497.46,5273.29,2164.40,8169.29,7750.45,4796.82
4764.66,9584.79,9993.91,4972.91,3813.14,827.45
6786.04,2482.87,4431.36,4711.34,9824.74,3467.25
6886.97,203.15,1772.60,9849.11,4780.79,4907.46
8174.87,5897.85,4190.94,943.67,3389.25,4488.94
2321.51,3750.92,468.86,169.48,9053.99,1856.42
8548.27,320.97,184.61,9329.52,878.04,4887.72
5219.18,5772.32,938.79,1093.93,2073.89,2033.36
2932.23,2544.57,8667.63,3162.20,6304.11,3197.76
3417.11,5468.60,7337.05,2664.07,3994.64,7088.60
3106.05,8609.53,3230.71,8057.90,9729.05,2279.14
3482.22,3361.41,8635.46,1550.77,8480.57,5090.54
7946.04,5224.70,3909.01,9354.69,2931.01,1291.12
7565.09,3940.55,9689.25,7140.69,6839.38,2574.25
9423.44,2983.96,1082.74,5388.43,5073.58,4050.65
9878.33,8867.34,4818.02,5013.00,5417.40,3778.07
7492.34,3724.57,2597.90,5177.57,6048.55,5885.51
2541.82,4910.88,5999.32,4078.47,7931.73,5290.58
3239.92,4120.02,7602.97,7101.57,722.49,1559.56
9567.75,2059.47,7022.31,4498.97,6106.17,8418.70
9608.65,3888.58,8759.21,7368.00,8667.77,7637.32
2957.48,9510.16,197.10,6904.68,5303.25,9550.31
5304.56,233.50,2690.15,3293.04,434.64,3014.33
8146.81,8048.43,1512.12,1325.78,9549.46,5354.60
3098.44,9197.96,729.79,3168.78,6687.26,2826.49
868.96,4206.56,7933.43,4895.61,4746.26,6055.04
5732.13,2568.36,9887.63,318.24,7956.77,4139.55
4328.82,3951.66,9944.37,5034.03,4713.17,3016.49
7969.70,7341.16,8163.59,2433.16,1429.52,9577.82
3621.40,4957.21,7537.82,7127.67,4629.05,1538.01
5882.63,9758.67,3638.89,5285.57,7192.24,9595.45
3125.27,2553.20,2157.28,8831.16,8452.88,4248.89
4908.96,926.26,9154.01,8075.91,3637.07,5887.09
2654.80,3542.22,421.33,820.54,7432.09,2451.76
6823.02,7820.69,1198.49,7612.33,3062.84,3989.26
4900.74,9230.96,9860.36,7807.72,7051.66,4464.06
8660.32,4864.33,7435.72,5215.51,3021.43,1712.84
8722.15,678.19,1400.27,4920.76,2398.91,1031.09
1691.11,3892.08,1300.04,8644.42,6588.73,6977.25
5131.02,5906.82,5070.68,298.24,1978.67,9658.49
8290.75,3737.08,9009.17,3915.11,1501.77,4071.83
5738.07,4982.54,3357.77,1343.64,4844.94,6065.17
5126.37,4959.07,5889.31,4728.21,5476.89,3006.12
3650.93,8735.41,7530.47,2203.50,5132.11,7582.81
1892.62,4638.12,3740.84,4239.47,8129.03,3538.46
1199.53,2981.08,1782.05,7259.96,8888.48,7609.68
3144.93,2308.37,2543.06,540.84,7045.14,1619.70
9580.64,8158.13,893.06,2215.57,924.22,6460.23
4975.02,8385.61,491.01,9866.38,1018.96,1958.35
691.53,4658.59,2555.06,9727.45,4470.21,5727.50
1881.26,676.89,384.60,4887.88,5816.01,5568.26
6610.21,9005.40,6283.42,5169.73,4435.51,1608.65
3586.11,8395.58,515.59,7441.40,3954.60,7507.05
7009.03,5890.76,9605.20,8726.13,8351.72,6568.69
1675.69,9647.32,1901.84,844.10,4747.70,2808.76
388.35,4792.19,2155.57,9125.58,5155.70,6575.75
3679.76,4113.35,1768.42,3797.61,6349.75,1111.73
8202.53,9898.21,6874.30,4920.86,4210.89,5407.80
9187.56,1718.28,1803.44,1144.74,6773.50,1514.87
8548.74,3764.81,7430.15,4435.37,7856.61,6877.55
1652.12,3601.35,5854.97,9851.26,8449.11,2322.48
6552.18,8192.63,8542.94,6483.27,8550.07,3893.30
2129.38,8364.67,6300.13,3383.06,9015.93,801.10
7477.05,8845.67,5623.48,1597.56,24.39,2966.95
3622.52,5244.79,9022.78,5866.11,5109.46,727.06
5871.21,4289.61,469.83,1540.19,6731.71,4144.32
9131.47,5025.51,6108.91,6652.14,3904.01,1356.09
6734.98,1538.30,980.74,9250.81,4378.86,5843.17
3078.17,9661.26,2637.24,4854.32,9107.72,6403.26
8702.68,6250.14,9898.45,3474.59,6291.75,4756.95
4911.70,1217.92,5803.76,7399.71,3349.71,2180.06
9811.96,4712.40,4313.96,7674.43,589.50,2065.34
1318.26,639.94,7217.05,216.15,9108.50,6347.36
3493.32,8329.75,9626.03,26.03,7980.63,8860.59
1038.95,2189.34,8382.24,1038.29,645.26,373.42
4191.15,3367.09,5528.99,5608.61,5331.68,297.40
5112.78,2135.52,3459.53,8354.15,1470.31,8619.49
7590.04,7947.21,493.70,9621.53,7196.99,4657.18
7397.94,2564.84,5911.37,7538.54,2367.13,5921.93
191.88,2130.86,3864.06,8724.06,2411.25,3588.80
5508.22,6752.13,964.09,1334.20,1142.42,8150.98
1006.41,1269.19,7150.70,9973.28,4484.35,7980.83
562.97,8266.89,9001.98,5290.36,2578.77,5801.76
7342.01,4159.84,1269.07,5364.64,113.34,7168.14
8934.07,1093.33,4662.23,6997.39,6754.37,5643.69
6720.84,6983.34,7272.26,3642.22,5773.36,9022.42
76.86,3523.83,700.61,3705.79,3499.03,4118.30
4195.05,624.04,9288.64,7611.65,5419.27,7946.92
9605.18,7541.31,3715.57,2611.92,8622.35,4268.89
6928.87,9284.00,3234.86,1669.93,4313.54,7721.95
763.06,1163.00,7080.80,1428.01,2742.76,2273.91
2004.35,4520.02,3098.52,1291.70,4748.72,1109.51
3389.68,4755.90,3592.78,4161.78,2912.86,5874.43
9842.02,8453.05,6286.34,9537.62,7591.86,8103.00
7657.94,1701.04,8890.44,8532.09,8268.10,3427.48
1936.42,1139.83,4244.41,7969.81,3892.23,3985.05
1425.05,3171.74,5361.01,9775.47,4226.38,420.30
9620.64,7101.94,7090.07,4706.02,5738.49,1079.82
1178.33,1093.60,4547.41,2295.60,5687.28,9573.29
4563.01,4127.76,6000.81,9950.27,8528.83,4319.50
903.60,1611.79,2231.30,588.62,6456.49,845.43
1693.53,8367.45,5231.34,7444.63,9723.68,6723.92
8569.54,5839.14,6514.26,2683.45,2669.08,3534.50
6882.26,229.64,709.54,2531.58,9233.13,4470.06
5596.54,1464.83,9681.95,8665.21,5671.17,3726.34
2254.23,3921.09,6182.59,8927.05,4114.08,9463.86
3569.98,5286.73,3348.59,7330.19,1044.14,7974.30
7709.17,1998.13,8295.19,5410.49,4791.43,2702.53
5929.45,1272.46,761.81,5339.19,2462.18,9310.23
6782.44,3087.88,9523.50,2763.56,8553.20,2551.79
5175.90,9961.97,2450.07,1553.49,2154.52,3557.45
8365.99,5625.56,3659.54,7599.27,9017.08,7941.53
3073.61,1304.14,4727.57,6923.11,7795.56,9734.38
5510.93,4006.95,1881.53,2848.40,2546.30,919.36
3991.43,9210.25,6980.30,2946.51,9040.87,9941.29
7519.61,2306.45,7505.01,1800.26,1144.21,4726.84
8580.20,7594.80,8710.12,2053.92,3934.85,6735.51
7412.22,5375.95,8281.14,1795.92,4191.69,8153.87
7088.54,8110.07,9286.05,9350.36,2300.60,2752.70
7073.22,3206.22,8948.05,9713.46,6307.17,5489.14
1625.87,8553.27,6950.70,4065.40,8344.87,3908.74
1793.12,7401.32,6631.43,9674.36,6563.25,4650.54
769.11,4053.42,9101.66,1351.81,2319.68,9528.13
3700.94,7690.93,9895.65,5569.96,5295.10,5622.95
6012.36,4139.37,4415.38,4905.40,3801.37,1419.94
7808.85,687.14,3883.31,8518.66,5751.12,3585.78
6728.03,6874.28,2823.32,7788.31,1550.82,4656.43
4786.47,1485.58,991.32,611.86,2833.37,581.78
3858.85,7073.24,4611.90,1041.59,2572.44,3960.82
8785.52,7325.24,4678.04,6976.46,4966.89,4451.59
3361.68,1154.96,9107.21,1584.29,8764.32,890.76
4827.30,7199.59,2196.63,2943.90,6353.70,5171.26
9363.04,1599.21,3561.05,2458.88,3111.19,676.46
499.98,7446.07,6793.60,3619.15,1902.73,7015.33
8818.39,1732.22,7314.57,7465.25,3924.76,1482.39
2236.91,8897.15,2143.73,7750.70,1063.76,1985.49
3935.31,9791.29,2325.45,9702.59,8300.78,2341.49
4037.90,5083.14,6896.96,5630.55,5249.46,7925.22
6114.95,8290.03,6684.33,8277.92,2442.02,8408.05
2608.12,8587.77,5575.70,473.44,5353.08,6839.98
9327.72,5916.63,8150.23,6203.81,9116.59,3970.48
5406.44,5423.41,2211.89,8612.83,6259.02,6449.38
2152.28,5669.71,5604.39,9987.67,6053.03,309.95
771.87,9501.89,2206.13,4661.29,8612.92,1104.83
9287.95,1089.76,9039.04,8828.12,4313.63,2940.82
1806.76,7436.12,1664.49,1842.40,9862.97,634.23
1454.63,310.56,8944.85,9343.07,4391.54,4839.34
7220.82,8846.99,9740.30,9483.16,9500.49,7889.08
7427.76,5446.55,1896.82,9285.87,8686.21,7439.32
2526.88,7562.99,8996.02,9525.85,2233.25,8957.61
9642.65,441.34,2634.05,5357.81,8748.60,5543.43
492.57,948.10,9826.18,5193.99,5935.24,6769.19
2257.67,4906.56,1235.77,6487.92,4358.34,7613.04
6724.43,8325.62,6575.79,3650.11,9002.04,8832.54
6750.56,8320.59,1601.20,8661.56,7985.13,6800.28
1900.24,462.04,3637.92,4521.56,813.39,951.24
2556.30,4992.14,9560.46,8752.20,1402.37,7951.26
8273.99,8791.41,5952.43,811.89,572.40,6045.82
1438.21,3538.87,9900.38,1458.40,1304.72,8972.08
791.43,519.62,5066.10,1633.17,2934.95,1724.58
9764.36,5334.11,2112.12,1404.41,5992.49,3457.82
5303.01,3384.48,5624.62,395.05,5566.36,4165.78
429.67,5712.57,2718.99,494.33,8272.34,4920.98
252.47,4752.32,9592.92,1557.47,8710.37,7492.77
8180.75,4216.56,6723.23,3938.75,6408.75,2242.98
6592.58,7557.00,3368.30,7506.48,9302.12,3593.91
3525.15,7535.50,7313.48,5231.67,4091.44,582.39
3488.47,5419.60,6497.84,2434.35,8403.78,2086.78
2864.29,6421.02,4120.20,1779.94,9236.99,8233.58
1973.64,5404.35,6097.11,6472.66,8753.25,9607.19
5235.33,5858.37,1025.27,9573.08,5321.22,5257.08
8698.47,9648.82,8566.05,6379.19,1218.29,1995.60
5103.36,8275.74,8633.55,9777.16,3175.66,5790.68
6624.79,7119.93,9800.13,6600.67,4372.28,5540.14
9189.53,7797.17,339.83,6228.14,9252.85,5868.03
3614.94,236.50,4974.77,7416.38,7360.57,7383.74
9580.29,8886.09,9351.42,6062.41,7210.28,1746.98
2729.01,521.91,4727.54,298.00,3493.97,699.95
6149.05,7204.09,2183.45,6257.41,2386.65,6497.08
5053.68,672.46,7173.75,584.49,539.44,6263.70
365.82,6799.71,4949.00,8640.18,9466.36,8654.61
8301.09,92.46,4227.88,7494.51,7405.25,47.85
1698.41,3236.34,9127.49,8504.69,8007.41,8608.78
7426.90,2594.97,555.33,4408.65,4422.39,8618.37
4701.70,2164.21,9560.42,6952.59,1974.30,3798.28
8813.38,921.22,8690.58,4584.99,5075.32,1322.39
4302.94,2026.46,5904.44,8462.82,1548.44,8651.40
4109.86,3252.04,1077.02,2742.16,4213.63,4296.94
8919.65,9060.72,679.05,9641.55,7405.91,7385.33
5461.13,7527.95,3294.30,6734.67,4710.84,6315.57
5727.59,2915.98,2814.30,1914.20,3782.64,7025.88
6154.70,6646.65,4171.74,9934.00,9583.10,7553.80
6521.18,9543.60,5426.10,991.54,1837.68,8250.01
3142.58,402.86,2091.90,9620.20,9794.44,7716.55
7135.70,7754.70,8732.63,7959.21,2416.17,1975.87
1671.06,3887.71,5463.52,5023.37,7555.24,9691.58
6536.93,2760.17,8525.08,7953.36,5692.80,8423.42
5169.03,804.63,9981.86,3983.11,9607.36,3040.19
228.44,2069.89,30.05,4860.86,6817.73,1910.26
332.20,3250.81,3409.99,4152.99,2413.32,9569.78
7940.57,9889.94,4615.02,9409.26,4649.26,9874.01
625.98,8280.25,8359.26,2893.87,619.78,4834.17
8743.79,7621.25,4763.33,9595.52,1509.91,4051.09
3853.29,7570.95,6330.15,1165.65,4690.32,1320.84
8442.66,2724.16,8760.44,6285.12,6573.67,6246.26
5979.49,2844.20,5841.33,7485.31,5409.54,2188.75
1380.42,2909.51,9590.80,838.35,7681.28,8182.01
9882.56,4104.31,7138.93,6059.59,4546.11,1443.81
3405.57,5018.56,4205.05,8399.69,3901.95,9425.55
7627.62,3132.87,9941.98,1286.37,4778.93,381.74
7545.91,3632.06,2398.68,9892.66,4011.91,758.21
7115.00,4594.23,4946.15,6573.98,2017.00,7382.97
8259.56,5000.60,3175.23,8888.11,1088.00,9333.56
3367.16,8703.82,9756.18,439.92,8349.21,3641.52
6515.14,4978.37,3965.49,9194.48,9680.36,7260.47
7994.61,2397.34,6939.85,4788.74,1458.66,8225.09
7458.58,4086.52,1062.77,9576.88,7766.07,2040.01
2946.01,8618.22,6776.34,6075.95,9506.79,4603.72
7191.42,2401.33,9473.85,4788.00,3104.44,1597.87
9370.63,6822.65,3493.02,5757.55,8736.04,2463.33
8378.82,3528.34,3290.65,9188.82,1513.74,8717.78
8678.79,2054.63,4521.13,1075.19,1737.76,4494.22
9382.79,2157.20,1526.91,4488.26,1329.95,5115.34
7887.70,2251.13,1601.32,5665.13,4620.89,9069.56
4724.93,7335.05,242.53,9037.96,1656.86,4491.39
3025.48,2458.17,9729.98,2929.79,6657.49,683.59
6382.93,1495.87,725.58,7260.96,1292.82,9920.97
8867.59,3340.03,1300.43,356.65,2439.80,2841.31
218.34,888.15,3705.32,7400.84,8240.91,7019.23
8548.63,3226.92,3910.24,776.71,86.28,1864.68
4642.20,9416.82,131.75,5968.35,9485.26,3094.78
8512.72,7687.93,4104.73,7771.58,1312.41,2066.49
2417.04,1402.88,5689.60,7342.50,9372.64,2171.67
2667.12,1757.41,2631.68,998.71,6213.03,7771.66
8722.24,7682.28,7049.51,3387.13,803.09,6030.23
442.33,6360.18,2255.44,7106.05,8077.54,2485.47
5957.72,4448.97,8372.14,3070.08,7204.80,6656.39
1827.19,8527.71,403.11,9408.64,4870.63,227.38
2112.54,5411.42,6435.18,8815.72,8063.26,3809.59
3528.64,3006.33,360.99,3074.38,2528.63,5871.54
3711.26,7656.89,307.84,5212.59,4569.36,3126.65
3865.43,2084.44,7314.66,7197.03,9467.64,8818.21
4632.92,1959.50,5026.70,8076.67,5955.06,1764.26
9841.00,1219.09,2391.56,2407.65,1416.04,4470.20
7329.60,4593.38,2594.57,3585.55,1837.72,8833.89
9378.53,7372.94,8193.96,3000.73,7745.90,5001.25
9281.32,5813.83,8051.68,7847.60,6716.78,3788.49
1311.33,7860.64,3478.35,745.08,6779.25,1016.21
7481.24,1730.11,7945.56,2186.21,2485.66,1748.57
6964.92,7781.73,889.83,3064.86,6969.44,1948.11
4171.05,3191.81,4752.61,7603.64,344.18,1096.59
4569.54,6627.22,104.36,7387.45,7116.07,4692.36
2585.00,3152.64,7665.50,1205.83,2749.13,7093.79
8795.92,9105.63,9444.05,902.20,3266.18,2699.89
7455.39,8663.96,5384.96,526.64,4375.44,163.24
5274.53,600.33,7405.73,654.91,554.32,1351.34
3072.34,4670.87,8722.06,8011.09,8447.21,4815.82
1714.90,2264.28,6463.17,1448.82,6971.58,4547.10
9389.15,1424.55,6102.96,2276.23,9394.63,9048.14
4548.57,5717.21,4392.34,3026.01,1731.82,6524.55
6223.74,4057.25,3945.49,1709.89,5409.92,7666.37
8666.28,7690.31,6618.99,9222.85,1978.21,1405.57
4381.43,7651.81,7590.61,959.40,7908.91,6824.03
4639.33,375.67,3024.90,7669.14,9793.34,5074.92
8670.07,2271.97,6043.99,4501.79,1494.78,467.19
6927.04,9534.03,2705.54,9071.51,5219.56,5017.49
4229.90,866.05,3327.73,382.28,8621.77,7671.69
9501.85,170.22,8688.43,7368.53,1818.00,2590.21
6948.13,4610.07,2915.52,9328.17,1664.22,7067.10
5062.00,7544.10,888.10,9112.03,5012.06,1063.33
832.55,2865.15,775.77,582.71,2331.22,9368.49
252.40,6749.00,672.05,7752.20,8619.04,5034.72
8255.55,1693.58,5829.39,5916.82,736.39,2410.05
3705.03,2216.44,4583.52,9373.92,3862.38,3495.56
6493.91,8771.58,4248.03,2956.13,6176.05,7414.76
9804.40,7579.32,9651.21,1605.83,1573.08,4030.23
5075.99,9753.87,5281.14,6769.32,9917.77,8498.63
9425.48,990.28,2968.31,3331.99,2508.86,3218.39
5746.58,6459.50,7156.60,1780.85,1336.03,7544.54
4620.72,3666.70,8581.93,5652.33,2230.17,2170.53
3862.08,6550.27,5542.49,2201.79,6867.93,1233.56
1649.54,5309.14,141.77,6381.85,2612.39,3734.08
9228.87,7175.70,2062.75,183.35,7566.49,463.05
8135.10,9882.76,7882.05,8630.32,5909.37,9671.04
7934.56,8606.17,7570.04,1115.20,5830.16,8981.72
4640.50,5269.78,5263.61,6867.74,8158.31,5890.23
7263.09,73.79,3010.05,2448.59,6216.98,1930.53
8122.90,7802.02,7695.67,1100.73,9830.32,4194.10
9910.20,5832.98,4928.43,6624.77,9174.07,65.43
9875.31,9061.34,5772.86,915.04,8880.54,8980.76
376.04,1880.79,6676.55,3954.77,9304.64,8933.25
7100.19,6942.00,9053.99,9251.56,3795.20,1427.85
439.84,7127.72,1398.75,4731.92,4332.65,9777.73
1699.41,5284.13,8806.14,964.41,208.99,8246.95
6707.58,2750.94,5855.52,6064.90,7025.29,9932.60
9534.65,7248.65,1790.45,3488.16,6095.30,8489.22
6893.72,2875.49,5745.68,7762.37,6062.50,4634.12
3063.10,9670.82,8648.40,1184.19,6573.09,2597.29
5714.02,8942.40,8012.05,1106.12,604.34,7488.22
7895.64,6192.31,7303.13,1598.04,7739.02,6480.90
8016.19,8941.49,8792.57,3834.19,7105.23,3758.74
9110.71,3873.16,7470.91,4407.52,870.01,2910.62
5026.28,8233.12,8854.44,8797.60,3577.42,2558.69
30.12,4882.03,871.16,7415.68,719.19,8380.06
5232.46,4318.82,391.31,3496.66,9638.62,4503.76
4469.78,5733.40,5996.97,2345.83,7953.17,6658.03
3179.88,1502.96,1200.93,1209.37,315.17,6259.21
3048.69,7377.53,6223.95,3742.91,1249.89,3883.01
7246.84,4631.24,9499.96,9660.62,2972.68,1054.22
1445.00,2423.17,8647.17,4414.62,4293.18,2973.25
9272.35,7186.95,8311.91,2469.00,5536.30,3799.23
3057.44,7559.59,9275.65,5422.45,8351.99,5214.33
7616.62,3351.28,5936.40,8318.46,9028.41,7642.60
9212.87,1108.62,9629.43,2330.22,1408.07,247.71
6010.97,3409.87,7684.78,5310.02,6442.06,918.45
7127.79,923.65,4352.12,633.79,8430.15,1858.95
5275.67,3572.11,971.27,3407.17,4351.08,9204.53
109.47,5183.30,7999.97,6932.30,1942.47,1081.08
6573.41,3604.07,4934.31,8880.47,1051.35,4175.41
146.21,1878.14,1852.86,7486.13,3810.42,5517.99
9793.48,9120.34,9241.90,1221.17,3019.77,8663.10
9500.01,7292.36,6798.03,9684.31,4719.47,8987.26
6467.14,2418.71,4888.02,2811.33,3019.53,7160.69
7114.57,7766.40,1544.50,9921.63,1005.95,1274.12
7521.80,318.98,3912.17,631.18,5877.66,8797.58
7410.90,73.15,3568.73,1576.88,2797.49,7660.68
6796.80,1040.60,1540.69,6001.21,7862.55,6235.63
9121.95,4307.83,6625.26,9048.14,2323.51,5714.97
1904.81,3847.91,4320.40,7123.36,4785.66,5459.03
2127.47,2374.84,8793.61,4539.77,8892.53,5394.05
8791.76,1601.03,4282.60,4034.24,5694.82,9758.23
5783.23,3427.17,5837.51,4673.88,1931.11,7675.91
6150.68,2032.89,6667.98,9214.99,7457.97,6996.68
6101.46,9720.08,5921.21,9696.09,4129.16,7095.97
1617.71,3859.09,1390.05,49.46,8452.23,404.30
3992.75,5328.67,5197.03,9885.71,9395.06,7777.49
2257.35,4232.66,3088.36,7134.07,6520.44,5531.58
9902.11,6746.18,1686.47,723.19,6389.69,7825.55
5552.68,179.83,9762.35,3710.65,8040.61,4081.87
5909.70,1060.76,9749.65,7029.77,1217.83,9447.76
7449.87,8534.48,3756.00,874.79,6007.51,14.32
4152.55,9819.19,288.22,7289.37,1075.79,9566.59
9007.59,1799.30,6495.77,5975.76,3080.83,5943.09
361.53,6260.89,9975.24,7221.00,5060.53,3425.32
7251.13,7232.41,6240.67,5712.74,9304.87,51.16
6295.87,8324.35,2171.59,6566.30,6453.52,1989.11
3520.86,1476.29,9667.78,1345.73,7185.71,1894.05
7685.02,5460.08,4968.41,2760.17,5745.10,2042.92
1377.69,1638.24,8388.51,8688.98,8374.54,1900.58
427.54,253.55,9665.17,3655.47,3726.37,2344.35
6304.20,8079.17,7729.96,4068.03,9177.79,9280.02
4726.89,1006.46,9235.00,1115.26,129.52,7040.36
9778.06,73.59,5601.94,6180.36,5451.65,4983.20
3412.93,5449.03,8705.06,4755.02,6875.38,2198.92
7964.36,3954.08,7335.40,4036.73,1224.31,1010.57
2664.53,2886.64,6799.81,5318.84,5259.34,525.10
6508.09,6042.63,1332.42,4673.80,3974.36,3663.31
5298.17,9988.52,6585.06,3170.86,2590.12,2488.62
9535.72,1436.91,2647.48,821.50,1395.44,7829.76
5898.02,3961.70,7370.07,1898.04,1790.09,235.79
917.54,3687.70,971.45,3043.33,6191.97,5353.66
5813.08,7411.58,9043.65,6974.47,6712.45,5548.84
7235.28,7926.98,5205.30,3151.55,935.44,7011.79
4707.65,7927.50,8825.94,1870.40,9677.34,3868.49
1854.10,2205.37,1295.98,7214.96,7832.34,3825.20
3252.76,1390.99,2083.66,8577.74,7911.79,9863.02
7286.31,4160.93,3283.40,5532.57,4991.86,8129.71
2425.86,9709.19,1686.01,1437.87,3168.88,6286.81
4003.23,9048.64,2961.33,6082.46,2993.47,2460.74
8828.92,6480.06,3126.06,15.73,1813.64,49.34
6635.64,2267.44,1695.88,1662.91,8898.41,546.97
8386.84,4483.26,1821.48,1241.88,9562.44,3108.10
6463.97,7073.34,7561.80,8395.71,860.78,590.85
3727.33,4885.27,4099.46,4153.56,2350.94,5937.67
7817.86,2859.88,5559.41,133.68,3700.58,8647.47
4621.99,8493.47,1097.46,8290.39,7323.42,3050.08
5748.77,4839.00,8168.29,3238.66,3986.43,9345.91
8089.93,1167.85,3668.90,7101.30,7221.15,3073.77
4408.80,2767.73,7726.37,7718.65,3977.00,5635.33
4258.94,2921.86,7185.37,5329.19,9684.39,2692.98
5939.19,1815.58,7604.89,5030.57,3647.43,1321.11
7605.68,6755.34,2140.70,2149.45,3048.20,6457.52
4997.73,6744.87,9294.41,6735.29,4910.66,5312.60
5306.72,8635.72,9748.08,2849.97,1006.46,6229.39
8173.51,9619.69,2473.06,4026.58,7961.24,8063.25
3450.98,9882.15,8430.84,6878.74,8912.92,876.07
6507.79,1309.93,5373.43,7943.22,4490.64,3089.93
5188.38,3221.12,4521.78,8637.58,5658.98,9345.31
4887.34,6904.67,3069.49,1683.31,5689.50,9104.36
3169.79,2646.17,1740.58,5000.18,1118.72,787.40
6591.51,8705.22,2702.72,960.09,1677.94,785.97
8944.57,5252.27,8613.34,4923.38,6058.94,7592.20
3943.69,1762.76,9947.20,496.70,693.22,3279.02
919.30,267.07,9185.43,3256.94,7153.08,5698.86
643.34,9322.32,9712.37,2204.04,7298.82,9375.54
4654.58,3636.49,8962.35,2628.76,5445.04,2151.65
2189.20,445.59,2966.70,2131.20,6543.55,1772.36
1500.10,772.24,6218.61,7497.51,8480.98,7158.50
1427.57,5224.68,7533.63,7476.37,2251.79,9133.42
1185.20,174.17,9803.20,7367.26,1008.19,387.19
9846.17,911.57,869.88,8262.93,7658.64,7057.94
9875.99,4178.56,3502.10,9690.15,6399.57,2772.54
4442.84,9177.13,342.16,5056.22,9016.20,5263.39
2430.61,1084.29,53.97,4587.70,7193.85,727.89
7310.03,4661.72,9213.75,4613.92,9642.53,4498.67
9530.98,3875.15,1525.39,4384.45,4347.77,928.24
2318.56,3673.97,9409.92,8791.42,932.12,4744.44
614.85,7049.13,9949.29,2232.34,3839.21,3064.81
2828.63,9364.36,2291.52,5561.96,4196.00,2338.25
877.62,6723.18,8404.86,6124.00,6401.77,9983.24
9585.80,8552.62,5314.90,1374.80,4374.59,6820.89
5364.51,7542.65,9282.30,2405.77,2160.51,3646.88
3633.21,5944.24,5620.82,1852.57,6966.88,830.04
8309.84,3678.45,298.60,8431.03,5938.73,1340.05
9511.30,6846.71,1263.70,3983.70,8558.01,4136.29
9096.14,8031.18,3245.13,3115.82,7942.89,1619.31
9070.88,245.37,3100.44,3413.71,5889.53,9982.39
2093.95,5397.30,5084.07,1079.37,7909.01,1888.35
9189.32,2454.49,8990.93,1386.13,4077.57,899.47
8717.21,2087.14,5252.32,6587.20,679.84,2939.79
2042.94,8507.22,4450.84,1398.69,8528.78,9616.51
6402.84,4480.45,1663.79,2105.78,1865.78,7448.27
4736.76,8627.22,2328.56,2734.82,4664.08,3079.86
182.96,4999.05,8916.86,271.64,9172.17,7548.54
1445.60,9602.55,1731.56,3333.27,460.63,9316.98
7569.51,767.63,1333.32,405.08,743.05,5828.83
2854.20,1610.32,9055.54,9317.81,5736.76,3037.58
659.23,4302.67,6046.15,1981.00,7697.69,1381.33
7421.82,8.90,4100.72,8227.55,7873.37,9628.39
1638.59,5001.74,2498.81,5520.01,5974.33,5591.29
144.47,7826.92,3431.33,2969.10,3423.08,3180.35
2033.90,7679.64,2413.82,6663.27,8077.70,3268.88
825.38,6334.22,7246.18,7559.54,9540.15,4512.44
8881.15,7228.11,2576.63,4887.57,1276.59,5037.25
6661.79,6751.09,4165.68,8656.57,9693.23,2551.05
5983.22,8035.57,3149.53,9828.05,8379.67,9920.61
2750.47,8461.16,4116.65,911.10,8678.49,402.00
4079.23,9160.60,4281.21,1259.33,3738.43,2021.56
2652.40,3074.31,7850.75,3825.96,761.57,9658.25
7453.38,6931.94,6754.22,9144.23,4653.35,7006.70
9883.32,1854.38,4889.11,4861.82,7981.42,9265.24
8130.34,6073.55,5161.90,4823.61,5109.22,385.68
2873.56,1664.20,528.87,265.13,8964.55,4585.66
3030.99,4253.55,880.37,4566.88,3767.67,3018.08
6117.24,1004.38,2872.89,7497.79,756.06,8739.34
4024.00,2265.49,7177.77,989.19,1959.87,2471.41
9694.89,6777.32,1792.84,1804.35,6779.19,8380.97
3224.92,5090.16,4517.56,6676.25,9685.35,2045.82
8257.32,6743.95,1714.27,5818.50,1566.38,8096.32
4498.66,8173.58,4829.70,4979.49,8648.02,9549.19
4291.67,9542.16,1887.16,8847.80,9244.13,5515.60
3245.08,3234.65,9452.20,5016.72,1801.64,1164.62
1244.71,1410.59,2380.38,673.44,3595.75,9243.70
4911.40,2643.61,9084.58,3315.53,9005.62,5769.38
4993.72,1652.91,6083.65,2734.51,197.67,9783.01
6145.35,3123.83,1003.88,9943.37,7090.81,81.19
4555.82,9582.57,9027.03,775.83,4047.70,2893.51
5099.91,770.32,1860.42,8246.06,1758.91,932.23
7358.17,8546.72,6921.30,1391.01,2754.24,6919.72
5444.12,9345.11,6035.01,1477.26,4954.22,3242.52
9771.56,9102.74,1990.06,8825.44,8456.59,722.26
6014.62,8114.05,7952.34,4669.14,3704.07,9362.93
6411.56,1726.05,138.92,1866.80,413.80,7323.78
271.50,6616.68,4948.05,4478.76,5673.80,8548.02
618.47,6206.91,4155.81,3374.81,4322.55,7994.72
4129.58,1229.84,7000.19,9432.95,2190.51,193.35
4232.44,5547.00,4961.58,4526.21,4126.20,2622.47
1350.98,6463.09,8509.59,9572.52,7920.77,9390.09
5253.66,316.88,5768.51,6728.33,4643.55,159.84
8002.48,4354.67,1656.08,7020.46,4303.29,9206.53
6004.91,4042.87,5423.62,2436.51,2622.74,4494.16
6556.69,8584.04,6621.03,9615.41,2828.26,9976.02
2502.88,5141.88,4266.83,7574.65,4235.19,9767.86
5221.47,4969.82,7494.13,7514.45,4207.37,4923.85
5707.88,4939.65,5440.04,1074.01,7534.63,3543.55
3690.82,3151.61,5594.03,9921.18,7598.76,7107.62
7524.05,7206.35,5163.35,1351.40,6081.33,4197.02
4135.29,243.71,3133.32,5872.84,4222.30,5912.31
595.29,493.83,2851.34,4540.18,5018.22,4623.61
4245.25,9828.07,820.76,438.68,1512.74,9486.10
5225.74,4182.88,6853.73,3470.48,703.34,5441.24
8778.52,990.35,3139.41,4707.50,9024.37,40.09
8377.17,1933.20,8104.51,9286.17,2140.36,3341.74
2799.15,9885.90,5723.82,3873.25,3155.43,9792.64
7999.92,5427.53,1802.53,8988.76,2571.84,1618.85
2054.14,4574.68,9307.33,9475.67,5419.01,1043.35
9525.40,5911.57,6790.99,5527.48,1916.01,4983.12
587.49,6948.71,3024.18,6862.23,2463.02,7129.87
6743.31,397.40,15.24,7060.19,4413.64,6229.51
3383.07,8002.92,2316.41,2139.54,8587.18,6603.48
1570.19,9970.80,9916.85,5280.41,7638.85,7315.70
4838.85,5028.97,5861.12,4223.71,9094.68,5327.95
9329.28,7936.53,2214.46,8975.87,8556.37,5910.16
6033.11,3207.86,1481.20,3357.94,4019.13,261.47
8301.09,9959.64,9820.24,2934.35,2192.41,9597.78
7076.83,649.38,598.40,929.83,681.65,6100.51
5081.63,1444.97,1673.10,7193.24,5645.44,4036.87
7646.26,4109.20,5655.87,8484.19,8231.11,7645.57
3623.57,7672.50,6636.97,5637.01,3184.12,532.75
9315.49,7158.65,1821.05,1830.69,9471.17,7299.22
8996.12,8003.35,901.03,4058.22,4942.11,4652.27
1414.21,4883.54,928.09,2503.56,5082.43,1459.33
5371.41,3031.37,8531.55,8376.83,1466.89,2821.88
7723.13,1902.82,9089.02,3331.51,7349.48,9868.03
3989.66,1361.04,5441.77,5469.29,9846.96,8707.51
6012.75,3352.21,7591.73,1500.74,1534.45,9798.46
5619.30,9968.41,7635.07,2959.45,8149.03,8895.79
7233.92,6226.82,4901.50,1712.22,1990.29,1427.77
1321.16,5069.08,5678.13,2648.09,6819.35,3245.71
4383.72,7944.99,7077.38,5229.47,6516.80,43.49
883.47,4188.19,4724.39,2729.46,560.35,2175.47
588.52,6794.58,1360.62,6485.24,1872.83,803.70
9285.01,8389.76,7665.54,6554.58,2417.02,652.74
7576.17,20.92,7820.33,6782.94,2918.35,8017.29
3886.25,5575.84,9914.23,6424.31,3989.12,8142.55
6840.33,5229.00,8107.94,9372.78,1145.55,3373.32
8836.15,7057.73,8790.38,3771.22,4912.63,4661.21
5521.55,500.47,1647.57,6829.48,5652.43,3387.24
2064.57,9056.47,4158.58,5890.38,3897.72,8577.82
4247.04,839.91,8438.45,3029.09,3645.21,927.65
8721.62,5431.03,6353.64,3621.48,1013.92,3492.06
9324.53,904.46,9823.77,5738.52,5151.74,7427.72
6297.74,9231.59,4302.13,3365.38,2923.08,3631.17
9334.89,6345.79,7306.61,4391.48,5589.08,9300.67
2642.01,6920.04,1914.26,4875.08,2417.29,9200.04
4374.00,3681.43,7813.73,4766.51,8757.05,3627.62
6387.10,4010.08,4007.60,6177.15,30.52,8862.79
2370.23,1204.77,3432.91,3921.82,8867.57,2550.43
8733.45,6057.74,427.34,9658.02,9089.20,6287.41
7911.52,7495.64,5107.01,8760.14,9136.53,839.10
8616.79,5460.83,6815.75,9720.72,2398.68,3754.84
3827.57,3032.87,9893.46,6048.53,2050.62,9685.17
3135.74,4173.15,4397.83,6060.84,879.22,3132.67
2797.40,7474.49,7358.07,4847.58,6269.06,9416.30
4137.42,3423.35,5443.25,1330.15,5745.11,6566.39
2504.60,8096.79,1276.08,2808.45,3459.36,1202.32
196.34,5792.88,5040.00,1174.99,9355.75,1135.98
8197.74,9355.43,2075.60,7104.41,6596.71,2512.95
7459.43,5127.11,6957.63,2618.22,3642.33,3783.91
6135.59,2828.42,3878.79,4274.88,5040.45,3997.23
3727.28,3974.31,4418.80,7028.10,5287.51,9254.05
1845.84,820.25,7595.32,6701.71,2034.93,8966.93
6242.24,9834.81,460.94,6129.96,1170.73,1924.68
3303.38,8768.63,2647.00,1324.26,3330.32,4591.52
6201.95,3147.27,3923.84,3085.99,5436.63,1581.69
5714.96,3631.23,7798.89,9636.54,9664.71,793.44
8402.40,4598.03,2345.80,6366.11,4237.95,2364.24
885.52,8771.61,6968.62,6057.75,4072.06,1150.80
7193.10,122.25,2692.07,4779.28,9221.38,5005.95
4280.57,4160.72,4559.25,1572.48,9658.54,7639.63
612.35,3857.86,3150.31,2780.53,8416.73,6410.67
7535.26,6638.16,7610.25,1366.99,6146.59,1191.05
140.13,9412.49,1600.05,2318.96,2235.60,7381.90
5983.58,5055.07,9444.24,5817.07,8981.27,9279.70
660.93,5131.61,9239.84,6269.07,62.71,5839.52
860.39,1484.22,7148.46,6219.83,8925.59,3803.45
4379.05,7346.08,6.90,5563.07,6340.88,4137.35
542.33,4701.62,2916.35,8087.19,1167.65,5539.57
3982.43,6242.83,4105.11,5361.81,3895.75,3734.58
9235.63,3869.37,9156.78,9432.00,4001.09,2025.01
8556.51,4055.46,7371.03,343.28,4099.24,8009.43
424.80,3588.67,8460.93,6211.85,1175.51,8772.08
5743.82,2.96,1345.60,6541.42,9668.31,5280.47
9021.05,9386.70,1930.53,5717.02,1279.85,6150.70
2688.90,7034.08,2218.78,331.81,9929.36,348.32
7808.18,6060.03,1278.43,6103.88,5127.31,8445.60
3017.62,4533.92,5527.59,3499.95,2666.94,4099.41
8774.63,1664.80,6082.22,7985.77,5056.27,5056.82
8197.49,7900.81,1746.21,5135.57,6923.15,1986.66
3225.20,7404.64,2195.26,9140.39,4923.97,640.06
2990.12,3625.51,6713.24,4291.05,4610.80,9540.68
7834.89,5058.49,713.28,1485.60,9799.67,7293.52
4194.95,5323.08,8034.05,8005.93,9641.01,3747.86
9747.17,8138.06,2090.32,6788.82,6695.43,5198.41
8565.35,9259.52,4469.86,4036.22,7465.33,2612.16
5431.63,8406.49,6386.54,3581.17,3347.30,1277.70
8520.71,3534.77,361.76,1442.19,9351.16,6869.13
5988.54,2693.81,1246.18,1992.84,2027.49,332.62
3796.25,8070.40,5313.51,823.80,7961.02,1032.31
3803.74,698.36,7964.16,3912.90,7778.90,1538.06
8027.62,1545.16,4633.64,6422.57,3486.50,3522.65
4608.28,7694.62,5465.33,8747.45,585.24,4291.62
7347.45,7221.77,4143.43,1045.69,9483.43,9128.34
4469.41,1363.00,1237.87,5980.69,5302.77,6910.61
5091.99,5940.76,8797.39,6976.88,876.36,456.79
2097.21,750.93,8210.49,8844.12,9951.04,6926.88
8759.05,2031.56,7010.11,6909.46,8293.32,9928.50
8661.31,39.99,81.43,9665.75,5019.33,5540.59
2018.21,1513.81,6613.79,6390.23,8830.49,8172.46
1194.65,4544.47,6154.74,5628.33,4376.18,6706.27
1306.25,4305.43,5694.60,6159.08,6424.81,6740.78
1503.77,48.85,1704.85,4013.02,7722.08,7767.21
1208.98,5104.65,3983.52,119.24,3168.35,6843.19
4005.56,1493.67,3656.98,5619.33,7835.97,6514.62
6586.01,144.46,6403.00,9476.44,7760.85,5438.52
7314.89,7623.76,1375.98,1558.59,9908.42,315.64
908.63,7259.50,9557.89,8408.03,3582.68,4649.74
4057.22,1573.82,1092.43,6407.46,256.96,6260.43
1951.95,8585.22,2113.14,2555.19,5845.82,5287.88
6336.26,5033.40,5537.56,5565.28,7185.09,7863.73
2242.09,4859.25,339.13,2667.58,5505.94,7308.54
4487.60,6356.76,6374.77,3457.44,9780.73,4768.41
734.32,3033.77,2610.48,232.03,49.11,1441.28
3559.63,9143.01,8530.22,6564.38,7568.75,212.17
7302.50,1367.94,2994.83,4920.02,9424.99,6065.54
9724.24,8528.74,3471.64,5540.21,7324.42,3488.07
5666.55,5424.29,7854.35,192.02,9431.18,3610.29
6801.62,1963.94,6134.08,2310.56,1073.78,9963.50
5261.95,1478.48,9288.56,7928.78,9776.10,8537.25
6038.36,8578.19,9648.70,4417.97,4755.01,4759.04
5824.12,5484.04,2757.47,6834.29,6027.29,5074.09
9933.53,3740.19,243.46,2310.61,8621.78,8802.59
2080.76,4843.87,3078.35,1830.71,4911.10,136.03
6120.49,7241.12,4809.89,8178.42,8621.37,206.47
5829.13,8632.47,4630.69,9248.61,2763.86,5846.06
5436.64,3877.78,3015.03,8371.63,8390.73,1454.73
1268.52,6704.49,4765.75,2351.34,1961.43,6027.98
6330.50,1823.51,6545.66,3387.86,9265.21,9050.77
7181.29,9435.89,5574.33,8160.57,5322.83,4105.74
9945.63,9190.49,4443.40,4895.63,9912.92,8039.42
9300.74,4465.95,1060.51,9137.99,6638.66,9523.34
3661.51,4685.09,8872.05,1288.25,49.60,9238.70
9412.01,9840.12,8624.08,8548.00,5388.91,8859.17
2380.72,3116.44,4853.29,6082.29,9189.46,9979.23
9493.03,7681.83,8968.28,2676.77,1086.24,6316.59
6315.68,4661.87,4703.13,5174.62,568.47,908.83
191.07,3738.30,7004.92,7064.62,5080.13,628.26
7569.80,1839.60,9847.46,7101.26,9291.16,6518.27
6383.26,4689.05,3137.34,2281.84,3661.66,6959.02
8318.16,6417.66,503.52,6011.32,8102.88,1648.96
5900.11,8677.44,9515.43,5585.68,9055.24,6113.53
8173.49,5720.23,280.96,4322.82,1867.50,2593.69
2343.22,2227.66,5097.92,163.54,7213.16,8579.47
1503.74,2103.02,5750.51,261.87,552.29,4480.46
2215.45,2052.08,633.32,7552.62,3938.23,6696.61
3451.53,8868.56,948.22,8357.24,5629.82,6915.00
7560.15,9102.00,1790.49,2311.43,5060.35,6172.66
2904.52,9284.08,1566.61,7663.90,9268.31,9146.72
3118.51,2970.95,151.61,3845.69,1428.37,1975.60
1890.46,1787.46,8777.05,8235.94,822.68,6152.82
5771.42,4611.41,4738.61,9158.95,6041.92,8235.04
8029.64,8048.29,4551.92,2958.51,6447.44,7929.79
8355.90,2306.15,8475.01,1151.15,2969.40,6109.69
2783.37,2051.85,959.54,7525.39,934.73,663.89
4742.69,1200.69,9959.93,9298.54,3631.60,3335.74
9571.65,3500.06,9799.85,8373.76,4826.08,3025.01
6809.19,9437.63,4532.44,66.53,6456.49,9202.24
6598.69,2165.30,2701.07,9068.73,3437.64,2905.08
501.34,4386.06,5370.31,9579.83,9045.76,2633.77
9704.70,7337.96,8252.83,9423.67,4367.55,8103.62
8085.94,8661.20,9509.61,4950.76,1291.46,3636.17
7881.20,725.58,4614.49,8297.60,4771.97,8511.13
1680.73,8006.13,4960.42,4791.08,2389.87,9661.08
96.43,7477.18,148.80,9194.02,5134.44,8325.23
4192.79,8085.12,4749.82,3584.81,6710.08,7671.81
6580.09,9018.92,6360.66,4657.66,1717.19,6981.63
3655.96,4156.10,7897.29,7991.27,6921.54,2666.47
917.21,6326.78,4187.32,606.39,5045.30,8736.63
393.60,9083.56,9729.79,1870.47,7180.52,8764.41
449.74,3849.81,8694.41,5863.86,7773.58,1720.88
1033.98,7397.22,3053.98,1855.18,6455.98,1792.08
3866.34,8079.35,8787.66,572.71,9335.95,526.76
1548.31,6281.59,8119.97,762.92,9935.72,6128.80
9584.77,1483.51,2764.66,9369.58,8219.01,1136.08
3175.74,5059.88,1259.38,4880.88,9960.91,4018.21
7403.16,6862.06,4427.80,5192.57,8623.39,1427.83
20.67,4094.30,1782.54,5948.96,3053.56,1764.17
5809.86,4068.80,1239.01,547.84,8242.69,1422.96
2745.87,8673.17,7726.19,6504.14,8201.70,1730.50
7111.36,1828.04,9641.39,5323.45,6057.22,8825.09
7569.31,5285.44,6717.45,477.27,9357.66,3267.37
1136.34,3065.74,7430.96,3248.24,5819.57,7543.29
1482.37,6226.42,3182.97,5978.04,2874.94,23.17
8432.17,5772.05,8190.01,1817.63,3625.23,4521.15
6039.55,8803.94,2038.53,9696.79,8379.23,3589.65
7839.07,6030.68,5540.04,2089.04,3695.67,3831.64
1942.17,5324.17,9266.25,7997.38,7984.07,3436.20
5861.37,9896.75,2827.99,1474.77,1871.63,1250.23
6437.77,7077.74,2914.16,4763.27,3207.37,9917.98
8814.04,1847.22,5256.75,8195.25,8033.54,9444.56
618.65,4122.32,8522.83,5034.99,4437.08,2800.53
2873.55,3246.66,8020.71,1527.78,6097.85,8067.72
5238.46,5828.09,3744.89,7796.71,8719.76,6685.66
7443.36,9936.50,2636.46,116.77,5878.47,3191.48
9008.81,6451.89,3097.80,6453.69,7559.83,187.19
6198.72,5548.81,1325.50,7220.50,9347.63,6127.60
1428.10,806.14,2962.18,8288.20,8549.29,345.38
8331.16,5531.91,5710.16,5561.54,5899.55,8515.15
2918.94,9463.33,9157.16,8775.63,8678.34,405.71
9727.99,6314.71,6145.86,6596.12,7244.16,3314.59
458.44,6506.16,2836.42,7262.11,6289.82,8673.48
9849.94,8320.72,4226.56,9004.96,630.96,2137.96
9613.09,2013.02,2066.24,7222.21,6481.56,9861.08
732.98,1272.38,8187.21,6860.80,4550.64,6363.40
2085.01,6854.32,5205.24,3383.67,9392.91,6853.37
6373.78,7352.91,7724.61,1727.35,2229.99,890.72
3391.63,5016.61,5187.04,5671.58,2552.94,424.96
3515.86,2678.77,6267.98,9128.30,4094.05,7605.03
6698.05,2690.73,9387.77,4884.56,429.54,3766.08
243.80,3388.10,9262.01,347.17,6332.04,3549.66
4464.60,1388.10,2906.88,90.52,9260.02,731.38
2567.58,1169.74,8266.20,1319.74,2118.68,2027.52
7082.81,1991.21,9925.33,4898.10,6852.91,3078.79
5813.71,9570.32,9466.45,9502.16,4582.24,8219.76
3206.32,6010.50,8957.79,107.39,3603.22,7170.63
8477.84,8521.82,8455.47,2271.63,8946.78,9411.91
3169.69,6166.32,5762.35,7741.23,6519.77,7026.94
4834.98,3428.80,8037.45,5446.68,3544.41,8679.91
103.08,8431.24,9221.02,5419.58,1415.51,1653.49
1659.56,3982.73,5534.84,8717.32,7409.69,4388.33
946.50,7720.07,3056.33,1877.03,5060.00,2972.61
5948.72,926.39,350.67,6925.17,8658.10,2406.02
4923.87,4663.67,2055.92,6147.51,5090.66,9322.07
6562.16,3799.96,4454.79,2519.84,1155.33,3159.37
7058.37,774.79,4771.42,5873.41,5374.61,1541.04
2295.18,956.52,6760.51,9887.67,2426.78,2741.20
6789.26,9386.09,1658.58,9771.43,6837.06,4902.75
2272.49,6042.18,7866.92,3517.89,2918.82,8699.43
128.50,8298.35,683.21,3750.20,1434.92,8483.03
5868.74,5434.87,963.71,5520.84,8817.30,7227.14
2458.55,9057.47,4621.44,7852.91,1499.76,2553.77
387.01,6697.23,7669.30,8272.30,6058.11,1939.70
6170.95,5017.44,6107.28,6717.48,1922.30,4291.82
1469.80,9388.50,841.98,5747.49,5026.56,3034.98
5074.50,2033.82,4358.27,3429.89,2324.39,1288.63
7733.26,7476.23,1135.31,1636.73,8552.95,4045.52
885.78,784.79,1143.67,9336.54,6830.39,9296.71
2579.14,9945.44,3948.91,4508.20,5243.07,4927.68
9434.82,5044.19,9249.03,998.42,7791.70,7952.91
9412.06,359.79,6303.07,5587.30,7323.40,4112.49
4449.52,3769.96,1198.19,4906.77,5304.72,2274.60
1068.53,222.46,7894.62,4614.96,7873.53,8030.89
7354.01,9970.09,6420.56,8481.98,3819.34,8126.63
2232.39,7068.93,6539.77,522.35,2030.19,1338.39
6718.50,2295.38,2995.95,8117.26,5480.53,9098.19
6722.50,2050.71,1866.30,8360.08,1733.98,4979.85
3856.89,455.06,3916.20,9330.50,9803.11,3519.19
9496.43,5123.85,1462.58,5337.42,6846.19,9221.88
6596.61,7328.17,7514.27,421.42,1513.49,9542.36
2094.96,4422.18,4096.56,2369.67,4811.22,9692.86
7353.29,1427.21,2991.18,1653.09,5102.59,4379.68
8433.93,9067.82,3168.23,8238.13,1797.39,8532.07
0.47,449.61,7737.83,7749.93,3953.13,1284.84
8317.07,9886.99,1943.18,2068.30,5775.12,1120.53
3837.65,3371.31,1187.09,3552.48,1586.15,9592.51
2437.41,6709.99,773.18,8892.87,5183.09,5849.13
2802.56,7939.69,3228.25,1981.83,4976.90,9398.06
2850.10,8292.78,150.09,9744.62,926.91,1847.52
3411.22,4110.83,9439.04,1827.48,8458.16,455.52
465.58,2759.78,7679.97,2409.36,1941.09,9692.14
5419.09,3403.26,5561.00,5710.22,5750.35,2741.33
485.35,3801.50,8341.47,9414.47,1018.08,6117.52
3486.30,3621.63,5650.97,3251.04,6415.42,5207.98
8782.97,5441.10,8651.03,7651.67,9340.34,8541.88
3656.22,7343.06,4329.25,2304.78,5107.37,2458.98
2932.24,187.88,4947.71,8016.37,8620.27,8314.16
2820.74,4195.26,601.09,8635.18,9794.09,3665.04
4271.83,1611.86,4439.90,2309.12,4199.43,2014.37
431.13,5818.88,1800.83,3549.59,9071.30,9540.48
5057.22,3991.91,9955.17,5430.96,6162.41,9157.74
4931.26,9248.29,2993.23,1306.01,5241.54,3651.41
1696.43,3140.05,6844.48,7953.69,2124.82,2477.29
2268.10,6459.84,6616.38,8880.32,9160.83,1396.29
3269.18,5146.68,3792.48,4401.78,9206.56,9739.86
4436.37,4665.81,5691.48,2291.66,9791.70,412.77
1324.50,524.56,6215.36,1533.21,7310.77,5275.00
1418.67,6912.51,1933.29,2322.25,6492.24,3196.39
7131.02,1477.28,9749.50,7922.34,1958.70,217.62
7432.11,1672.99,4802.93,9064.17,4447.53,8888.45
3257.78,6015.92,1435.50,2774.85,1618.82,185.70
5886.51,1528.73,3762.57,5348.52,9027.37,5425.83
8012.71,6995.73,1537.11,4240.18,8817.14,2823.08
9816.81,9567.55,237.36,9005.62,8436.36,9382.49
9857.32,6773.48,2301.32,3196.28,1329.61,5476.62
8599.73,6912.63,9998.27,1908.12,2590.91,2206.28
5921.97,3581.98,2363.99,9944.13,1684.12,3254.27
2539.64,8652.54,7055.93,7178.81,1909.87,6787.09
9929.98,1901.03,6735.35,9880.66,130.06,9934.15
125.34,5683.32,9506.59,7877.85,9073.88,5601.05
4383.24,3690.28,4654.40,9101.79,4221.71,621.64
5718.71,7297.27,539.55,5672.44,8951.06,7985.55
8008.27,3847.16,2839.17,8409.97,1879.07,163.95
4863.06,599.25,531.53,3410.05,3818.64,5932.96
6889.93,777.68,9617.84,5376.73,1433.61,6073.35
8218.77,9143.90,8993.27,9849.60,5408.90,8185.53
1840.60,6577.33,9064.80,7937.90,4385.71,4966.38
4204.31,5091.89,848.47,1660.56,8581.22,6341.35
4638.72,1124.59,4362.87,3270.65,9874.91,1238.47
9911.08,5358.40,5969.20,1150.36,6108.63,486.79
8470.84,5018.53,5641.74,7874.93,4898.59,8686.87
3934.95,8351.09,6457.53,3460.01,7634.31,6687.04
7910.27,8778.61,1194.61,8285.89,8129.52,7613.06
2321.19,9324.50,4928.40,7761.99,4494.63,5559.34
5873.30,933.41,8079.80,3735.79,5427.58,1014.31
8561.32,3640.10,9389.13,8925.28,1350.58,9247.93
5305.02,8340.42,869.40,2451.99,3843.82,8583.53
5202.14,9202.03,4986.09,4488.13,2262.39,8287.74
5893.61,5938.44,9320.49,8341.42,7773.08,1115.67
9493.31,8007.53,2111.96,7560.18,8352.14,9475.38
4430.50,932.00,8165.50,7169.50,6451.92,8386.67
3771.81,4121.14,4068.74,8898.02,1923.36,8520.73
6436.87,3079.34,4414.58,5038.26,7591.07,199.73
2730.36,4272.82,6891.24,929.46,5902.59,6476.01
6889.54,4724.87,1344.84,9505.63,6950.72,1503.61
331.08,4348.65,4951.13,9857.78,7665.11,4615.50
1121.72,2852.62,1598.85,2515.03,5068.52,3192.41
1391.38,3405.03,3109.52,7900.00,7390.37,6415.82
8469.49,2595.15,7622.57,3597.45,375.81,7221.60
1050.11,1417.03,7580.47,8678.16,9600.65,2112.18
1569.72,9154.42,4833.42,5620.39,1712.72,8774.63
1239.77,7640.32,1732.89,9406.08,7169.80,8745.65
2724.10,3881.05,7667.46,580.91,3723.53,5551.70
2193.97,6330.75,8027.93,587.44,9770.05,2649.92
4723.64,6263.18,7357.82,7029.92,3265.94,4277.15
2067.14,514.26,1901.46,7994.45,1226.26,3200.86
9876.61,5528.15,30.83,2663.72,8486.21,4214.45
6278.89,8545.76,3607.97,189.12,5801.23,4929.00
8045.49,4885.21,6659.93,7327.62,4990.12,9470.65
777.70,413.15,3579.87,3945.51,2799.67,2260.45
5130.68,1422.80,1364.09,3220.56,4579.97,6927.63
6885.69,2768.68,3372.20,8687.51,8249.59,2019.59
7290.01,5371.90,5282.76,9462.40,8523.53,7498.68
9618.50,2983.35,2127.70,3740.92,9009.03,1064.30
7217.54,4174.51,4855.92,5137.28,4647.13,3711.15
5149.94,6855.22,7340.96,1201.75,3804.40,9095.64
4605.69,5085.31,8195.68,3847.69,8823.63,1319.99
9663.38,8797.89,3656.28,3415.26,4807.10,4220.41
9560.51,4769.53,1287.60,7899.57,3024.21,9032.51
4092.45,1589.07,8041.46,1312.38,7873.33,1025.23
4074.30,7522.73,3700.78,2576.36,2051.18,5272.66
4016.07,3654.02,8545.81,5429.58,7840.35,5221.38
273.68,6504.38,9493.92,8947.80,7034.63,312.04
8774.08,8262.71,1021.28,409.67,6807.20,3077.94
49.94,17.54,2811.07,981.47,1558.44,6823.33
4680.55,1664.11,8657.14,1678.14,1736.19,2861.58
335.18,5984.59,7230.60,8872.02,8570.61,6377.25
3557.23,9366.48,6065.22,4670.09,7943.30,939.35
7355.64,4178.14,83.81,7278.48,9912.19,7761.40
6036.74,6689.58,5296.68,8739.34,5917.39,6092.66
5789.80,7837.96,9504.04,6542.15,7822.52,4185.04
9070.17,7006.42,6325.66,807.43,7445.43,4439.66
3055.23,1399.87,8747.81,3633.05,6147.56,9040.29
4854.50,5046.57,5295.98,2744.17,7419.48,1165.99
613.48,8751.88,6216.35,8567.33,6014.27,4348.48
5644.48,6127.32,6556.94,1430.65,7939.52,5181.78
3531.56,1183.30,7981.38,8806.88,5171.47,7085.02
952.40,8827.41,6038.27,9724.49,9639.35,5821.22
3710.19,6709.38,4369.80,5504.55,8233.75,2761.88
7537.14,5781.62,4904.45,7736.09,320.95,3355.90
3160.27,5560.36,8125.31,4146.48,3887.08,1146.50
4193.98,7951.68,7676.06,6766.13,134.59,652.65
5846.08,178.71,8210.46,1871.29,5884.15,7727.09
4169.50,4042.15,4997.28,6468.32,4723.19,5933.22
2525.80,3745.60,8293.22,9166.88,9883.28,7669.02
2875.60,6515.02,5649.47,1292.05,7325.33,7011.41
222.10,9494.23,7859.65,8448.42,314.02,4628.05
9448.38,5909.51,5026.18,1068.69,2343.80,3570.30
940.88,8802.47,2629.12,4245.98,4087.00,5685.35
7430.77,9739.80,5684.15,3011.46,8680.58,9750.31
1496.42,4977.91,7567.08,5538.53,9440.14,8537.52
9343.02,4814.66,4772.63,2442.10,5760.60,95.43
4699.79,217.81,2077.09,6530.20,1214.37,9585.34
4795.89,3948.15,1944.19,8448.51,9671.87,8739.75
5104.14,7682.66,175.03,6138.74,3004.52,5335.22
8129.74,4040.46,1594.75,9929.38,9548.62,7978.86
6946.95,3488.60,8415.55,3145.12,9397.78,7936.86
7583.03,390.27,123.54,8303.85,5127.55,6079.71
7881.20,1044.38,8519.03,8128.47,1223.17,3475.19
2395.49,3757.98,9434.81,1672.90,1163.17,8513.52
9598.84,137.82,9614.09,7742.67,8356.06,9889.23
7017.78,6733.95,1884.79,4230.12,5237.42,9307.22
6513.07,3477.95,7050.30,4287.86,332.01,1454.61
4567.35,1230.01,2956.31,6897.64,5661.65,9506.28
4165.32,8881.65,5873.94,8242.32,6844.21,4620.96
9512.45,876.20,5508.64,7235.14,165.28,3909.46
2001.77,557.95,3471.07,4219.15,3367.51,6284.54
3855.33,5695.08,3893.43,7348.30,2270.30,2580.25
9076.26,9454.78,7544.69,2611.52,7076.66,3601.00
5822.91,7690.08,6489.29,6619.45,5625.74,6148.40
409.66,9674.00,7714.37,5046.31,2966.39,6735.85
2476.93,5384.01,8782.85,2448.45,7019.57,8066.22
6820.44,6724.60,4334.79,1488.78,6290.38,7716.07
6629.01,4262.30,6918.63,5143.85,7540.15,1193.16
4425.26,1638.02,8815.68,6422.33,493.75,7354.50
8133.34,6449.46,8077.55,9763.44,9789.14,7961.64
3296.11,2603.54,4954.26,8404.29,1489.65,1798.83
902.06,7885.48,4859.37,6409.86,6481.06,7030.16
3801.57,3326.25,5987.37,4386.44,4830.73,288.41
3006.13,3641.55,538.09,3614.57,6287.34,965.14
9517.59,9936.95,9263.33,666.32,2568.24,7868.87
9547.05,167.19,1159.60,3038.75,9170.94,8808.36
1855.78,2732.02,8718.41,9746.85,9301.04,449.04
7519.53,5773.74,6326.80,4448.72,3735.42,2245.35
6404.87,9204.38,4700.60,2008.48,5254.42,1884.87
6428.79,290.59,5830.97,897.23,7433.03,5423.95
9941.54,3256.08,8890.63,9575.90,3692.53,7570.97
7066.95,3332.24,1925.60,9703.28,276.58,6089.67
6376.43,2881.55,9516.76,9477.76,5328.92,6107.44
4367.16,8184.73,8577.73,3439.92,855.91,412.20
874.75,2432.40,3726.64,1970.70,7564.64,7980.32
1744.12,7118.15,2787.80,1269.08,2787.84,7876.03
9940.10,1953.77,1328.16,1331.27,7849.04,7266.58
8480.43,3217.23,7440.44,8794.96,1830.37,9585.19
3350.52,6161.74,4226.92,6474.13,2485.21,6248.66
5628.37,3361.25,4467.71,1072.11,3673.79,2639.15
7261.82,436.28,1731.89,2524.86,9924.12,8910.74
2958.62,671.49,1344.21,5498.25,6198.62,6281.96
7187.08,3209.20,2501.36,2356.60,9878.38,1963.99
9557.71,3298.69,7337.98,5264.98,2438.30,8892.20
4213.87,1681.44,4934.49,8785.46,2631.57,8532.78
6017.57,6407.51,641.33,642.58,6571.80,3404.01
3098.36,5619.41,5567.87,1344.49,8651.70,603.40
1011.63,9121.03,9978.65,408.51,1386.85,3939.67
4431.44,4911.33,850.84,5977.62,1227.12,8657.86
9357.87,4466.92,6562.94,2395.40,7112.92,2174.10
9829.64,6132.22,7166.16,5204.57,3228.37,4409.66
6901.27,9581.91,2666.02,980.42,4248.71,5806.56
8354.38,8636.53,9788.74,4232.38,815.62,6923.49
3158.26,4766.51,3274.90,2557.14,4687.46,3637.67
4730.75,2292.40,8802.29,5515.59,2934.75,103.98
1267.92,3012.70,1761.96,9696.45,3097.25,7856.45
2730.55,1901.35,7515.64,7735.91,4167.71,7887.02
1068.51,4670.69,9936.28,61.53,8945.53,7294.46
653.52,6628.51,7847.72,5102.56,8690.03,1001.39
5466.42,2407.86,7275.59,6682.44,8202.05,6317.27
4095.98,8208.69,8514.41,1539.73,3295.55,209.78
6988.37,7510.77,1461.11,635.42,5342.38,5409.03
5996.36,5129.40,4650.34,1632.41,8642.43,2368.78
3809.15,8680.04,5401.58,5610.21,5010.42,2373.17
313.89,9287.20,2656.76,3717.87,6493.37,3450.91
4840.68,8854.50,6865.26,1550.97,6611.01,5510.61
5163.83,3952.57,1034.18,9226.84,5414.05,6982.35
2567.05,3454.02,7236.07,8566.80,2488.72,2457.57
3596.40,372.44,683.76,7885.75,7514.51,5388.37
137.47,8364.72,6405.11,7498.28,2058.33,1884.43
2846.65,9259.33,2863.41,1988.33,1590.33,4259.89
9662.00,2447.44,6699.67,4726.68,4182.29,9125.21
189.06,9526.08,8692.93,8352.25,2677.82,8647.79
2009.18,1408.71,8116.13,3189.23,6069.82,6564.38
1494.72,8227.90,8417.15,1597.25,3862.10,4328.83
9342.34,7842.04,1806.92,4500.94,9827.94,3408.30
4213.96,3412.51,5407.07,8190.34,4853.56,6623.01
9696.68,3670.13,226.30,6144.39,741.20,2287.60
4589.93,6989.72,1006.15,4635.39,2621.70,1198.54
8474.85,7711.31,3736.66,2139.29,6092.85,2685.38
226.10,5342.66,5321.24,6699.86,9592.68,4219.24
1136.03,1260.79,7433.27,9830.76,1324.22,7134.83
5972.56,9854.62,1826.03,9776.29,7094.43,6735.53
7209.05,6928.88,2168.27,2723.91,6902.87,275.50
5738.61,4720.52,9750.51,9102.50,6409.90,9296.26
2447.65,9088.26,706.43,5380.44,2285.87,9583.43
3467.74,2539.21,9734.70,2097.59,227.84,2463.50
3373.06,6949.06,6271.29,3636.47,7450.77,9651.26
3078.02,4044.71,2164.20,33.45,5527.79,3038.20
8531.66,1819.26,7403.62,392.05,2045.30,6256.56
3687.78,3930.92,7863.72,5994.78,6917.84,9598.11
4764.68,6898.62,554.32,7220.36,7106.00,2707.07
160.66,755.07,5652.86,7527.71,1160.10,318.76
3286.15,1093.87,9676.39,813.63,924.01,3045.45
2220.87,5857.70,6573.10,9698.00,2134.76,6920.69
1562.96,6713.42,4022.50,5568.03,9013.43,1297.50
1824.94,8093.32,8348.23,2691.34,9126.05,9168.90
9991.54,8722.88,3222.61,8195.12,2327.70,3869.78
7005.29,7000.61,4483.63,1564.34,5960.45,7046.77
4401.11,8757.75,3800.71,8274.98,5740.40,8905.80
183.53,1779.94,9211.48,7930.04,8776.55,5945.66
4826.34,8927.76,6605.69,6624.36,5122.24,4201.52
2643.65,5460.71,7133.90,6939.74,2519.55,2894.84
6421.33,7678.76,3027.86,6948.45,7604.43,6589.96
9158.64,9043.79,132.41,8956.26,6920.08,1903.90
2587.70,1122.86,4122.73,3216.97,4992.75,147.33
2524.35,5137.26,4284.60,1964.73,2254.63,3750.51
2852.51,1238.93,2219.41,2279.58,8416.37,4925.92
8636.52,717.15,5579.45,7622.23,597.96,5471.54
7458.10,8941.19,9523.52,759.10,1279.20,4966.84
4763.05,8860.47,9649.25,4977.67,4715.07,9501.33
3848.67,5766.82,6929.29,5572.61,1983.94,1644.00
5629.56,809.77,2879.93,8559.01,1730.13,9798.62
674.41,587.92,812.40,8464.62,8027.35,682.23
4522.01,3133.06,9245.40,1792.77,8095.68,9692.16
5192.55,83.10,2921.75,2182.65,2040.70,558.32
859.07,4106.94,5831.70,2613.95,525.24,9787.92
3916.62,3753.20,6450.78,1852.38,4317.57,4403.93
3605.20,4448.68,5706.64,1037.53,7532.82,7299.86
9124.29,4797.92,3280.77,8561.76,6147.76,8720.95
9677.84,5516.68,6775.46,576.75,5501.47,9582.87
9781.88,1537.14,6372.45,251.03,7612.97,9294.95
9070.54,677.48,6674.31,9845.08,6971.96,7161.82
1796.83,9902.51,6067.28,9480.53,5623.07,545.03
1494.11,2535.31,3086.34,9123.78,4852.22,643.57
3897.58,1321.01,5188.07,483.51,1531.44,8859.93
5793.93,2201.92,5883.50,4612.47,3093.11,1182.64
4376.13,7533.19,5677.20,6593.64,865.53,7286.95
1919.19,7684.58,6769.56,9902.67,3744.65,4287.13
6860.41,7990.59,2820.52,7469.37,428.59,1477.85
3543.88,6283.81,990.32,9035.39,6109.99,9163.64
9067.42,9417.23,2863.02,3024.27,2149.10,2896.51
2922.44,8190.70,577.85,1750.01,2727.89,4141.08
4030.74,6557.26,4201.98,7127.10,7681.75,68.40
5310.39,6238.25,1342.78,8310.92,9090.94,8803.17
5216.02,8926.44,4895.43,482.60,288.06,9895.12
8255.69,3647.71,8557.82,4188.04,6992.24,2761.90
351.85,7829.17,1843.22,9890.52,4673.63,6332.30
777.47,2192.05,5471.21,9596.12,5382.70,7295.90
1234.24,6719.18,1175.32,4626.56,4425.02,4912.24
8142.43,9379.88,5585.92,9359.78,6765.71,6116.02
4962.90,702.30,3715.53,6675.31,4109.93,6155.25
6743.85,2892.85,7524.14,7192.94,6750.16,1683.50
23.40,533.72,8936.77,2107.58,9625.63,8247.67
8919.39,6252.45,2550.71,7060.11,8037.50,8116.46
3134.29,9258.63,378.07,7670.80,6737.90,123.89
2408.09,1564.01,2341.18,3429.91,3081.13,4619.51
5233.73,3173.24,8654.33,7207.39,639.48,6645.26
5139.39,7236.13,5456.21,5060.13,7515.37,2327.91
3561.28,7581.93,586.14,1258.19,8698.98,8787.25
8914.09,7521.25,108.85,3976.19,2653.49,3667.24
7776.59,2750.48,5639.43,5725.18,4563.51,205.12
706.59,2217.72,7224.05,42.03,6497.90,6977.59
8316.01,9096.27,7305.49,7124.03,2032.32,6459.56
2746.93,972.06,4402.12,3321.39,3932.93,3370.61
8981.96,3262.83,1741.24,7192.13,7206.88,6081.30
3676.20,2071.14,5431.94,624.36,4915.28,4259.16
4933.33,4611.23,2764.17,4022.49,2163.04,8675.72
247.16,9585.41,4005.60,3593.95,3763.09,3960.84
96.69,4646.74,9350.73,2247.38,5132.72,9065.76
9020.47,2589.03,3847.47,3418.26,1196.69,704.51
9616.08,1854.78,9979.45,6151.75,8053.73,1889.90
9611.99,3384.06,2204.63,8623.79,3795.80,8094.19
3295.83,8850.48,1963.20,1516.36,7246.29,7528.15
8798.80,4685.43,2261.29,7108.22,7036.17,3909.56
635.71,5691.89,4356.46,1238.92,8544.24,2859.05
3699.83,34.03,1666.76,925.69,3435.11,8057.17
5890.83,283.28,8358.51,3142.46,3123.84,687.71
7885.66,7551.61,2060.76,6774.81,3209.99,3616.57
5293.76,9910.59,1327.53,7168.11,1143.13,5038.81
8857.50,9184.87,9346.62,5735.56,216.62,8758.59
5638.23,6987.66,3376.69,754.54,3370.37,2086.08
7167.62,7990.05,9197.52,7800.10,9461.74,9373.79
1857.27,9151.15,5202.55,3438.97,6897.85,1828.70
9201.47,3431.06,2056.29,2475.82,5458.68,622.78
2482.07,169.45,9402.52,766.76,4962.41,8385.70
2013.07,1195.23,7654.95,2441.91,601.41,6602.84
5189.15,3749.35,9186.71,4303.93,5064.42,2377.75
2098.73,1292.17,2995.63,8150.66,2190.73,7190.81
3662.79,7554.93,3328.41,9641.81,2558.73,4474.26
9093.08,3293.32,886.22,3742.48,514.54,1850.71
1123.83,824.30,7789.86,9980.43,7141.90,8814.55
5619.03,2703.81,5304.94,8493.75,2842.81,1533.13
8386.64,3657.05,8417.60,3355.08,3729.40,7228.88
136.48,4890.28,6645.38,6714.54,3586.45,494.43
6197.85,1433.68,3146.23,8400.99,128.20,8517.76
6518.11,9336.99,4638.21,7127.52,8848.58,5485.68
8641.13,8176.00,5037.02,6837.08,3604.42,3279.03
5626.16,3385.93,7386.37,6680.64,782.61,5522.55
7035.29,9554.85,2443.28,3856.40,9373.45,6063.56
4784.03,7076.95,2288.76,5107.54,3876.05,6207.03
1084.34,9490.67,5778.24,69.74,8231.72,4046.02
4646.49,6876.74,9992.04,843.78,1875.79,1704.99
8359.52,3658.15,5647.64,4037.10,6761.47,9719.08
963.87,7128.06,4360.77,1261.82,2649.58,3608.99
7716.76,236.81,6449.84,1321.00,5269.09,4054.36
9468.00,246.14,4797.07,452.64,3299.59,9230.70
3957.68,4718.15,4794.80,299.09,3314.92,3869.61
4837.88,4900.62,6852.96,3559.08,3392.01,9302.50
5713.90,5128.37,3524.36,1278.83,9568.31,9743.51
7498.50,1247.10,7917.44,9363.69,2825.38,7686.42
2940.97,732.40,7819.76,4327.86,3122.39,741.49
1952.84,4112.68,497.27,658.03,9512.67,8845.25
3249.45,7007.76,3227.97,3561.29,3914.00,213.92
8227.22,6481.79,4437.77,3285.97,290.21,661.15
9438.53,6755.93,6651.19,7705.20,946.47,9328.82
7785.58,8888.43,4528.38,6279.88,1469.65,942.94
5320.72,9591.73,8453.01,6236.24,6143.89,2352.93
9968.17,1302.18,7745.22,2315.92,3151.57,4423.63
3784.46,6454.32,8831.72,5514.02,9540.65,897.74
555.65,7332.58,2952.65,3917.29,2474.70,7520.94
6705.37,1903.50,8820.87,752.95,9512.76,2962.25
7779.44,4329.21,3913.05,9926.92,1064.96,2019.79
5615.24,6975.77,1014.04,8685.52,694.39,9191.23
9299.71,3901.89,9561.05,3526.83,6355.16,6711.40
6856.17,6164.79,6798.54,6275.71,5829.14,5400.16
7318.09,5839.09,2648.88,2919.70,2282.20,3462.17
6812.29,2350.32,2676.42,2942.70,7881.68,5468.97
9275.54,5220.90,3537.49,75.23,2507.56,5466.27
1410.62,2666.52,9917.85,4209.82,4156.39,2376.21
6676.58,1728.45,8051.54,6779.40,2835.41,632.77
3061.64,128.75,7165.62,8120.62,3339.60,4270.58
6733.51,1858.80,744.41,251.39,2076.74,4303.50
2326.18,4223.51,4664.74,5355.18,2650.38,4859.45
1288.00,7419.14,7089.23,6441.93,4557.89,1608.39
4788.92,9301.67,4869.01,1595.47,2230.59,3850.32
7393.56,910.43,9415.66,5567.49,8054.20,7987.64
9865.53,5067.09,284.05,4581.98,2720.96,8694.40
6242.49,9849.56,6884.21,3689.66,1846.59,5466.99
428.89,1594.44,9186.28,3598.29,2004.14,1421.08
5908.65,7572.44,9717.42,1078.01,8381.18,4227.70
7062.40,9247.43,3344.14,9376.76,625.45,349.56
7012.20,2550.22,110.83,8235.78,2462.73,6791.88
3079.53,7345.58,3245.01,8145.32,43.51,6319.66
7151.04,599.16,1524.97,9678.33,9400.85,4247.63
4001.10,7659.91,20.74,6135.87,91.61,8344.05
6651.20,8329.02,7697.08,9349.42,255.59,8824.09
8707.15,8497.22,3274.51,3432.52,5681.61,6797.09
7676.06,3138.52,4016.94,2845.36,7970.69,4612.37
3936.34,3467.37,5752.93,9989.00,3099.60,7133.82
5694.96,4100.92,6191.11,8593.66,5387.74,5635.75
1702.25,7681.90,9259.20,2046.31,8639.37,2725.93
8948.22,6996.72,3961.36,4990.28,3070.16,2874.55
7809.23,6691.55,9335.89,3967.66,1123.52,3141.74
8486.53,48.25,844.13,3938.14,3374.74,2072.38
3903.68,1764.99,7110.15,6650.54,445.91,5925.65
6457.25,6076.72,5726.01,2906.59,9202.05,4106.37
9519.21,9471.95,5306.98,1989.97,8139.35,4740.04
5205.80,8995.00,5861.81,4543.00,7477.32,1736.72
4104.74,6953.14,9707.19,6543.52,5303.94,2756.27
3717.76,9808.09,8841.29,1935.50,5368.93,4297.80
52.31,7141.28,9010.06,2628.61,9113.74,3949.07
8157.61,6876.88,8761.68,6514.79,3089.12,3638.32
5702.38,3420.52,3520.81,1191.29,9189.31,8542.08
3402.15,8593.49,9861.54,1703.01,9960.19,972.40
7733.13,7427.22,8970.37,1438.95,9264.14,4293.89
9132.39,6085.91,3379.20,9278.73,2487.38,5518.77
4747.77,1391.62,2916.99,6785.77,1802.82,3273.90
7633.83,2697.00,991.83,7058.59,5702.03,8523.83
6985.49,9608.70,148.83,4919.85,9017.03,7630.43
3014.04,8542.45,5730.40,354.28,9998.91,6808.85
7651.31,9879.33,3871.90,7690.01,146.19,528.25
4411.72,6828.72,4903.10,7219.54,7946.78,3278.20
373.91,873.95,8788.73,1425.51,6298.23,2026.38
5426.15,9158.59,5380.40,7953.42,1338.51,9905.43
4732.60,3108.10,6042.65,2255.32,8605.13,8026.15
7325.83,9146.17,3182.78,358.71,8477.48,1246.19
1812.08,551.11,6790.67,9728.93,2632.20,4065.76
499.68,8461.12,8303.64,5890.40,3302.39,1921.08
5706.07,6973.66,1988.44,9074.95,3393.10,4224.76
1563.91,4830.58,8731.34,6940.15,9666.65,3016.03
3674.61,5550.59,8584.78,2030.02,687.58,4698.46
6244.41,1661.26,9715.29,3263.88,9106.22,5177.59
7736.41,9062.50,7145.26,5886.26,5837.17,4698.69
8082.29,6541.42,7910.15,5533.30,9933.58,245.28
8048.61,7463.18,1395.62,1755.61,2585.92,7631.28
9808.59,3533.25,4653.43,3134.16,5264.93,3929.33
1529.69,7950.64,2406.71,9525.47,9204.25,7221.69
4451.24,4124.03,9576.89,6646.82,8040.25,8873.51
331.94,6379.43,7731.93,5201.37,7828.86,2771.64
6253.13,2999.48,4926.43,6783.67,860.59,5897.61
6618.71,57.47,8222.56,5304.95,8297.45,4562.76
7608.32,820.08,8248.31,2683.21,760.90,9365.40
7682.79,982.17,4091.91,3089.32,7206.92,6545.07
783.75,1415.72,446.75,7401.76,8692.20,6261.42
119.86,3005.35,4029.40,5388.20,7832.53,8766.61
5781.94,1604.32,5363.77,3292.73,4150.27,6544.47
3379.81,1463.11,4722.84,8014.90,8781.30,4879.38
6266.99,2419.15,2532.63,4028.21,5657.13,8749.72
2514.34,2822.94,8655.08,7849.91,8798.63,3266.22
9599.06,2767.77,7302.42,9841.20,8102.32,5549.25
2430.05,7414.77,7818.53,5172.24,3648.75,1400.49
866.21,1428.23,219.90,9484.65,2906.20,284.76
5329.53,1835.89,177.18,6408.17,3348.25,958.76
6519.55,9148.03,282.95,4113.67,4572.39,760.00
4620.02,4901.14,3421.35,3307.16,8378.09,4334.42
1540.22,8308.06,9099.73,9696.95,7700.00,9954.71
9032.75,8429.46,3282.70,9479.92,7702.04,8592.09
2639.69,2986.77,8956.40,1675.47,6104.49,3025.48
861.36,6075.98,8306.50,1555.90,8249.94,5910.61
5547.77,9817.17,9112.67,1541.53,5232.32,6629.28
4140.55,6354.67,6333.62,639.43,7229.53,7901.23
5025.36,9126.28,9209.61,2919.51,9666.98,1044.99
2930.62,7604.33,6179.70,1796.85,9690.06,7887.43
5624.69,8857.69,3637.46,7887.83,2211.91,3532.97
351.28,8461.29,6386.06,3243.71,900.82,7284.14
8613.83,5216.76,2370.10,5316.39,4770.65,1455.71
312.32,2984.91,581.24,3809.66,2734.40,1882.61
9676.41,1022.27,4332.49,7715.31,9120.00,5.12
3783.98,5430.28,2093.59,3075.23,8607.47,3812.61
2087.15,4431.50,6127.73,8838.66,2355.48,6385.75
1492.78,3670.86,8607.98,6584.82,7925.98,9691.16
199.80,4123.16,9774.80,3913.66,7830.69,6007.47
6482.67,5073.37,1646.05,3816.92,5578.85,2793.84
3830.41,7915.45,8589.82,6550.00,5657.93,6114.88
3391.67,9493.43,9364.60,2510.70,4993.59,7816.28
1213.12,2060.78,6132.73,5977.31,9779.09,1409.20
5864.74,5814.25,844.05,7037.65,5506.52,6901.32
5675.98,956.62,3845.02,8695.45,8636.63,2918.73
7134.64,5072.06,6256.49,5104.33,3281.15,6533.15
337.57,4800.27,3277.45,6021.79,6237.18,7550.97
7892.92,5765.35,3270.51,9615.37,5244.24,9611.51
5658.09,7220.93,404.46,8825.67,8255.79,1348.86
6166.60,7903.08,5515.47,1444.79,6296.02,4405.00
2376.04,1530.41,3884.23,1078.28,1181.09,3432.36
5759.32,1323.89,6120.09,4745.51,2913.74,2175.08
9784.62,5960.79,666.59,8985.14,358.52,7976.40
868.51,4677.28,5261.30,9762.14,9168.26,9196.95
5972.63,6030.97,4869.14,6877.15,1577.22,1522.74
3776.79,8149.13,9354.28,6098.44,1759.61,7709.53
234.56,379.89,4657.20,1848.26,1744.60,9128.44
3276.82,8754.75,5335.21,4212.58,5164.67,9994.02
8952.38,9564.57,4750.14,1458.77,7736.28,492.68
3933.46,7472.11,1113.59,1353.44,4412.62,8079.61
6967.00,4689.71,6046.16,641.87,6474.17,6683.31
7739.07,5708.96,7698.95,5867.09,7847.04,6331.09
1865.97,2214.16,6922.68,6903.04,1527.01,6767.41
4671.01,3932.39,8783.35,4146.66,776.97,2428.36
8981.10,2286.05,1993.38,6214.28,8127.10,3385.00
3525.02,7463.01,3579.42,529.79,1371.42,1392.41
7989.55,820.97,1676.31,3365.89,4666.93,8174.50
8053.49,3609.16,3179.07,3280.88,2497.95,1478.05
7190.11,9989.14,799.36,6972.51,823.26,7388.40
7286.94,2461.20,2413.75,4155.89,967.52,6332.35
3073.45,5129.68,5870.05,8301.57,9020.78,4283.33
3835.00,9776.73,4365.99,8746.70,9249.94,3414.21
8663.51,2887.52,1886.46,9958.28,6755.83,1840.62
5111.00,3068.46,9056.91,1300.56,355.52,3829.00
6066.34,4563.41,1377.49,864.46,7663.61,174.75
1039.58,6304.69,6655.03,1465.64,9458.17,5465.71
3267.98,8036.71,1992.27,2069.95,5973.04,822.40
7534.40,6259.35,6367.98,5509.49,7302.41,314.48
5513.81,9404.73,632.58,8302.99,1106.38,8240.73
2367.68,4520.30,298.05,6309.44,5367.82,8122.77
7690.82,6206.36,8588.68,7108.51,4675.63,7058.12
7448.77,4754.97,220.71,128.21,2108.03,4660.45
9137.73,6500.53,9942.26,4289.39,489.78,62.09
6751.09,6245.60,6416.51,6259.16,1527.97,1311.77
7256.64,4541.65,6895.49,5896.78,696.18,827.52
2668.20,3480.23,3100.39,1271.92,6762.40,5489.17
1848.15,9787.83,3185.91,909.83,1388.67,3041.24
7492.12,6511.60,5849.73,5830.98,2784.30,4458.81
7048.55,1506.10,9685.63,4194.09,6274.94,6266.39
6697.78,2990.15,9473.25,5295.51,8293.42,8588.41
4475.41,8204.28,6317.15,6228.74,7227.97,3194.24
2965.92,9253.14,5630.27,6422.05,4958.32,4666.99
2027.03,3201.11,8714.20,7328.32,6256.63,2075.76
610.13,780.60,862.81,756.99,2398.54,5929.87
6753.89,2404.41,5305.39,4292.90,4888.23,1493.39
7316.16,8961.98,8758.91,7718.09,7711.24,3213.08
576.98,6015.84,6491.09,3914.14,7515.11,1213.52
8284.83,6391.75,3517.56,2413.98,7668.11,9842.54
1349.28,6204.19,5756.38,3776.85,1761.94,4761.63
9641.87,1983.21,1893.83,6595.15,4878.43,2225.40
8242.96,4317.36,9412.54,8964.88,575.65,8492.32
3715.73,4960.37,6913.12,1237.09,4245.18,4311.89
1239.02,5175.41,8062.76,6311.92,3363.04,4487.05
4558.89,1235.81,2620.27,3746.29,56.92,2931.83
4934.18,3091.98,8730.51,702.21,9028.11,1634.31
8890.05,999.39,4404.73,1428.36,1624.63,9478.81
9826.58,1690.75,5019.14,6986.56,1041.24,9280.80
2244.83,3740.17,3374.64,916.32,5168.01,6699.35
3149.22,6953.53,1273.29,9805.23,3794.83,1981.62
3687.66,2987.81,2321.89,1733.01,8719.39,1847.69
6455.03,5456.87,6088.11,7281.36,2182.60,2045.46
9923.79,5988.76,6037.93,5367.15,7933.74,3425.35
6948.10,9544.61,8600.41,4898.00,9511.33,5057.02
5697.62,2687.76,7173.75,1030.80,3271.55,1726.49
1747.86,5897.09,7257.33,1227.08,7149.66,4108.29
765.23,5849.57,3282.94,8962.98,6403.68,6905.92
7897.50,2523.20,4315.29,8090.41,9241.66,5034.17
4812.40,6543.59,1223.57,1277.49,4378.25,5258.71
3457.98,4611.02,3612.02,4504.11,629.29,6474.56
561.22,5263.11,4208.60,6032.55,193.88,4706.32
3584.41,8603.38,3945.91,8310.49,1214.84,285.33
3521.33,2051.81,3772.57,7543.30,7504.24,3832.93
519.87,7970.29,8645.38,3942.31,8136.51,5937.76
8410.38,9929.72,7548.40,558.11,8614.99,6255.54
6687.65,9829.30,2635.93,8480.91,5886.50,8929.67
2217.32,9099.18,3571.48,7736.29,5681.81,57.57
5659.02,4030.69,2331.91,5308.27,3815.91,8771.57
9782.57,9981.95,4935.73,5343.75,5837.87,3041.94
555.03,5454.05,9884.62,921.46,7688.10,9792.52
6825.28,95.25,452.65,8370.14,7671.72,5043.40
996.16,9773.32,4955.15,3517.92,4119.84,1158.67
401.92,4067.45,8441.78,8299.46,9351.17,7745.93
273.94,6525.70,868.02,1225.62,1961.86,8714.13
2910.69,9759.65,540.65,1465.10,488.50,300.91
8604.27,1880.46,9086.69,9937.95,9579.42,8050.99
350.41,9523.68,2287.01,2991.19,1703.03,3304.18
5181.44,8479.91,9290.13,3997.39,3886.53,2437.62
5051.10,4940.42,345.51,4134.00,2710.15,1852.04
2982.86,306.13,5001.56,8329.96,7829.64,5143.42
9179.35,1436.48,9953.72,6520.84,3054.96,7809.80
8112.52,1238.74,5232.15,1875.30,7956.45,3386.80
4500.83,6923.69,7710.55,1625.09,3715.19,6419.37
9757.06,5560.95,8391.69,8001.36,7378.28,5428.74
9934.00,1321.96,7846.47,9365.55,5972.93,4141.41
3440.22,1222.47,1194.61,4778.29,321.12,1021.72
2827.02,8520.38,2023.13,3524.37,1967.59,6046.07
4147.61,4058.26,6608.45,7179.85,3856.66,3925.11
9844.32,312.21,1890.37,7261.43,1420.26,2883.89
8540.53,5638.47,3985.42,5302.24,7424.41,3232.94
1396.34,8471.06,6195.82,194.94,2620.64,7106.86
5547.22,1926.40,20.41,9851.75,1799.39,3173.48
1734.42,5488.01,5910.18,930.32,9364.05,7249.74
8941.97,4582.30,3785.85,1839.03,8737.04,1547.64
5769.93,4037.35,7237.98,1127.52,7384.69,8481.11
7476.18,1388.57,4503.02,8408.06,1277.53,950.74
5266.99,2831.38,5773.02,5713.86,1664.01,6542.37
8182.57,7066.50,4803.04,7927.82,1068.87,7766.14
2643.49,4632.46,915.29,7257.99,257.55,3611.32
7260.63,5202.12,2816.78,8304.18,2110.51,5121.03
2510.16,561.88,4799.70,6489.16,2998.92,3749.98
3417.46,650.97,7572.10,7346.33,4110.39,3567.92
4233.04,5011.13,4947.78,7517.24,691.18,1391.44
8424.46,1369.84,7080.88,9507.21,2921.96,6758.35
1037.29,2684.16,8471.25,310.98,3711.40,1835.86
809.16,8223.21,7873.03,6010.87,5439.42,4360.57
3237.95,450.04,8044.58,9377.13,4242.70,7386.91
7352.60,3436.53,4760.05,9680.01,4839.79,4071.27
3666.22,8653.65,3686.92,776.65,5567.46,8628.49
5598.30,7782.39,7325.26,4629.81,7008.58,3231.33
3868.52,6631.05,4706.13,9949.25,3248.20,4900.36
4325.92,3308.84,9800.11,9308.32,7195.02,5692.37
3977.11,575.04,3570.00,529.11,7550.54,2178.46
7505.11,887.56,6867.53,294.73,1601.39,9767.78
5297.40,9400.42,7472.39,7238.99,822.99,3451.57
7608.16,6303.45,7447.11,9128.11,3923.27,1938.57
2282.92,9315.04,605.70,870.60,3618.81,9005.41
3617.64,8306.54,9492.42,5563.98,3767.75,2597.37
3636.95,9427.97,8157.76,951.56,9933.86,2622.02
6918.10,7562.69,749.52,8155.29,3728.64,5022.25
6177.85,7734.47,452.19,4712.27,9910.06,774.52
3796.87,2921.72,8674.16,5466.60,5346.12,8755.43
776.14,976.82,8591.21,1985.12,649.09,9271.87
1506.60,5516.62,8055.10,2672.86,7858.23,4035.76
2721.06,6101.34,5399.09,7678.15,2514.84,9746.99
1099.93,8217.74,2140.17,7937.30,1437.45,7020.89
5942.69,6818.74,5639.65,5307.30,8093.56,4078.71
5109.15,9735.06,5660.86,5449.04,2100.84,7810.73
7651.28,4148.61,5811.96,8666.90,5909.49,6325.57
8395.03,4400.77,8787.47,5676.66,4115.70,8127.45
6877.97,5363.66,5647.28,2901.34,4706.01,9155.35
608.82,568.60,632.91,5257.20,4917.27,2295.25
5710.25,3439.26,5308.72,9022.71,5692.92,3874.74
7106.16,1752.31,3898.61,9034.12,9623.34,2408.69
9205.63,6833.93,7563.94,1567.54,8593.77,6602.68
4425.92,2459.54,9437.58,2810.38,6538.33,9120.69
7766.10,1459.18,4014.31,5390.31,6517.82,2891.54
3190.49,646.42,4537.69,8134.45,8233.00,3947.80
9004.16,4918.61,3329.74,4007.49,8728.02,1434.25
1839.56,3543.20,8584.04,9209.90,1173.41,6658.29
4978.96,8958.54,6728.10,1915.41,8583.56,7846.57
277.00,6006.14,5126.73,3419.56,9117.94,2079.85
2425.56,3005.35,7718.14,6348.84,1943.98,7971.35
5610.08,6293.21,3387.75,1400.55,117.72,2306.79
6342.49,8331.25,4612.35,1550.31,531.86,7446.45
3224.44,1325.72,4587.37,5272.35,7484.83,3837.08
7304.86,7458.80,2858.47,4600.30,7698.74,9904.22
8816.89,5864.93,939.94,8818.85,1159.13,7682.84
7896.16,9624.45,4238.24,1336.90,4081.22,1929.25
2108.13,6088.93,3501.90,1875.01,6324.90,9440.76
2798.74,8270.78,4083.02,5515.55,6539.18,8169.11
924.09,9221.73,9487.82,7646.22,5026.78,3113.93
4032.48,9694.44,3608.60,7489.40,2507.78,7846.77
727.41,9931.99,1840.38,1598.79,4026.26,7626.35
7698.68,9753.29,1559.80,1158.45,6736.83,2243.31
2425.50,5407.73,6979.11,9781.16,5608.52,5291.87
6809.58,9127.79,7026.49,6392.13,4245.92,2503.43
6300.08,2886.63,6845.18,4503.96,6373.79,1568.98
8338.34,7685.17,1406.44,2662.72,5671.08,452.68
3527.70,3689.67,3091.75,4924.84,2653.23,2440.66
9036.32,4444.72,8337.90,579.69,672.27,8681.58
1354.85,7151.49,3377.80,1894.32,2660.03,8625.39
438.72,3211.80,3973.75,4309.48,4968.45,335.47
2865.22,4663.14,8315.99,6895.59,9203.95,6429.12
9311.33,9823.60,9120.55,5746.60,9001.47,6720.43
2883.23,9992.95,9478.42,642.78,8741.47,6652.20
1260.10,6894.81,1452.58,1393.06,1368.42,8484.03
3163.93,7606.33,4035.95,2468.09,3030.61,6202.64
9897.16,2537.22,3935.90,1274.25,7422.18,1873.93
6886.23,5571.95,536.11,4496.52,7519.72,824.53
9089.18,465.15,2903.11,8235.17,4780.57,3305.07
8105.74,1577.81,8217.94,3298.36,1482.57,5843.17
1498.83,3438.92,9069.54,1238.74,1986.73,9261.65
7551.98,5624.64,1886.72,4209.92,8273.42,6086.90
3944.81,7929.10,6434.35,9300.11,2548.98,7420.04
6259.49,4908.40,112.33,2388.30,8867.62,8181.28
8764.20,4021.58,909.83,4559.10,422.37,7455.79
9354.78,1201.55,3434.02,552.17,5493.89,2280.42
53.80,5633.60,4172.23,480.75,620.32,9083.04
2913.85,2890.77,6275.60,9266.28,9570.55,2305.78
6668.21,6239.00,570.58,7178.03,3123.80,1296.43
8407.58,4124.96,3696.86,9819.57,4366.06,3023.50
6761.85,7135.50,3816.87,7743.02,8525.95,2322.06
3446.59,3083.14,5821.77,7861.11,1497.96,9026.05
2337.72,3114.55,1962.61,965.93,1478.07,3514.25
5662.15,9760.86,8538.17,5254.92,3869.70,9609.67
3519.45,8722.33,6471.88,3348.14,1650.67,3570.60
9709.04,602.53,7346.20,2691.76,1440.04,442.71
5844.82,7029.94,3730.54,4713.98,6062.87,7874.45
7094.75,5573.97,9968.15,5595.33,1515.07,2032.96
6702.56,9498.35,6298.30,829.22,4721.71,2548.46
1111.13,5747.59,7929.79,3327.31,7057.51,9855.68
9091.70,8872.90,9035.53,5174.09,9672.07,8234.08
5100.83,8149.86,396.69,9298.18,6885.87,1439.87
2665.86,3688.36,1601.44,9582.90,5547.14,7462.24
8662.26,4652.67,2882.62,4554.73,6274.08,2721.18
3115.48,731.78,6729.68,2063.50,1182.79,2394.49
7185.34,4816.19,3599.08,9037.65,8869.52,2369.89
4979.26,5107.95,146.48,9482.26,123.38,8637.79
9532.92,5158.77,1918.17,130.22,863.98,5015.61
4005.81,3740.63,5464.89,9501.10,4893.46,5604.76
3778.80,5986.10,6419.56,583.86,7173.92,719.54
8091.85,3011.90,8202.92,8055.26,5048.88,1301.35
1481.45,5654.41,6483.55,522.34,4300.19,9316.59
7263.81,1944.74,340.32,5321.50,1076.94,4949.04
4012.25,248.93,2231.86,7460.11,181.88,6643.92
4806.99,2336.72,9782.69,5285.09,1826.83,4044.27
3802.29,7449.63,5871.18,6802.07,7659.50,8994.60
4890.42,4309.22,4020.37,6121.02,2478.27,2559.19
610.88,7355.40,2252.69,7407.58,2167.34,5486.21
9859.64,357.75,2480.57,5436.53,1822.05,9825.57
8531.83,3742.09,5043.18,4228.43,7048.78,1570.94
1338.97,180.64,7733.26,336.80,9104.97,8056.60
9941.89,6681.04,3676.08,3390.23,6088.80,4267.90
5510.35,5103.08,1984.92,9303.40,7301.42,8513.37
2040.54,4561.91,1827.70,1152.64,5473.17,5153.70
5161.73,4331.19,2084.10,732.66,298.26,5358.32
8483.01,1612.70,7808.32,9983.26,8551.22,183.70
4752.54,7864.35,2301.86,3684.71,8154.98,3012.16
7101.52,6712.07,4762.21,4094.40,8358.55,3787.92
7512.97,8122.03,5081.00,8339.72,8127.66,6587.95
7891.59,6064.76,2348.91,6352.27,5110.80,5444.44
5701.75,2069.49,7263.60,2542.88,1946.37,3318.49
4713.57,2236.56,1258.23,2727.18,3788.89,5368.58
3972.60,1403.14,6251.31,204.10,9466.31,3166.25
7222.73,9540.37,2688.63,2813.60,1509.30,1519.86
9859.97,8330.79,9991.28,3426.49,7185.96,7614.48
3641.18,3873.77,349.39,8557.19,176.99,9241.86
5796.87,3950.41,6043.29,7654.91,8724.77,9671.42
6730.68,4909.83,9541.18,2703.48,5969.72,5623.40
9579.76,9337.96,8761.74,8483.93,8426.56,1668.00
9648.23,4874.58,6899.18,3043.66,5867.15,4553.72
8740.88,1267.96,4862.41,6999.37,5200.52,4754.96
3409.52,2836.40,8711.25,232.63,185.16,3634.46
8227.07,574.40,3978.14,2367.59,5866.89,8099.01
756.05,6696.96,1151.08,9040.78,5464.17,7297.78
8488.01,9277.84,4084.63,9869.16,9654.78,7701.92
4305.72,7123.55,9205.44,7640.68,6246.06,191.22
9256.25,1071.44,9253.59,9116.98,9468.54,9351.54
1264.13,6404.82,8310.97,3791.85,7411.93,1592.65
7694.25,260.17,2425.98,1287.02,5777.23,4826.93
5846.21,9148.99,9756.74,8179.78,8776.37,8084.58
5000.10,6247.24,7223.22,1968.15,9909.38,8946.34
138.95,5168.29,1989.70,4588.22,6757.27,231.92
9993.80,1808.13,9549.78,2846.22,8429.06,6581.67
5535.96,9493.54,8909.68,5828.77,9034.06,7450.20
3643.10,1105.11,1397.38,7990.37,2836.98,3578.97
1557.99,6406.67,7097.97,3904.77,9345.10,6033.45
2655.78,2923.87,9950.03,4032.33,2979.38,712.76
7915.37,6778.83,9028.46,3112.16,3169.48,3336.36
8829.59,2487.35,8543.17,4164.46,1629.08,9706.35
5515.80,521.68,3296.35,3453.87,4135.04,9099.62
7951.35,4233.79,3145.27,7952.24,5895.73,2313.86
1353.35,4089.18,7003.07,3559.08,983.98,9476.14
2095.80,4499.71,9228.89,6399.45,999.36,8406.24
8154.23,2265.20,3322.86,9715.74,504.17,3344.57
4647.34,8072.08,9805.55,718.74,9347.80,1073.15
9804.63,1249.77,3679.52,983.00,8250.40,3116.20
5511.50,7257.67,8773.84,4627.85,9380.14,4232.60
8694.00,6596.18,1430.43,2231.72,2508.78,6448.54
5226.48,3107.12,9659.18,6579.99,9404.13,6188.94
6850.62,6632.80,341.94,4472.64,9466.45,6203.46
6832.58,3771.69,7499.57,4613.32,163.05,9290.84
6114.61,6002.08,7895.35,6835.18,6347.76,1637.16
7400.75,4019.16,7315.30,4627.45,1673.78,3733.52
1337.11,6915.42,6754.02,5633.19,1080.37,5368.12
9764.51,7108.17,9165.49,3511.08,3223.78,9501.29
2706.27,6666.22,1481.33,95.67,1233.14,6655.12
719.85,4679.27,7408.62,7796.28,8105.60,6599.74
4863.64,4848.84,4411.64,3888.43,2921.82,3277.39
7028.66,8597.15,112.77,4711.87,2336.70,7601.10
5104.21,3737.25,4795.57,7463.30,726.17,6267.65
1919.38,6254.42,9385.31,2938.51,3073.23,5146.39
7522.06,7078.60,7239.76,1788.60,9851.56,1695.70
5974.67,7361.05,4275.95,4798.74,2516.59,1214.67
711.52,4740.15,5125.52,9464.24,8037.58,7859.72
5770.37,1379.93,7323.17,7362.95,4350.81,6787.11
1681.33,7342.63,916.39,4373.41,9673.17,9656.48
5164.68,119.52,6788.82,8700.38,9705.05,1944.53
2095.71,5121.39,5045.32,7257.47,5155.66,858.79
1811.34,5513.09,6838.77,8243.34,9774.65,169.95
4360.22,5895.79,4790.87,4479.93,4909.26,2665.79
9460.44,4733.96,6189.33,8127.77,8205.02,9032.00
5437.00,7836.12,9627.41,3250.84,5799.66,4313.61
7060.75,1636.75,7296.96,7014.03,8585.48,4929.21
1192.77,1807.65,9387.37,456.20,1564.07,1253.54
7435.28,6166.02,9205.40,4476.86,8349.28,847.65
2321.65,552.42,7646.42,3021.16,4051.00,5105.82
7818.12,3764.88,1712.13,3726.85,995.14,1345.67
7236.15,966.30,8606.59,5106.94,6917.81,6257.97
6084.38,4558.55,7837.92,620.03,742.98,5071.30
6619.87,5513.83,5410.53,5838.33,5842.89,2373.14
9333.66,4358.49,8115.16,4598.05,2846.79,2509.29
6444.98,6428.87,1678.22,5144.68,2849.60,8260.58
8879.22,6026.75,3955.60,5005.57,6637.39,2774.70
6056.19,9798.03,9195.10,1516.16,2916.32,8512.84
199.19,1521.86,9742.59,4153.80,7523.75,4477.09
6465.24,374.03,5307.09,1859.26,4168.24,1997.18
7217.67,2377.72,2720.93,8158.41,9100.25,1489.13
7300.15,2761.13,7027.51,6920.06,8775.96,178.10
4591.03,4415.54,7516.68,5241.40,3755.43,3730.03
3550.48,5041.91,2170.09,2162.25,6210.63,3104.89
7681.80,3933.79,18.69,2505.48,1813.22,4493.18
2440.98,2880.31,3917.34,484.69,82.25,8420.64
8943.06,1522.80,7919.93,9379.90,5750.51,2749.80
3449.88,7530.63,4900.23,8254.84,9771.29,260.81
205.50,8479.07,8083.42,9002.12,2289.09,3045.57
2503.77,5123.78,945.60,1152.87,3966.25,9837.70
63.68,808.33,8912.06,48.44,7430.67,2222.84
7045.16,5969.14,5235.46,4809.09,9670.14,9606.00
3356.73,7932.98,199.87,5300.81,9477.02,5186.45
1567.75,6361.08,168.24,6942.34,9618.58,2451.56
2768.68,9866.95,6978.28,576.24,1310.40,1185.34
6649.48,3700.38,7182.09,6783.76,5207.93,9558.27
8685.68,2109.09,6558.96,4881.98,7167.89,3413.00
7702.36,5980.41,5388.06,6872.24,9191.25,1753.08
9398.74,448.85,1447.84,8617.45,2805.30,9527.71
3485.26,4887.35,1773.78,8326.21,7911.57,7678.95
8959.63,4617.13,2588.87,6687.15,434.39,8402.87
9522.84,9595.32,4397.05,4693.39,4348.41,256.55
796.32,181.30,2195.14,450.66,6287.74,7783.96
4968.79,3742.76,1321.15,4775.76,1914.47,8685.82
1499.37,4881.68,431.08,3463.56,5236.35,9265.54
9430.41,8987.71,2505.49,2710.41,1609.22,3264.63
4728.31,4602.25,8693.69,2300.76,5657.85,5192.34
5431.94,5064.43,7919.49,6354.27,3174.21,5706.56
1914.00,838.06,5398.76,3336.65,6397.47,8319.69
2205.50,3864.40,2786.33,5158.11,1794.05,5947.47
4344.33,6803.36,2096.78,7739.13,2352.46,4278.21
129.06,2948.92,9560.46,246.28,428.35,8147.27
4564.11,5963.99,9566.59,133.11,4858.25,8937.73
3755.08,5844.67,4522.05,4867.64,9988.72,4435.61
4400.17,4757.97,7659.68,3131.68,1150.15,6849.37
2267.17,8543.95,7685.85,1928.77,6591.17,9208.93
9126.61,7973.62,8353.52,7908.93,2189.35,6639.02
2400.58,541.52,4369.72,5069.80,7492.63,1818.28
5669.10,2596.42,6542.24,4867.49,6172.36,7204.40
9249.96,8943.55,4311.09,8029.87,4005.77,2678.18
6841.39,186.75,907.74,2481.53,5381.30,513.73
3698.73,9454.39,2032.33,4102.80,111.14,4265.40
3187.60,3666.98,8592.76,2684.11,4791.92,3437.62
6823.86,7551.72,3601.86,8550.49,2531.73,3696.08
3046.90,8723.85,1512.70,8089.51,535.52,6159.38
7278.86,3925.66,221.50,1536.65,7422.30,6554.56
2408.20,122.01,5097.55,2052.60,7889.19,2958.95
2451.13,737.12,5833.72,8465.54,8851.11,5191.82
1240.26,1653.00,5483.55,6272.53,4826.00,8573.02
1906.60,2717.47,421.73,9451.10,1384.25,2528.67
2249.99,9282.82,3122.17,203.00,7553.32,6631.10
1791.25,467.97,3965.94,7580.18,4145.03,5730.65
1040.88,5326.03,9271.14,9660.54,4756.82,2597.49
9704.02,5894.17,1070.08,332.73,4601.10,7905.58
3345.32,9549.10,803.22,4724.67,6600.60,5467.03
46.38,655.16,7490.15,4430.15,2313.22,4883.40
6667.23,4460.76,4316.40,1311.21,4465.08,6856.28
5844.82,7126.67,8021.09,3519.12,8999.45,5021.83
3682.09,7593.70,8868.51,7193.23,6677.20,7605.71
236.42,3304.38,177.25,1210.50,4973.14,7289.07
3903.31,9623.22,2094.78,558.97,6455.02,8314.56
1128.64,8294.30,3031.08,6926.19,3095.80,8159.08
1363.81,743.27,7071.95,3301.93,4854.95,956.11
3026.99,7013.67,8759.90,2897.82,3444.02,748.72
3348.12,4651.73,1294.96,9342.96,8170.72,4751.50
1057.56,4073.82,1688.47,3571.60,1959.00,5607.19
6626.35,162.42,1493.48,2459.38,2829.86,5636.54
2254.00,386.09,5192.22,790.98,655.98,4149.24
2677.15,8454.40,6122.67,5104.91,6942.07,8924.62
9027.02,1983.25,1451.87,302.33,917.47,4726.13
8222.02,1604.82,9136.79,3754.48,155.70,518.37
3294.72,5004.83,2440.81,4655.26,8008.61,932.57
9603.90,7618.35,2497.21,6578.85,2335.53,4602.99
4808.32,8662.16,3680.80,8530.75,4951.21,6205.67
5021.78,5084.30,4765.88,2308.11,9600.16,6136.72
6417.92,4007.07,7298.98,8030.36,4836.00,3571.26
1168.69,8596.01,8124.72,7548.08,9655.47,5065.98
5379.45,5240.19,8122.91,466.60,8828.60,8870.36
6372.43,8097.32,2146.22,2664.17,3181.52,253.42
3281.69,9393.83,5749.30,5977.37,6100.23,6484.80
6619.48,425.81,9668.55,753.87,6103.45,266.67
5900.65,4150.95,5866.52,7311.16,4970.31,2851.65
2391.99,8615.48,2929.73,9165.07,821.72,5841.99
6657.75,2808.63,5966.79,9294.52,7270.98,759.21
6288.48,7565.80,8815.85,4011.22,8795.75,681.43
3213.81,2253.17,5026.85,6610.24,1696.00,257.83
5540.77,8170.60,1113.69,6986.97,3743.73,8102.32
5014.31,1868.74,9117.64,3474.60,61.30,1058.06
3349.16,4329.59,1286.76,7552.92,9649.24,9912.08
7683.61,353.78,9002.32,3281.43,7168.39,7968.43
8963.98,2164.70,5899.36,2433.69,1288.73,6159.19
8875.90,436.68,2681.75,3209.82,9133.05,5894.35
6017.83,5438.85,4932.13,3287.61,9587.40,1317.60
6526.62,4164.04,5295.58,2375.19,8731.02,7609.40
6033.70,4506.74,3271.82,7526.45,407.01,690.20
5391.20,2327.43,1812.37,4196.99,475.61,581.04
9461.54,4955.78,6622.07,7916.36,8678.27,8124.87
7243.42,2715.93,7141.60,2774.77,551.06,2696.85
4382.21,4436.46,7696.13,6492.60,5249.57,8344.31
2886.03,1709.46,7567.40,6711.60,4745.07,6724.95
7599.76,5687.12,1901.84,775.08,4110.75,915.83
5756.37,1067.81,2571.90,9033.75,5686.32,7238.44
9127.74,8636.90,8041.06,2407.93,8428.63,274.15
7730.55,4568.39,1028.11,8253.10,3878.76,2863.45
50.55,7979.67,2189.85,4583.60,9523.61,2057.45
2347.68,7981.08,5339.65,3708.01,9532.43,1367.10
9540.18,4180.11,1112.96,1346.84,2822.42,8526.40
8239.68,1840.34,2172.59,1315.14,5800.04,6347.20
501.69,4909.04,1586.71,4013.26,9400.98,1528.68
5151.30,8040.41,7862.21,2437.03,822.16,4271.37
3145.30,7183.68,2063.99,8777.27,9333.24,9601.91
3990.47,2011.19,6050.72,1282.04,4297.64,8354.31
6536.42,9566.50,2335.60,3343.72,6397.61,1479.90
197.47,387.46,1584.64,9592.54,7541.71,2708.53
8875.08,4049.74,9202.35,6963.19,6541.20,6809.73
3981.01,610.74,5145.71,1391.38,3220.82,6637.03
6333.34,4273.23,9814.19,6615.25,1427.39,8384.48
2612.44,2084.65,7171.52,2144.72,3957.62,950.93
6574.31,8060.63,8116.95,349.12,7992.48,2761.08
306.19,6893.97,3564.65,3422.91,7615.21,31.39
1739.17,5360.46,625.62,5560.88,8892.81,5309.60
3475.90,7123.68,867.22,7807.19,8154.92,9592.71
6411.47,7958.68,9927.74,4053.00,602.05,1355.17
4489.56,6914.02,5636.25,7015.62,5110.91,1246.43
292.21,7745.88,5111.92,4541.97,2270.32,2902.06
9801.81,9069.92,8438.91,5151.58,5236.59,3656.18
2033.46,6399.02,5469.58,9763.21,8120.41,3243.25
6027.06,8770.67,5617.13,7076.25,3535.17,9192.14
7817.79,4400.73,6457.89,9154.43,8701.25,3416.19
6843.31,4181.54,5153.02,9457.60,2471.99,4075.59
6510.13,7586.98,6350.43,9256.00,9812.86,564.25
4288.12,6548.79,830.93,1383.21,9329.89,6427.35
4063.23,8756.48,6848.62,3927.48,641.50,9555.71
6890.13,1384.33,6721.16,1550.81,577.21,3332.82
7961.20,5648.24,4297.25,6144.26,8481.31,1269.03
6481.09,7790.94,7500.68,7011.03,6195.38,6928.09
766.17,1429.35,269.58,471.03,888.67,8979.99
2218.10,9484.13,601.26,2470.89,8181.98,2175.46
6888.75,9541.44,480.18,1180.41,8687.28,3305.79
6337.59,4385.46,7969.32,1832.33,2230.10,5250.99
1201.72,5344.51,5803.93,8720.73,2691.39,3311.76
2416.11,8907.51,1156.76,418.96,4836.57,8043.15
8351.40,6482.64,7723.30,1082.19,1048.38,3048.81
3132.99,4352.04,1306.14,3379.06,9237.23,9812.54
4843.37,1255.05,3933.88,4956.69,1996.90,4142.46
5210.84,4870.57,8226.69,8336.93,1308.87,1708.59
1142.45,7978.19,9255.25,1900.94,2758.18,4524.92
9488.55,6307.70,8867.95,2613.77,8801.41,696.02
1532.13,833.00,3823.90,6071.41,8539.78,9320.20
3149.59,7147.76,7593.14,9259.19,7569.90,1234.67
2047.02,1217.11,3260.08,2974.30,4080.91,9996.31
6671.60,5093.92,1455.09,5636.66,4014.01,5250.21
2705.55,2323.10,8839.97,5383.72,5418.34,3664.15
8367.91,6147.43,3071.04,6435.38,8439.64,7256.27
1539.40,4852.97,5237.34,8928.63,6674.98,5446.12
3520.88,3988.42,954.07,6172.57,7419.81,192.32
9495.27,1519.25,7298.54,5664.55,3522.27,4995.60
3222.20,7516.18,1003.54,4505.85,5889.04,3310.09
1657.54,5814.92,4740.76,5497.88,8272.91,1294.06
6925.05,9631.15,19.14,7515.53,3180.43,5817.00
4910.46,7981.96,4654.71,4272.76,9793.01,1495.67
4678.85,9496.20,9871.49,2384.75,8863.40,6801.51
1540.35,7543.49,9709.44,6354.11,8490.53,8360.37
1653.98,1406.57,6773.97,6379.80,5326.94,6242.50
4194.08,4190.77,2461.75,5115.12,2424.97,8443.60
5883.91,5761.51,1653.33,5779.95,8413.51,5684.16
5253.29,1165.64,8170.02,2160.96,9816.18,7742.57
1007.26,3570.54,1053.67,256.74,7024.97,365.83
7512.94,4767.09,1684.40,5046.60,8865.68,4318.94
9337.54,247.28,3061.95,4362.04,2696.81,9081.59
5725.16,6752.56,8962.59,5456.76,1909.05,6667.61
4812.26,855.27,9757.41,5080.08,3104.67,3987.60
1784.15,6561.34,4409.91,1453.40,8927.89,6293.03
1625.40,5676.14,4106.46,7765.01,9388.81,7863.09
1453.41,4789.73,9399.72,9847.44,5100.87,9186.24
3084.71,8979.98,4567.75,5823.36,2142.50,8560.48
9218.47,7104.67,1658.09,6870.36,2288.97,2850.32
6343.12,7861.91,1001.60,1515.15,1382.45,2284.36
1644.75,4977.25,1312.60,2608.63,6496.10,3020.14
8172.22,5242.95,9216.83,7271.87,4361.50,9515.86
2731.95,6587.49,8203.39,9813.19,503.86,96.39
5664.13,264.35,7762.80,6929.10,3653.23,1843.56
2483.51,7447.13,8060.97,9531.68,9496.95,3575.80
4024.41,2934.48,3151.27,5239.18,6573.48,7968.79
4321.67,4675.20,3135.71,6178.79,9986.35,5360.36
3918.87,597.47,5217.93,408.17,4143.28,8073.34
7433.98,2846.95,1062.44,2379.16,6685.96,9699.94
8705.58,2630.86,9399.52,417.11,9070.27,534.72
213.05,5185.39,1223.54,1516.47,5117.53,9188.26
5656.37,1260.53,7101.30,3654.33,9912.69,9695.68
9697.91,4229.16,8181.67,9531.26,7812.33,4151.46
593.04,8326.12,465.62,2467.40,7124.12,8285.67
4777.19,2093.55,546.70,2735.77,1401.06,7159.03
8715.85,1897.36,7624.53,3658.24,6892.66,6790.98
1785.75,1615.59,7038.53,3832.18,1685.66,3521.64
6659.04,5812.74,1451.03,3145.77,763.04,7404.34
8498.61,2444.49,8973.07,5733.12,9270.06,6267.20
1230.95,8962.52,9782.14,1086.66,1844.09,5886.98
6189.78,9315.38,3234.51,7258.50,6077.84,3135.96
2842.35,8593.48,397.28,9783.72,7688.81,1446.92
1024.73,6892.12,6370.58,1815.08,358.80,9619.57
4606.15,7185.17,5201.64,9603.48,1210.45,6037.00
2796.50,2420.58,5202.90,7485.08,8825.05,2128.73
2408.32,999.63,3987.53,578.62,5917.04,4739.31
9887.21,8300.21,59.16,3684.76,3724.62,8771.21
9179.62,2412.52,9048.31,2891.40,2848.76,7723.50
7996.08,9360.90,4751.85,5958.17,8638.94,108.47
9561.39,1303.49,9820.30,3049.48,419.01,4188.21
6962.49,5579.97,7047.23,3858.72,7537.86,7753.85
4423.51,2873.01,4445.99,4309.59,7909.07,4860.13
4512.95,5061.04,6287.36,2578.68,451.13,9176.55
5128.45,6923.34,9291.23,5387.41,4711.64,1289.40
4500.90,9332.28,2687.48,9156.82,7602.26,1621.00
6013.47,3164.68,7211.02,4176.95,8494.99,8434.07
2979.19,6933.72,5073.03,1847.74,6906.21,4062.59
6410.71,5147.21,9038.00,7966.08,4174.96,546.11
6405.82,9406.69,7501.40,850.66,1414.82,9106.30
8631.05,4474.44,7836.93,6973.86,3729.19,1821.26
3111.63,9843.97,9790.51,8734.82,4735.06,2744.27
607.19,1192.50,3245.37,3284.38,3785.35,4654.30
6632.16,8250.00,1070.12,8045.06,7839.61,255.49
6745.02,8718.98,3477.66,3043.26,5010.15,9889.15
8332.17,2966.85,2660.82,3495.50,675.20,3111.34
4876.11,3242.60,3331.50,6465.09,2834.75,7219.06
8651.08,5093.57,2188.42,7849.40,146.46,6102.26
8382.23,6744.42,3892.38,7294.34,4800.97,8422.09
5399.37,4475.98,8219.91,4853.90,1560.05,8615.26
2866.46,779.60,7123.33,6221.73,9473.17,9899.97
6552.22,9970.18,7970.69,463.81,6118.73,480.52
479.50,8238.06,516.91,9681.63,4008.17,8054.49
6220.21,6115.13,8313.46,5298.41,1260.25,2177.80
1037.33,746.42,5963.58,4468.14,4943.11,2649.38
4393.46,6514.64,4539.31,9987.68,3484.84,4125.19
9404.06,7987.21,7736.26,683.92,4851.37,8806.12
4205.83,5311.40,9856.69,1118.99,3621.92,9293.85
4561.99,8330.29,6992.75,9.39,9753.04,1160.46
6547.86,6942.02,3574.07,6340.55,2677.91,4147.55
4012.00,1236.18,6163.83,4510.99,3831.81,8654.28
2600.26,539.00,9582.60,578.90,5712.80,1772.24
3077.77,1741.48,1360.87,4243.84,1724.98,9873.44
3621.22,2354.06,7213.04,9049.96,1571.23,1783.47
2172.14,6246.51,6155.16,7446.02,5960.50,1369.97
1554.50,2341.79,6817.67,85.17,5416.77,1346.14
3555.23,1795.78,921.61,9160.37,7293.44,970.10
4388.31,8574.16,7316.32,8928.23,4800.34,6028.24
8553.51,2719.83,9468.22,2841.15,1013.45,3492.38
9290.09,7337.43,9351.40,7579.39,5967.77,3515.71
4991.58,1401.05,7655.20,6370.70,1153.62,8489.54
3212.78,4211.73,5211.56,6141.60,563.46,9599.57
6488.87,6349.39,6475.30,287.28,8084.68,1011.83
9320.95,5005.37,795.20,3083.10,2719.67,1335.94
9622.54,5225.39,3158.70,1975.11,6042.65,2149.34
8272.62,8524.32,1503.40,9754.95,7412.74,5981.79
6674.97,2470.79,8768.50,3897.24,5327.37,7346.93
3461.59,7072.94,3277.46,2207.51,6297.55,8688.59
5424.25,9143.02,271.35,1273.51,7425.50,8515.04
2780.95,4584.92,1422.58,8235.90,5357.07,6365.00
9052.21,1886.37,9962.16,3266.47,9275.39,3525.21
8091.82,8050.99,6064.37,6478.18,1161.50,9478.33
4359.72,3304.11,8129.86,2020.88,8437.71,8288.13
6526.10,8904.11,2454.39,3632.92,7438.41,8892.24
8127.48,3629.11,9584.14,8271.08,2516.49,5782.89
9924.59,8822.97,1942.85,7914.95,6.22,3637.64
3398.49,9964.64,4274.37,9857.29,7318.21,7701.25
3892.00,6191.60,5009.93,7883.75,3742.26,4079.43
825.12,1468.22,5736.76,7166.42,9.72,501.44
4662.08,5033.15,8629.04,6385.25,7605.91,4305.11
9287.06,1039.46,6720.70,7914.34,9184.19,5109.28
7608.50,1802.53,2488.61,4897.93,1032.94,4504.22
9255.62,6657.15,2513.29,2309.36,6415.58,5473.96
8554.95,8625.85,7516.49,8851.74,7741.13,3380.81
1511.50,4146.74,9493.08,1490.04,6580.65,9864.86
4564.12,6166.52,2511.73,3181.57,5827.60,4339.01
3048.30,4044.54,9066.93,6412.76,7530.22,8115.62
8463.22,5360.34,3143.44,4832.07,5915.41,8597.72
55.14,6149.57,2183.55,8702.34,4742.45,7276.32
2706.50,7308.88,7477.95,8495.01,4612.25,3927.29
1096.62,6696.47,1856.61,4662.24,3526.82,134.93
5727.72,571.12,2324.35,8133.61,9415.90,1925.04
9112.21,6404.92,4926.77,6493.45,2716.42,4575.06
2516.96,2512.81,7528.97,388.22,6265.95,8972.90
4501.44,320.86,9685.00,3862.42,6078.95,3986.93
8799.58,7296.57,1019.15,7400.22,6852.91,2102.62
3597.63,7687.00,3082.28,819.85,2558.90,1065.01
1023.68,9331.65,1456.30,1579.35,7335.51,7592.55
8713.75,1199.32,2292.51,4701.60,7845.69,4251.49
6119.53,6240.72,9167.95,3067.31,1307.30,2687.74
6676.67,5612.80,1635.44,6157.73,7680.13,5518.41
704.47,720.35,2564.97,9904.38,2031.03,9083.69
2585.81,3562.64,7899.74,8224.38,5769.74,8500.79
3520.66,5536.41,9141.43,1206.36,2784.57,4301.80
1263.17,7814.92,1869.95,1720.94,8044.37,1522.69
2518.63,3109.32,2330.67,4042.80,4720.26,6401.96
5715.10,4468.92,1899.12,9175.78,2332.61,95.08
3314.63,6290.99,4755.39,5065.08,7388.67,6402.79
3223.03,4885.42,7356.64,5508.95,8621.26,2699.11
2246.64,7273.10,7734.26,5964.68,7560.82,4498.80
7158.30,3392.93,4893.09,1914.28,6771.95,1482.17
863.71,4303.65,2918.93,8448.74,6992.32,3631.08
3095.99,4179.05,9566.27,4865.50,5568.84,3122.11
774.27,6521.45,4972.17,58.23,1669.01,6551.98
6473.34,5940.98,4552.33,5479.58,2571.80,4147.29
9185.17,4567.53,8013.62,4171.65,5413.61,3699.52
25.72,8749.91,1346.01,7275.00,5851.82,6803.09
4880.70,4450.77,4261.12,3636.59,9885.36,7162.18
3642.60,3.22,2335.56,4994.14,7601.98,7426.32
3650.05,2521.55,8954.81,9767.39,7683.23,9032.73
6413.45,6582.65,5098.25,5648.01,1078.51,325.62
23.21,5787.82,334.36,2850.59,17.35,4551.96
4368.03,1971.13,4473.59,5919.25,3016.22,2672.19
5932.22,5562.72,3943.56,7650.42,2029.93,3055.04
3522.11,9043.39,506.93,3608.31,3501.47,2968.71
7727.52,283.96,4622.93,837.70,1110.48,4586.55
3921.72,6675.03,5726.43,1132.22,3211.28,1134.34
7394.41,3147.78,3387.69,3994.31,5851.04,1313.86
9689.55,3629.67,6347.90,9191.17,294.69,1061.81
5187.19,4951.25,1755.13,4586.71,9046.08,8390.61
9124.09,8625.85,9476.82,9126.89,4553.22,736.12
9125.64,226.64,5271.69,171.13,5608.51,4475.42
6206.80,8386.67,3184.92,782.90,9628.14,2835.03
2983.86,5739.16,9426.31,1105.52,5038.78,4987.99
404.32,7030.42,5736.55,9973.42,7250.15,8030.10
2592.50,7908.06,955.67,7003.69,8458.52,1323.82
9216.95,9625.46,3570.42,2537.49,7702.42,5778.92
6680.39,4169.09,6999.93,9630.41,6348.46,7156.32
2405.23,6555.20,8558.98,224.43,1507.50,5660.58
8484.77,3230.02,7091.69,1856.67,18.62,9929.47
8404.89,897.03,4204.25,9612.17,472.22,8192.84
4972.65,854.20,7501.61,6947.66,3082.73,3853.30
4761.31,317.29,5858.43,1713.93,4391.19,5807.95
3912.82,5854.90,480.77,5855.37,9852.35,7014.47
4621.01,1074.51,1761.32,5255.14,9189.00,930.18
1314.73,3904.30,1010.25,3148.15,593.25,3384.29
8657.69,9755.69,8050.87,6426.57,6933.22,5398.98
4695.23,2887.69,6933.83,9556.60,76.23,4175.32
5743.53,1754.61,610.52,4691.73,6330.11,4181.01
3382.02,1812.05,2382.20,3569.68,3708.34,8214.63
1737.85,6586.32,6870.90,4715.30,4432.78,9043.55
5363.12,2538.02,7272.99,5432.89,304.30,3686.13
8372.69,8795.27,8822.07,8324.02,4787.07,9506.25
6430.16,4453.83,297.31,8195.83,8322.70,1465.38
2599.96,9231.54,5290.14,620.43,8253.85,4521.73
5054.51,8792.40,8405.20,7626.32,6002.59,7151.39
6264.23,9640.07,9587.11,111.93,3002.24,5963.71
1848.74,519.20,5619.25,6900.48,8200.58,5899.78
1836.13,3100.49,730.90,6707.75,400.51,5810.81
8400.20,7113.68,8357.46,6528.64,8404.98,9342.36
7221.94,9107.33,1106.74,7169.87,1891.65,8115.68
7939.94,1931.50,654.82,340.65,5767.98,1979.70
9517.63,8974.83,7099.68,2862.42,4287.07,8125.42
3478.77,3519.39,6768.97,1323.55,5260.59,5511.99
7506.82,8107.30,442.04,8456.45,8995.95,3209.36
2733.97,9732.15,1870.88,3784.49,876.71,3605.71
7575.40,5671.68,7050.21,7566.00,2072.26,7697.71
1609.25,1069.52,5702.74,5639.51,6330.57,5623.05
1820.79,9919.17,7585.59,4291.43,1423.67,5237.07
4232.24,494.72,9845.24,6509.55,7995.65,5727.56
8871.12,5074.57,8772.35,8161.70,9452.32,2832.42
6089.46,5851.25,6728.34,7997.75,7682.90,5572.60
7395.19,1035.35,2833.37,1895.67,3042.11,5309.93
4542.63,4275.49,8300.92,5119.79,1320.97,7819.77
4283.43,5360.98,2170.70,2381.52,2429.26,1219.29
6388.43,4806.42,3083.40,4056.87,5602.97,1700.85
2329.78,496.40,3275.98,1008.96,8162.06,5384.42
3060.84,2896.46,6058.80,314.57,8358.45,4590.66
4061.44,5042.58,3066.53,1521.29,7037.93,8713.05
8116.17,1512.83,3945.60,5924.11,7118.45,5554.62
1454.92,2767.58,6294.93,841.59,2678.96,4419.45
2607.99,4584.96,5866.03,1853.02,6744.25,5844.33
8146.61,6007.45,713.50,2500.65,5016.46,2932.76
9748.67,7858.89,4630.11,2207.20,6996.17,1837.24
1365.58,9412.39,6669.56,7052.54,9133.47,2163.60
3962.43,3413.29,703.09,948.82,8150.40,2096.08
5414.66,5038.03,4544.46,6098.32,6960.44,702.02
5928.87,3818.79,2637.95,9385.50,4110.99,9934.84
2295.55,2131.72,7363.12,845.08,7101.63,2391.36
6616.71,8531.64,9300.06,7615.49,2157.10,1900.45
5627.25,326.48,7090.08,8288.85,6510.68,5160.45
1437.70,5919.84,9213.79,5799.18,6025.81,2114.53
2685.73,8804.43,5727.69,7395.62,4308.02,7540.97
2182.28,904.20,5211.43,5647.18,2263.88,8564.91
8920.93,5901.34,5152.40,4572.26,9496.95,5622.41
7716.50,8526.02,248.09,2680.18,4267.35,3214.03
3338.52,3665.85,2152.74,4357.42,3591.37,671.00
7779.06,9388.68,7810.81,4370.92,6020.25,7285.83
7799.02,1302.70,7570.01,2577.98,8543.63,6286.19
2184.20,8876.25,9665.15,3277.11,5096.91,7693.10
5195.00,1342.01,9169.43,337.04,1512.05,3142.92
8302.55,6300.64,1245.16,983.27,4024.94,8767.54
3882.34,8665.47,1415.91,590.09,9328.94,142.55
2121.24,8079.21,1422.87,1142.79,2238.69,553.98
1107.69,1596.03,4669.87,5904.59,9436.42,1968.22
7665.55,7061.44,7500.47,8326.49,9867.64,1360.35
8001.15,3335.87,5189.37,3616.41,8354.03,8175.50
9570.75,3430.63,7502.57,6337.92,6129.84,1848.69
3895.53,9457.93,4741.53,1053.57,6405.12,904.77
35.66,7077.00,6923.04,7532.44,5777.07,3482.34
6005.69,5100.60,2143.45,2781.60,4525.74,2813.06
174.36,6223.84,7001.09,1959.51,2806.23,4584.16
121.86,4195.78,9281.26,1245.30,4827.91,2918.01
8373.10,9672.63,119.21,5304.51,3747.10,5731.01
7451.99,8823.71,329.07,1945.38,3398.02,7343.16
1136.44,7118.52,8712.24,1622.25,2006.39,5589.62
23.28,2059.18,9444.49,3297.76,134.30,2331.30
7616.58,2650.04,1523.36,4103.36,8336.00,6454.45
615.63,9354.69,6539.96,5938.53,2481.15,2420.23
1716.78,9198.86,1741.93,8519.19,7063.93,2535.61
6603.20,7987.22,9301.02,9701.12,809.86,3147.39
4494.90,4165.22,4809.76,5167.17,7246.96,8443.76
9152.51,5845.01,8166.48,4352.97,9774.93,9030.89
5672.88,2635.30,3571.49,4691.40,3056.66,9361.69
4594.57,6626.56,7757.73,7255.13,6914.74,8221.85
1114.63,5703.43,2639.72,874.72,509.84,2818.83
6685.93,7781.28,2182.02,7754.15,2655.80,2013.34
6491.98,7966.27,3314.11,1108.18,664.79,5532.54
7789.91,9547.99,8798.72,9765.25,2746.57,6187.13
1187.10,707.67,413.37,9046.48,499.91,734.52
4815.54,6833.21,1901.09,3121.42,1129.87,5107.88
5547.53,4875.31,1314.29,1497.38,8831.66,7911.91
5494.14,2908.68,7158.00,434.03,2871.35,271.69
6399.60,8169.67,1278.43,161.29,2243.65,638.57
7147.40,2925.41,9664.00,804.00,8282.09,2851.42
8790.82,2115.81,5740.54,979.58,4161.69,3835.08
1373.90,8512.59,4067.74,8326.47,3410.56,4378.31
1368.79,9329.19,5984.65,8955.90,5636.40,4398.45
1885.27,9212.14,9217.94,1361.59,2039.80,3362.27
5667.09,8120.37,9932.11,3086.35,8869.58,4080.32
9889.79,811.06,3947.35,9580.87,1809.32,5387.20
7275.19,706.72,5548.35,35.55,4265.18,521.90
5243.21,2414.36,1635.87,9988.31,8342.96,9658.44
5168.01,9079.61,3023.79,1955.37,9135.55,7461.66
9235.05,600.73,2656.72,36.91,4763.63,773.22
6242.60,2133.04,9069.19,1786.10,2605.74,5124.77
5436.41,3731.99,9628.29,6322.80,9697.04,7900.40
3055.99,5287.30,3213.84,2823.37,5163.73,2386.17
5772.57,2122.54,7379.04,88.06,3763.74,2978.85
9196.81,9874.18,890.89,472.40,7642.48,6537.93
1532.30,7078.98,9691.00,331.08,8286.66,7145.07
6146.04,9548.42,8445.13,6850.73,228.30,8395.33
61.98,5003.67,1114.12,5807.74,7307.20,7297.39
9155.54,4754.69,5056.75,7759.21,2972.77,9186.52
3673.22,3033.86,433.31,3859.51,7813.76,5908.58
2340.56,3497.30,2176.03,7157.69,6036.20,4224.33
5417.86,4468.55,1000.71,8221.81,780.42,4268.71
45.45,3081.08,7659.80,277.71,8115.31,1686.14
3991.96,5699.17,7615.34,9706.49,516.20,480.97
1601.72,1219.74,6611.39,394.76,5695.21,960.64
8685.56,4262.55,1753.54,2279.04,1842.28,8075.01
7778.02,4718.96,286.67,4942.21,2703.53,4471.21
5654.42,7730.32,343.49,8119.14,8429.50,6514.13
8631.74,9289.07,6984.86,5596.62,2271.67,175.14
8526.43,9249.22,4062.35,7254.31,4734.53,3963.62
2063.75,4231.93,922.91,7897.67,2674.94,1496.62
5218.24,7857.10,5937.18,9133.76,9553.75,1949.52
3553.21,5131.65,2933.73,915.65,8542.46,9632.68
4287.20,6381.68,3829.16,8669.79,2033.60,9400.77
1581.38,7934.96,1067.88,1187.70,965.23,2715.73
9452.43,7205.69,2296.02,5727.91,8434.13,7672.70
6191.74,2826.16,6562.32,3864.47,4629.16,3167.34
717.74,5682.71,6178.24,2500.74,3346.43,3889.21
5594.33,1803.09,7780.78,6258.27,9666.97,5798.93
5581.86,1310.64,5018.32,3407.62,7544.66,3889.05
4236.84,8287.85,8136.59,6847.86,1324.25,7187.35
5899.56,1402.12,4303.02,1761.50,6422.21,6311.95
7601.29,4735.30,447.11,4265.27,9907.58,5789.21
6214.59,9800.31,8508.56,1192.61,6214.02,1509.64
9210.75,4326.76,5312.13,3849.05,8456.66,5812.40
9136.60,1663.30,8762.35,164.12,1537.41,3418.08
3206.37,6639.49,9976.80,8908.97,3719.96,1196.02
8460.41,8667.73,7743.74,4251.79,9187.59,9502.53
9749.14,3985.26,66.81,2346.74,1857.10,2199.08
6322.96,4397.07,5832.21,9972.34,3105.12,2383.81
4231.09,5964.51,2862.39,1454.49,7341.62,812.74
3816.63,1288.78,7161.61,147.19,6651.77,9991.18
4582.20,1923.52,503.05,3285.26,9268.20,7157.40
2116.06,1958.79,3710.76,8241.25,8055.07,6068.19
3242.15,5591.84,1911.45,4768.27,4400.47,2944.97
5207.47,6299.46,3587.84,4040.75,4277.72,4547.98
6352.66,5672.13,4422.05,9513.58,5113.83,9370.01
8779.27,2255.13,4225.56,7404.25,1341.36,7315.75
5545.50,1401.27,3352.88,9111.07,3184.43,3152.15
8541.14,86.41,9062.11,2058.51,7258.37,3590.90
408.99,2158.27,7150.15,1163.77,9072.87,837.46
5618.68,6613.83,8107.62,1040.98,4175.71,6277.70
2875.23,4585.92,7207.78,6124.12,2765.87,993.00
3387.15,3996.11,3708.56,2635.26,4485.11,9035.94
6778.94,883.69,9902.78,6945.74,93.98,738.33
2424.99,5269.33,1145.50,650.49,8180.17,4552.08
8815.45,4399.06,191.41,6150.87,9351.96,5755.47
4873.55,9453.62,9891.73,4009.09,571.95,2828.44
1395.21,1624.29,2583.37,5040.57,1761.28,9454.31
2923.78,1918.84,4064.34,9973.47,3594.64,6358.63
2315.29,3715.15,345.29,7882.25,5130.59,7125.38
5518.47,6776.91,1283.35,7833.43,6402.98,659.39
7859.63,5169.28,4970.86,3159.43,96.94,1102.57
928.65,9521.35,2144.45,1920.23,9809.35,7951.06
3001.81,6511.20,1095.67,5946.20,8301.41,8329.87
5072.34,5297.34,8824.96,7870.87,6021.27,5145.56
1600.49,6802.02,5911.67,6833.16,1257.72,8263.27
7829.33,9343.57,8315.42,1208.43,6211.13,2239.91
8737.51,2267.87,63.67,4728.93,3957.33,7920.86
1936.86,4360.09,2133.62,6621.82,1743.28,4677.81
6015.69,8441.42,595.69,9349.22,2510.57,908.12
773.04,9403.09,4391.40,1273.56,8714.58,1519.50
6931.37,7789.78,4138.74,3051.58,5309.64,1078.64
8136.09,6426.09,5139.57,554.72,2812.89,4557.10
6417.79,4921.80,4923.22,901.71,5955.71,8955.86
2881.71,7738.16,3387.71,9671.06,4192.42,6186.72
2972.53,6045.56,9281.98,4266.60,9141.41,2399.22
7980.92,7311.86,1218.60,521.23,478.91,9921.90
7414.10,7536.48,6833.04,7250.83,4867.25,5234.36
609.03,2104.27,9323.79,783.65,1615.57,4028.34
687.14,3020.21,1441.71,8373.72,4440.35,900.26
8343.25,6028.67,6083.12,301.48,2943.17,634.65
1538.87,4771.05,2899.21,9818.54,73.21,4535.23
295.00,6296.22,5275.12,7870.30,5628.85,8712.80
2174.41,7942.73,7946.48,4219.05,4109.96,8527.67
2140.47,2371.52,7321.10,9166.96,3875.02,4853.53
4665.91,2922.76,1691.41,8365.86,1558.11,5849.82
6170.96,7498.95,8524.20,1706.99,2721.18,1895.20
2691.37,9564.98,4591.72,287.71,6398.84,981.73
8361.63,7869.87,5783.03,3332.68,590.60,2455.91
3754.83,5095.32,5919.99,9446.95,8081.97,5651.87
7025.88,6782.69,6161.19,7175.34,608.65,9419.87
2088.47,164.11,7150.04,3216.95,6750.81,3416.84
5637.21,7586.65,9388.09,3312.66,1362.21,9237.56
3468.45,5282.56,4104.43,235.67,4336.76,4645.35
5343.43,2344.01,4660.97,8912.00,4711.20,500.67
6210.27,6272.61,7838.32,1084.12,948.46,8495.08
9046.97,5934.72,7443.06,5653.10,526.83,6446.27
6635.88,947.76,1526.10,1220.98,1637.32,2233.26
1372.20,4014.32,9506.19,9814.46,7214.59,6405.25
911.01,9829.83,2765.03,7687.26,6157.20,1134.15
3679.75,9695.82,9074.53,5778.21,2590.41,2156.13
8444.67,5315.05,6477.13,5985.26,6156.10,693.67
4932.51,9671.57,4883.04,9546.40,3631.66,3016.25
3372.05,6162.09,5838.43,479.22,8586.40,3400.58
1925.53,9798.70,468.19,5159.49,3156.51,5618.41
4046.12,136.65,7198.49,5869.85,7804.47,9572.55
8262.99,6509.74,2633.95,7000.67,9598.63,446.36
9391.24,6655.42,1647.45,3068.14,9856.62,5362.86
3331.29,9401.53,9339.78,3087.54,5060.27,8143.47
2113.57,6204.57,5496.56,4381.97,7253.31,4360.65
4322.56,2364.71,8930.51,4122.97,5842.42,5222.00
7819.91,9160.30,5971.96,4881.65,4039.04,3145.50
4641.07,3771.88,7306.98,2237.67,7773.26,2372.74
7196.10,7467.26,7987.49,4949.15,8109.95,2497.66
1152.28,6238.52,5291.50,8633.82,5183.83,1436.04
3517.30,9056.77,658.62,3919.53,3334.40,8759.95
181.96,9770.25,6798.39,8069.42,5661.39,651.57
808.74,1321.95,1103.80,6967.79,8367.62,2404.12
8100.26,6394.81,9599.77,7518.10,7103.16,1540.29
3380.71,8348.76,6374.91,2333.72,7871.62,3956.71
2970.23,9299.18,5090.89,7023.68,1163.16,2996.57
2256.90,2537.67,7243.57,8968.75,4483.21,721.05
8624.23,3159.78,8011.62,8056.52,5442.25,435.00
577.11,3765.27,2181.40,3186.31,7616.97,2658.14
7470.63,5027.74,7377.24,8552.24,1730.43,6212.84
5630.46,9064.44,7500.96,7387.90,9902.64,5818.92
6912.98,7237.45,8633.02,9003.29,5297.93,1458.67
4490.10,6996.59,581.47,4098.90,7529.86,2308.02
2114.64,6622.49,3833.62,5525.83,3830.68,8549.09
6731.90,3263.96,6306.49,1186.94,9820.04,1080.95
7186.90,7274.95,8225.48,3131.37,7554.49,7162.96
9266.97,4425.37,1355.86,4751.31,7378.30,9727.84
2897.45,3064.69,4887.85,3183.93,1426.38,9663.29
8947.71,9881.88,267.42,3445.28,3667.93,1992.48
6863.74,9834.75,8550.64,8039.56,4912.68,2092.12
853.70,4630.80,2126.58,1603.68,4210.24,9495.35
5515.81,7118.72,5220.69,5174.87,1357.72,6298.39
5885.70,5951.21,4210.78,8060.41,512.20,4940.98
8919.16,281.86,4436.02,5278.16,3161.05,9689.75
9621.51,6640.36,7566.17,7901.15,4619.98,936.22
4307.26,278.18,4016.31,9469.73,5494.28,7195.91
9192.89,1298.01,5115.42,1013.53,3363.90,7287.26
4200.75,5680.60,2716.47,1761.17,3695.54,5907.68
7679.33,8394.79,4094.45,1605.99,4120.54,8631.42
8790.09,3242.64,2861.51,1263.17,8273.84,4079.32
9333.07,2851.34,1107.03,6762.70,3261.24,5158.69
1522.70,73.94,8773.15,425.74,7172.10,515.05
6977.09,4421.34,208.67,5102.07,5930.09,5567.88
4635.82,6403.48,2571.72,7963.78,6549.66,9805.02
7219.78,2440.01,9460.62,8154.10,9944.24,1935.37
2833.54,1091.09,1422.26,7629.22,9131.05,8472.53
2296.71,2204.03,442.99,9467.29,3590.82,6741.36
6914.07,4881.44,4352.00,8241.99,8497.78,5884.52
4675.88,3551.16,4837.45,6178.67,8668.92,497.77
1080.00,824.93,8253.02,1740.28,8235.60,7707.75
1374.59,7655.29,4507.74,4545.34,8383.19,413.18
9426.16,7293.96,3354.97,7191.44,8483.89,166.88
1284.61,5983.59,183.95,4860.00,8700.16,41.62
8713.49,644.25,8845.15,2889.44,470.15,9841.08
9485.01,8639.97,355.67,2696.64,2324.77,5339.78
1852.35,9878.04,5737.53,8965.51,8043.79,9924.34
6807.70,256.23,1543.23,4133.58,5207.25,3948.79
4495.72,7186.91,2489.81,9009.28,4078.25,2063.65
6778.73,8730.23,5577.22,4641.80,5735.20,7757.96
8289.37,6536.70,7244.63,5274.14,9293.24,8253.87
7872.40,7311.73,8968.36,1597.20,295.51,9976.03
5389.16,1231.35,7484.73,5632.70,982.57,8591.79
9692.39,527.06,6015.00,7190.12,7529.31,544.67
5861.47,591.21,4170.21,2936.06,6513.72,2808.09
3940.58,5879.00,9504.99,4212.95,7574.41,2397.78
8372.94,4594.97,4407.76,4169.57,6764.50,3346.03
9339.43,8925.55,2192.46,2875.89,9022.80,2547.07
6853.87,7801.77,6601.79,8379.24,3636.80,4351.67
30.75,7056.84,9868.19,9476.05,4787.14,1062.29
11.07,6819.58,1534.20,9008.78,2526.94,9298.50
2732.19,3090.76,9582.31,9783.46,9541.94,6295.14
5034.46,5257.65,9978.08,2895.35,2008.00,2398.03
4158.25,6276.66,6812.25,8676.89,554.84,7370.30
2896.07,7166.07,9476.76,9106.17,4123.25,7164.60
3002.89,7336.48,8015.59,9604.01,3233.75,7071.26
1379.28,1046.29,8794.61,6542.11,1458.62,242.82
806.05,3524.05,8385.88,6387.55,9933.30,3891.22
2867.77,9703.22,4431.15,3361.77,9082.76,5060.13
6650.56,8192.08,6969.37,5104.72,4136.48,7938.58
118.93,7023.73,2564.19,4987.79,5607.44,4130.27
3993.21,4740.31,9209.44,700.05,2543.02,7321.26
3526.38,7249.92,4738.49,9203.17,8240.37,2921.56
5927.58,6723.70,8881.92,3298.36,4483.00,2267.70
6220.47,4628.51,8946.01,8861.09,2177.46,6091.61
6223.81,4113.82,3694.44,7306.38,8874.80,1454.20
2039.98,2253.08,5246.43,853.81,9757.97,6499.61
9612.62,5265.09,2897.24,1149.80,5268.09,7947.31
3899.19,4941.64,6726.56,4093.17,3175.11,4999.70
3383.67,78.44,9982.69,2501.86,1996.15,4877.94
6274.02,9426.55,9738.30,3844.53,896.40,574.16
2068.66,3221.90,2158.65,2888.89,4287.16,7475.54
8659.98,2436.56,3596.04,6877.05,4750.24,9113.68
9060.37,2328.25,9261.03,8863.18,4563.59,8594.89
787.43,3941.42,5130.35,8972.64,6308.80,24.50
4605.70,6409.10,2554.61,1958.79,6222.04,8531.50
6110.33,9069.78,8441.90,7170.07,9836.41,2148.82
2229.66,3018.89,1484.52,9966.66,3629.40,5032.92
6252.75,7525.43,4182.37,6447.78,8864.46,773.01
3823.77,7991.78,1027.84,5957.53,7378.43,9822.03
6973.45,3229.88,4012.29,9209.02,4928.23,6836.74
688.94,8078.85,8426.23,5471.75,5583.20,8437.24
6302.45,4243.33,4359.59,990.48,6131.37,4759.89
9778.73,3878.92,4997.17,1093.71,7797.11,5341.86
1020.21,4085.82,8734.17,9634.92,2842.04,2341.94
7848.21,7508.41,5102.24,5981.09,1051.49,1324.29
2376.02,5457.82,7579.73,2628.78,740.29,1828.24
5193.21,4749.52,4842.94,5951.75,9733.38,9491.12
5551.59,3680.80,1151.71,3285.87,6910.43,3436.25
8640.15,2012.47,6956.91,9228.90,439.25,4589.83
3393.89,1968.13,3646.76,7429.68,4499.52,26.42
5778.66,6936.93,5258.23,7695.71,4271.25,4982.44
7252.11,5508.95,6877.64,6220.59,9988.65,4529.09
6726.64,8597.41,9140.28,2087.33,2304.22,1099.80
2335.91,1905.24,9444.03,6671.31,7645.10,9312.04
5085.72,8211.61,8010.93,9880.67,3420.11,2374.18
2425.67,6641.43,8615.49,3847.75,1716.29,5629.79
5892.17,8529.92,4015.69,4523.89,6311.92,4094.96
3162.08,8732.10,7818.10,4705.75,5107.37,1206.56
5579.27,1126.08,6170.16,2904.84,3256.49,8240.46
6623.63,2118.19,7950.47,4754.05,1951.91,4223.94
2789.33,5786.21,9831.41,8913.57,3162.41,6288.91
9403.35,7288.08,9699.53,336.58,2002.07,5754.88
9285.97,9238.66,417.41,4602.71,9127.33,6132.79
9486.82,1912.84,1860.16,5902.18,7055.17,2293.57
1189.99,964.87,3983.46,6730.65,9143.71,3573.58
4233.41,7783.20,2734.46,6435.89,5455.12,2493.28
4376.62,1559.45,837.92,4021.75,1212.83,4629.40
6317.68,2097.16,131.33,1496.35,6389.17,4314.18
1897.02,7825.14,1016.13,8558.97,7581.10,5279.58
1054.34,2302.22,9993.82,5413.80,2160.54,4623.80
6518.58,6329.98,5683.51,7141.27,8151.19,7593.36
9781.27,137.76,6929.77,671.12,3687.71,9549.91
1850.11,1563.82,2838.53,6378.30,1630.40,3888.28
9502.76,3802.95,6914.36,3681.19,1396.46,8137.29
8078.20,790.11,7988.38,200.30,3294.79,8120.78
6638.46,9191.87,1650.72,6111.31,8392.01,7906.29
9187.43,999.75,7549.14,6376.06,8547.22,6826.53
5821.65,50.37,188.90,6415.08,4294.09,5814.85
5056.41,7634.73,2858.23,5205.67,7895.41,7096.92
9000.33,3758.98,447.04,4645.25,7717.00,7913.78
4404.75,4302.69,7211.68,7857.62,1240.77,7258.50
9064.52,5876.23,9505.20,5848.26,426.54,1091.09
5703.71,500.55,962.23,5840.00,9596.43,3890.50
8897.94,1903.50,7834.85,9342.58,1365.05,4802.42
1045.01,4709.18,5733.76,5371.41,8765.95,4834.68
9627.99,1313.85,4390.50,3959.64,4140.79,8002.27
6115.62,1021.95,4797.40,5160.56,1137.92,3008.66
2054.40,5479.55,4861.87,811.82,8024.56,1398.31
7970.84,4991.66,8388.69,3292.50,4789.23,1837.43
2182.31,1316.71,8321.73,2074.66,1264.90,8523.21
5810.80,1460.45,9861.67,5534.22,8702.54,7328.82
9653.16,441.44,6838.56,3932.41,7636.69,2235.72
8803.27,3168.13,2511.19,6325.46,8066.74,9178.14
7275.17,8290.69,3547.40,2990.83,3657.48,7127.17
9237.94,6362.80,3284.30,2552.54,9372.25,8560.75
5020.32,4762.57,6311.68,8548.73,5962.32,4274.81
9510.86,9471.44,9125.58,3210.02,8158.80,3088.25
8992.85,9890.62,4670.63,8024.93,471.74,8008.35
5706.39,9817.22,409.44,1346.02,9392.81,1709.23
7818.61,1243.51,2111.33,2423.50,9774.12,4359.20
4926.38,3884.86,7492.85,3001.74,6599.03,8821.52
1504.87,7987.78,5728.74,4338.75,486.54,5171.50
6941.29,135.23,4412.98,5680.70,8746.87,6334.15
4332.17,4787.96,2167.51,3114.76,8494.85,7784.25
4116.90,2919.39,7975.29,568.16,6450.55,6359.68
8675.94,4959.42,9613.93,3032.63,2123.28,3444.61
5642.29,955.05,3261.91,2467.25,965.67,4431.84
2622.22,5017.37,4029.09,2137.80,5130.81,2339.17
8286.57,1410.27,9745.17,4863.44,6164.96,8384.03
9842.55,113.62,3827.58,4646.41,5068.78,8173.30
780.09,1203.32,7593.12,9572.96,4717.58,8108.15
4486.14,3728.90,5505.46,9496.76,6181.29,3575.60
7446.95,3930.16,1629.55,9613.51,3459.59,9056.23
1146.89,9905.59,8309.62,7903.89,5534.96,8498.85
4934.99,3233.96,1455.14,4473.72,115.52,8881.25
3200.98,1248.52,9374.59,6749.66,8281.09,3729.34
4830.24,6190.47,494.88,4849.55,859.99,7759.44
6289.78,5726.10,370.82,4222.86,167.06,7800.87
9928.94,3906.71,2520.21,5455.88,3678.55,403.76
4491.43,7609.26,2951.91,2860.68,3337.46,9908.72
7162.68,1338.60,3079.92,1061.13,6046.61,2433.93
5936.23,5179.69,5406.15,5484.41,2868.76,4224.50
3116.72,4601.68,3066.39,3780.46,9404.41,5692.91
4747.54,8656.49,6693.16,4305.89,2059.96,3039.46
2964.60,7396.22,238.84,5632.45,6705.33,5006.24
6976.72,5621.68,4150.35,4182.97,7585.36,4206.10
5983.57,1150.31,1281.55,6865.95,6737.45,2770.17
3644.30,7966.95,2536.77,5915.34,4216.11,6907.14
2802.74,8738.07,3601.94,6148.39,5296.64,5341.01
416.53,3541.27,6110.85,1356.83,8976.77,1376.29
291.77,3467.68,7045.52,8914.46,6767.21,1959.34
9686.04,6474.53,3192.46,168.34,854.67,3778.14
9463.53,5327.25,683.97,5844.96,8536.68,7960.84
229.14,7926.18,542.71,5631.49,8022.10,5464.34
9230.99,1695.69,1268.52,6805.14,8410.12,4167.46
8037.72,8465.36,5011.02,6002.17,869.27,6491.34
8061.07,8430.42,7217.65,4422.04,7162.85,5588.69
5390.36,8774.01,2594.19,5185.97,3584.47,3044.78
7703.27,5746.52,8711.43,3430.26,7788.91,2574.13
1857.79,7854.68,9836.50,9921.44,7215.40,8759.06
2200.77,7397.34,9834.27,3052.37,8754.91,6163.81
723.03,6375.56,1325.67,3473.36,3938.67,6807.30
76.42,3513.39,9138.93,7679.90,6249.68,4955.44
2025.68,3112.13,1082.25,723.38,9982.82,3338.97
6146.35,3971.88,8100.23,3207.89,5594.24,5336.02
6162.56,4980.26,2849.05,8788.37,7326.48,7805.64
6268.57,6355.97,9110.47,1561.46,5575.44,3158.52
3886.06,4317.93,1369.38,6328.61,7154.67,4145.42
6818.79,9860.93,4621.69,1428.86,8957.87,2324.53
9208.02,8175.39,642.35,3864.09,7496.56,3513.15
3957.14,2314.88,6093.34,9503.57,634.91,7908.86
426.27,7003.62,8843.13,1694.77,2444.25,7008.46
8210.81,4337.59,1415.29,2937.56,8115.17,6160.52
2550.65,4198.00,2473.59,5514.77,7106.89,9554.87
9913.33,1880.91,4878.56,9103.35,8840.68,157.64